"Crop Year","RM","Canola - bu/ac","Spring Wheat - bu/ac"
"2012","1","22.3","36.2"
"2012","2","28.6","37.2"
"2012","3","25.1","39.4"
"2012","4","21.6","31.6"
"2012","5","26.8","29"
"2012","6","22.3","29.1"
"2012","7","25.8","30.3"
"2012","8","23.7","26.9"
"2012","9","22.5","22.2"
"2012","10","21.7","22.1"
"2012","11","24.6","28.4"
"2012","12","22.2","32.9"
"2012","17","","32.1"
"2012","18","","29.3"
"2012","19","16","25.7"
"2012","31","25.1","34"
"2012","32","24.7","33.6"
"2012","33","25.5","32.2"
"2012","34","28.2","33.8"
"2012","35","25.7","28.2"
"2012","36","23.1","30.3"
"2012","37","24.2","28.4"
"2012","38","26.5","24.2"
"2012","39","26.5","26"
"2012","40","21.9","26.4"
"2012","42","22.2","32"
"2012","43","21.5","32.4"
"2012","44","20","27.4"
"2012","45","18.1","30.4"
"2012","46","13","32.9"
"2012","49","23.8","31.7"
"2012","51","18.7","29.4"
"2012","61","24.8","41"
"2012","63","26.8","37.4"
"2012","64","28.7","34.2"
"2012","65","30","36.2"
"2012","66","22.1","30.1"
"2012","67","22.1","29.5"
"2012","68","24.9","23.4"
"2012","69","20.7","16.8"
"2012","70","25.2","25.9"
"2012","71","26.5","31.5"
"2012","72","26.6","32.3"
"2012","73","28.9","32.2"
"2012","74","20.7","27"
"2012","75","23.7","28.1"
"2012","76","25","31.1"
"2012","77","25.3","28.9"
"2012","78","22.2","31.7"
"2012","79","27.9","30.6"
"2012","91","24","39.4"
"2012","92","23.3","39"
"2012","93","18.6","34.2"
"2012","94","26.6","31.7"
"2012","95","22.2","38.2"
"2012","96","24.4","31.8"
"2012","97","27.1","30.8"
"2012","98","31.3","29.7"
"2012","99","32.6","37.8"
"2012","100","32","26"
"2012","101","23.4","27.1"
"2012","102","32.3","27.1"
"2012","103","28.4","19.9"
"2012","104","26.2","30.4"
"2012","105","24.5","28.6"
"2012","106","29.2","26.6"
"2012","107","29.8","28.9"
"2012","108","27.9","34.2"
"2012","109","28.4","28.4"
"2012","110","23.2","33.8"
"2012","111","32.5","37.8"
"2012","121","19.9","35.4"
"2012","122","19","37.8"
"2012","123","21.4","40.3"
"2012","124","21.8","27.9"
"2012","125","20.9","36"
"2012","126","22.7","40.1"
"2012","127","24.5","36"
"2012","128","32.6","38.5"
"2012","129","31","30.9"
"2012","130","35.6","32.8"
"2012","131","30.3","39.9"
"2012","132","29","33.5"
"2012","133","20.7","26.2"
"2012","134","24.5","25.6"
"2012","135","25.7","34.2"
"2012","136","25","29.6"
"2012","137","29","32.5"
"2012","138","29.9","35.6"
"2012","139","29.6","34.9"
"2012","141","35","33.4"
"2012","142","33.2","36.7"
"2012","151","21.3","34.5"
"2012","152","20","34.9"
"2012","153","15.9","28.8"
"2012","154","22.9","33.9"
"2012","155","22.2","32"
"2012","156","26.9","34"
"2012","157","24.7","33.9"
"2012","158","26.2","35.8"
"2012","159","33","38.8"
"2012","160","37","53.3"
"2012","161","31.9","34.7"
"2012","162","24.5","36.7"
"2012","163","17.5","24.9"
"2012","164","24.5","29.3"
"2012","165","26.8","35.2"
"2012","166","28.7","31.3"
"2012","167","27.8","30.5"
"2012","168","26.3","33.2"
"2012","169","30.7","36.7"
"2012","171","26.9","33.3"
"2012","181","20.8","33.7"
"2012","183","18.8","32.9"
"2012","184","19.9","28.5"
"2012","185","21.6","32"
"2012","186","25.1","34.7"
"2012","187","25.4","31.2"
"2012","189","28","36.8"
"2012","190","24.8","33.4"
"2012","191","25.7","47.5"
"2012","193","27.7","31.1"
"2012","194","21.5","27"
"2012","211","19.1","33.1"
"2012","213","20.5","31.7"
"2012","214","20.4","28.8"
"2012","215","23.5","27.7"
"2012","216","19.5","31.5"
"2012","217","21.2","36.5"
"2012","218","22.6","34.4"
"2012","219","21.6","35.8"
"2012","220","23.2","36.1"
"2012","221","23.3","35"
"2012","222","22.9","33"
"2012","223","26.3","37.4"
"2012","224","23.4","31.2"
"2012","225","26.2","32.5"
"2012","226","26.7","27.6"
"2012","228","30.1","31.5"
"2012","229","32","33.6"
"2012","230","27.1","39"
"2012","231","29.1","35.5"
"2012","232","32.2","35.3"
"2012","241","16","28.4"
"2012","243","21.6","36.7"
"2012","244","25.7","30.1"
"2012","245","21.2","25.3"
"2012","246","17.7","28.6"
"2012","247","25.8","28.7"
"2012","248","24.7","32.8"
"2012","250","26.4","35.2"
"2012","251","28.9","35.2"
"2012","252","25.9","37.8"
"2012","253","25.3","39.9"
"2012","254","23.1","34.4"
"2012","255","26.1","30.4"
"2012","256","20.9","27.3"
"2012","257","23.7","30"
"2012","259","27","29.8"
"2012","260","25.6","28.4"
"2012","261","26.5","30.8"
"2012","271","23.3","33.1"
"2012","273","20.8","33.6"
"2012","274","19.9","29.5"
"2012","275","17.1","33.8"
"2012","276","21.1","32.9"
"2012","277","18.4","30"
"2012","279","30","50.5"
"2012","280","28.3","43.2"
"2012","281","26.2","40.6"
"2012","282","21.7","33.1"
"2012","283","26.2","34.4"
"2012","284","27.4","29.2"
"2012","285","22.7","27.6"
"2012","286","22.5","26.2"
"2012","287","25.1","32.9"
"2012","288","21.1","31.1"
"2012","290","23.2","35"
"2012","292","19.7","30.4"
"2012","301","12.7","26.8"
"2012","303","20.7","40.1"
"2012","304","20.5","31.8"
"2012","305","21","33.7"
"2012","307","25.9","36.7"
"2012","308","25.2","37.2"
"2012","309","30.9","41.8"
"2012","310","27.9","49.4"
"2012","312","27.6","39.4"
"2012","313","26.5","35.6"
"2012","314","23.5","34.8"
"2012","315","25.6","34.9"
"2012","316","24.6","37.7"
"2012","317","24.7","28.9"
"2012","318","26","38.9"
"2012","319","22.7","29.2"
"2012","320","20.4","26.4"
"2012","321","18.7","27.4"
"2012","322","31.5","24.8"
"2012","331","15.8","37"
"2012","333","21.4","36.1"
"2012","334","24.5","35.8"
"2012","335","19.2","35.6"
"2012","336","26.4","37.3"
"2012","337","25.2","40.6"
"2012","338","32.7","45.6"
"2012","339","24.3","42.5"
"2012","340","25.3","36.7"
"2012","341","26.1","36.2"
"2012","342","28.2","36.9"
"2012","343","27.3","36.3"
"2012","344","20.3","30.3"
"2012","345","28.3","41.6"
"2012","346","23.1","33.4"
"2012","347","25.8","36"
"2012","349","22.4","34"
"2012","350","24.7","36.4"
"2012","351","22.1","33.9"
"2012","352","25.5","34.4"
"2012","366","16.2","36.7"
"2012","367","20.8","35.7"
"2012","368","28.1","47.4"
"2012","369","27.5","49.4"
"2012","370","25.9","42.7"
"2012","371","24.7","37.2"
"2012","372","26.1","35"
"2012","373","20.8","23.2"
"2012","376","21.7","28.7"
"2012","377","26.9","34.9"
"2012","378","25.7","32.7"
"2012","379","25.4","34.7"
"2012","380","28.2","36.9"
"2012","381","22.9","37.7"
"2012","382","25.3","42"
"2012","394","21.9","46.4"
"2012","395","21.4","34.4"
"2012","397","18.6","44"
"2012","398","24","41.3"
"2012","399","27.5","42.8"
"2012","400","22.3","38.7"
"2012","401","24.2","33"
"2012","402","21.4","32.7"
"2012","403","29.4","38.4"
"2012","404","28.9","41.5"
"2012","405","22","35.6"
"2012","406","26.1","31.4"
"2012","409","22.9","35.2"
"2012","410","29","49.4"
"2012","411","25","43.4"
"2012","426","20.4","33.3"
"2012","427","21.6","41.1"
"2012","428","22.8","36"
"2012","429","21.7","34.5"
"2012","430","18.5","36"
"2012","431","21.7","35.7"
"2012","434","25.7","36.6"
"2012","435","23.4","30.7"
"2012","436","26.2","32.9"
"2012","437","27.8","41.5"
"2012","438","28.6","35.6"
"2012","439","30.7","40.2"
"2012","440","31.7","40.9"
"2012","442","35.5","45"
"2012","456","25.4","37.2"
"2012","457","22.2","36.5"
"2012","458","21.1","36.1"
"2012","459","22.2","30.7"
"2012","460","22.8","32.7"
"2012","461","25.8","34.1"
"2012","463","29","36.4"
"2012","464","30.5","50.4"
"2012","466","28.7","47.1"
"2012","467","28.2","40.8"
"2012","468","31.6","49.5"
"2012","469","29.7","43.8"
"2012","470","32.2","49.5"
"2012","471","29.8","47.4"
"2012","472","27.4","43.2"
"2012","486","20.3","35.9"
"2012","487","22.9","40.5"
"2012","488","22.6","39.9"
"2012","490","24.9","37.5"
"2012","491","27.9","42.3"
"2012","493","30.5","45.3"
"2012","494","25.4","40.6"
"2012","496","27","53.1"
"2012","497","29.1","47.6"
"2012","498","28.7","46.9"
"2012","499","31.3","51.9"
"2012","501","28.7","43.6"
"2012","502","30.5","48.8"
"2012","520","27.1","40.8"
"2012","555","21",""
"2012","561","26.9","50"
"2012","588","25","46.3"
"2012","622","28.1","67.5"
"2013","1","32.1","47.4"
"2013","2","33.2","48.4"
"2013","3","35.2","46.3"
"2013","4","31.3","42.2"
"2013","5","35.1","34.6"
"2013","6","38.2","47.6"
"2013","7","42","48.6"
"2013","8","35.7","34"
"2013","9","37.7","37.1"
"2013","10","31.8","23.4"
"2013","11","33","29.5"
"2013","12","33.9","43.8"
"2013","17","","42.5"
"2013","18","32.4","38.5"
"2013","19","41.2","38.4"
"2013","31","33.5","41.7"
"2013","32","33.6","42.9"
"2013","33","35.8","42.9"
"2013","34","36.7","44.2"
"2013","35","36.3","45.6"
"2013","36","39","36.5"
"2013","37","33.6","38.8"
"2013","38","38","36.7"
"2013","39","41","37.2"
"2013","40","27.6","29.9"
"2013","42","35.5","35.8"
"2013","43","30.3","33"
"2013","44","32","33.3"
"2013","45","","34.7"
"2013","46","","29.1"
"2013","49","42.8","40.7"
"2013","51","29.2","31.4"
"2013","61","23.1","42.4"
"2013","63","32.1","47.3"
"2013","64","37","39.1"
"2013","65","36","31.5"
"2013","66","28.8","39.8"
"2013","67","37.9","47.7"
"2013","68","38.3","35.7"
"2013","69","31.4","23.2"
"2013","70","31.3","29.8"
"2013","71","29.9","33.7"
"2013","72","38.6","44.3"
"2013","73","35.3","39.3"
"2013","74","33.5","36.3"
"2013","75","31.6","41.5"
"2013","76","50","44.5"
"2013","77","38.6","38.8"
"2013","78","37.9","39.2"
"2013","79","28.6","36.9"
"2013","91","39.5","53.9"
"2013","92","35.4","52.4"
"2013","93","43.5","49.8"
"2013","94","37.1","50.5"
"2013","95","40.3","55.3"
"2013","96","40.6","47"
"2013","97","37.6","43.1"
"2013","98","42.1","58.5"
"2013","99","41.9","23.3"
"2013","100","42.7","29.9"
"2013","101","36.7","30"
"2013","102","45.7","61.5"
"2013","103","40.5","36.1"
"2013","104","37","36.2"
"2013","105","34.4","34.4"
"2013","106","32.3","42.6"
"2013","107","41.1","38"
"2013","108","35.3","38.6"
"2013","109","39.6","42.2"
"2013","110","","29.9"
"2013","111","31.6","38.1"
"2013","121","40","58.2"
"2013","122","37.3","56.7"
"2013","123","39.6","53.7"
"2013","124","36","46.2"
"2013","125","38.5","47"
"2013","126","34.1","51.5"
"2013","127","42.2","48.2"
"2013","128","41.5","62.3"
"2013","129","44.4","40.8"
"2013","130","40.8","41.7"
"2013","131","39.5","48.2"
"2013","132","42.8","38.9"
"2013","133","42.3","40.9"
"2013","134","36.3","37.8"
"2013","135","43.3","40.6"
"2013","136","33.6","43"
"2013","137","40.4","45.2"
"2013","138","43.2","47.1"
"2013","139","34.8","42"
"2013","141","47.9","36.9"
"2013","142","30.2","37.4"
"2013","151","40.2","54.9"
"2013","152","41.3","49.9"
"2013","153","33.1","47.1"
"2013","154","35.9","51.6"
"2013","155","35.5","55"
"2013","156","42.3","52.4"
"2013","157","39.8","52.6"
"2013","158","40.7","49.8"
"2013","159","42.5","51.3"
"2013","160","45.6","58.1"
"2013","161","47.2","59.7"
"2013","162","48.7","44.4"
"2013","163","37","38.2"
"2013","164","22.8","27.2"
"2013","165","37.4","45.6"
"2013","166","41.7","39.4"
"2013","167","41.5","46.8"
"2013","168","42.8","39"
"2013","169","37.9","30"
"2013","171","38.8","38.3"
"2013","181","43.9","58.5"
"2013","183","40.5","53.8"
"2013","184","33.7","42.2"
"2013","185","38","48.2"
"2013","186","42.7","55.4"
"2013","187","48.2","52.3"
"2013","189","46.3","60.1"
"2013","190","32.6","42.8"
"2013","191","53.7","62"
"2013","193","42.1","47.3"
"2013","194","38.8","38.7"
"2013","211","38.3","55.5"
"2013","213","33.6","49.7"
"2013","214","33","48.2"
"2013","215","35.9","48.6"
"2013","216","37.2","45.1"
"2013","217","37.3","55.7"
"2013","218","37.3","47.6"
"2013","219","39.5","47.3"
"2013","220","40.3","48.8"
"2013","221","36.1","44.3"
"2013","222","44.7","48.8"
"2013","223","37.5","44.3"
"2013","224","40.3","42.6"
"2013","225","32.7","46.2"
"2013","226","36.5","37.6"
"2013","228","39","39.7"
"2013","229","42","37.1"
"2013","230","40.7","33.9"
"2013","231","36.2","38.8"
"2013","232","37.9","36.6"
"2013","241","37.6","51.2"
"2013","243","38","51"
"2013","244","39.7","51.2"
"2013","245","38.1","46.7"
"2013","246","36.1","43.8"
"2013","247","38.1","42.3"
"2013","248","37.6","54.9"
"2013","250","40.1","48.5"
"2013","251","38.3","54.1"
"2013","252","39.5","44.3"
"2013","253","37.1","46.9"
"2013","254","35.5","48.1"
"2013","255","39.9","41.6"
"2013","256","31.2","41.1"
"2013","257","44.6","50.3"
"2013","259","43.9","52.3"
"2013","260","42.2","44.5"
"2013","261","36.7","42.4"
"2013","271","45.8","63.6"
"2013","273","38.4","51.3"
"2013","274","41","51.7"
"2013","275","36.7","47.7"
"2013","276","35.9","52.3"
"2013","277","33.9","46.4"
"2013","279","41.3","70.7"
"2013","280","39.8","51.3"
"2013","281","39","51.7"
"2013","282","39.9","44.6"
"2013","283","38.2","45"
"2013","284","39.2","39.7"
"2013","285","37.1","37"
"2013","286","42.5","48.1"
"2013","287","42.1","50.4"
"2013","288","44","46.2"
"2013","290","41.4","50.6"
"2013","292","32","45.5"
"2013","301","42.3","56.2"
"2013","303","43.9","61"
"2013","304","42.2","53.2"
"2013","305","39.7","50.6"
"2013","307","43.1","50.4"
"2013","308","37.4","46.6"
"2013","309","40.5","70.3"
"2013","310","42.9","63.5"
"2013","312","36.5","55.5"
"2013","313","34.2","49.7"
"2013","314","37.6","43.9"
"2013","315","51.3","54.9"
"2013","316","48.1","58"
"2013","317","44.3","43.4"
"2013","318","40.4","51.3"
"2013","319","40.1","45.5"
"2013","320","40.7","43.4"
"2013","321","38.2","42.1"
"2013","322","34","35.3"
"2013","331","36.3","55.6"
"2013","333","40.3","62.5"
"2013","334","41.7","61.4"
"2013","335","34.9","47"
"2013","336","40.9","54.4"
"2013","337","39","52.1"
"2013","338","43.7","70"
"2013","339","36.4","54.9"
"2013","340","33.3","48"
"2013","341","32.9","53.6"
"2013","342","35.9","51.1"
"2013","343","44.4","56.3"
"2013","344","36.8","41.7"
"2013","345","43","52.3"
"2013","346","40","50"
"2013","347","40","52.1"
"2013","349","39.2","49.2"
"2013","350","44.2","51.6"
"2013","351","36.8","48.6"
"2013","352","36","49.8"
"2013","366","35.9","47.3"
"2013","367","39.8","53.4"
"2013","368","41.9","68"
"2013","369","37.9","61.6"
"2013","370","39.8","54.2"
"2013","371","33.8","44.3"
"2013","372","31.1","35.9"
"2013","373","35.3","48.7"
"2013","376","36.6","43.5"
"2013","377","38.7","56.2"
"2013","378","34.2","40.5"
"2013","379","45.7","52.7"
"2013","380","36.8","53.2"
"2013","381","35.7","56.9"
"2013","382","35.3","49.5"
"2013","394","46.9","68.8"
"2013","395","38.8","49.9"
"2013","397","44.4","53.7"
"2013","398","39.9","60.5"
"2013","399","32.2","50"
"2013","400","38.3","54.3"
"2013","401","36.1","49.6"
"2013","402","34.3","42.6"
"2013","403","36.9","53.3"
"2013","404","42.8","66"
"2013","405","42.2","46.7"
"2013","406","41.1","51"
"2013","409","37.9","51"
"2013","410","44.3","62.7"
"2013","411","36.3","48.9"
"2013","426","42.1","56"
"2013","427","42","61.4"
"2013","428","35.6","53.2"
"2013","429","26.9","41.1"
"2013","430","27.5","43.9"
"2013","431","36.4","52"
"2013","434","42.1","55"
"2013","435","32.8","46.3"
"2013","436","37.6","47"
"2013","437","43.7","55.5"
"2013","438","39.7","48.9"
"2013","439","40.7","57.9"
"2013","440","42.7","50.1"
"2013","442","39.3","55.5"
"2013","456","42.7","47.1"
"2013","457","36.5","53.8"
"2013","458","33.4","49.9"
"2013","459","29.6","39.4"
"2013","460","37.5","49.8"
"2013","461","37.1","44.5"
"2013","463","44","48.6"
"2013","464","41.8","60.6"
"2013","466","35.5","47.3"
"2013","467","37.7","53.5"
"2013","468","42.4","59.4"
"2013","469","38.6","51.8"
"2013","470","47.1","57.1"
"2013","471","46.6","55.3"
"2013","472","41.5","61.8"
"2013","486","35.7","56.7"
"2013","487","37.2","45.1"
"2013","488","25.3","44.9"
"2013","490","26.2","39.3"
"2013","491","31.7","45.6"
"2013","493","37","50"
"2013","494","33.5","49.2"
"2013","496","39.1","58.5"
"2013","497","39","55.6"
"2013","498","35.3","62.3"
"2013","499","38.1","55.4"
"2013","501","39","55.5"
"2013","502","42.5","55.4"
"2013","520","30","41.7"
"2013","555","28.9","59.9"
"2013","561","34.8","56.2"
"2013","588","38","56.6"
"2013","622","42.2","67.5"
"2014","1","26.21",""
"2014","2","28.73",""
"2014","3","36.44","37.41"
"2014","4","32.7","43.42"
"2014","5","31.02","35.57"
"2014","6","35.04","38"
"2014","7","37.37","51.91"
"2014","8","30.49","23.48"
"2014","9","35.71","28.8"
"2014","10","30.45","24.89"
"2014","11","32.52","35.94"
"2014","12","33.33","45.05"
"2014","17","","35.32"
"2014","18","","29.16"
"2014","19","30.98","27.78"
"2014","31","23.88","34.87"
"2014","32","24.8","29.11"
"2014","33","31.84","38.23"
"2014","34","31.44","33.65"
"2014","35","31.75","32.24"
"2014","36","26.72","30.16"
"2014","37","30.16","31.98"
"2014","38","32.46","35.69"
"2014","39","40.45","37.12"
"2014","40","35.12","31.87"
"2014","42","35.43","35.61"
"2014","43","25.92","28.36"
"2014","44","22.44","25.83"
"2014","45","","24.04"
"2014","46","","32.46"
"2014","49","28.75","38.58"
"2014","51","20.6","33.95"
"2014","61","22.25","31.14"
"2014","63","28.74","35.12"
"2014","64","37.1","39.96"
"2014","65","23.58","33.17"
"2014","66","26.62","29.98"
"2014","67","32.61","40.25"
"2014","68","31.46","27.92"
"2014","69","27.82","19.75"
"2014","70","30.21","26.2"
"2014","71","30.47","30.96"
"2014","72","35.71","38.46"
"2014","73","38.77","33.37"
"2014","74","26.87","36.21"
"2014","75","29.74","30.54"
"2014","76","33.5","42.8"
"2014","77","31.45","36.73"
"2014","78","27.37","26.39"
"2014","79","29.39","31.4"
"2014","91","27.95","27.87"
"2014","92","25.4","38.42"
"2014","93","28.3","37.97"
"2014","94","29.99","34.92"
"2014","95","29.39","36.82"
"2014","96","29.37","37.38"
"2014","97","32.25","34.95"
"2014","98","40.94","51.89"
"2014","99","45.08","32.2"
"2014","100","35.07","21.71"
"2014","101","29.03","25.09"
"2014","102","42.17","30.76"
"2014","103","41.15","39.49"
"2014","104","29.69","34.7"
"2014","105","28.54","27.93"
"2014","106","28.97","27.76"
"2014","107","26.19","37.72"
"2014","108","36.28","33.6"
"2014","109","35.72","38.86"
"2014","110","29.84","36.79"
"2014","111","34.36","43.5"
"2014","121","28.66","44.26"
"2014","122","28.07","39.78"
"2014","123","28.1","39.73"
"2014","124","29.64","35.8"
"2014","125","30.6","39.71"
"2014","126","32.29","38.27"
"2014","127","32.56","41.1"
"2014","128","41.7","31.9"
"2014","129","36.31","32.7"
"2014","130","28.09","31.58"
"2014","131","35.61","40.56"
"2014","132","37.84","32.25"
"2014","133","39.86","30.84"
"2014","134","32.51","29.54"
"2014","135","30.62","33.84"
"2014","136","35.17","31.59"
"2014","137","40.4","37.09"
"2014","138","45.38","40.59"
"2014","139","34.1","37.9"
"2014","141","32.56","32.06"
"2014","142","33.12","38.29"
"2014","151","28.71","42.37"
"2014","152","29.49","39.83"
"2014","153","25.69","29.08"
"2014","154","31.47","38.19"
"2014","155","30.84","40.22"
"2014","156","36.5","45.57"
"2014","157","30","35.25"
"2014","158","28.48","28.79"
"2014","159","32.07","30.64"
"2014","160","41.66","36.57"
"2014","161","42.36","39.21"
"2014","162","47.83","34.84"
"2014","163","36.56","38.98"
"2014","164","35.12","27.54"
"2014","165","32.48","31.46"
"2014","166","36.25","36.2"
"2014","167","40","29.53"
"2014","168","41.15","29.22"
"2014","169","49.75","39.1"
"2014","171","30.49","36.24"
"2014","181","32.49","45.81"
"2014","183","29.1","42.82"
"2014","184","26.02","33.33"
"2014","185","22.51","30.79"
"2014","186","24.57","35.34"
"2014","187","38.13","46.24"
"2014","189","28.55","37.48"
"2014","190","24.93","25.55"
"2014","191","31.82","40.96"
"2014","193","32.67","38.58"
"2014","194","32.8","31.09"
"2014","211","26.97","47.78"
"2014","213","28.87","34.6"
"2014","214","27.04","30.31"
"2014","215","22.84","33.58"
"2014","216","28.56","34.63"
"2014","217","26.84","41.42"
"2014","218","29.46","32.96"
"2014","219","28.27","33.57"
"2014","220","24.52","29.28"
"2014","221","26.92","31.78"
"2014","222","32.6","39.33"
"2014","223","30.91","38.24"
"2014","224","24.23","33.22"
"2014","225","35.47","34.27"
"2014","226","41.99","29.8"
"2014","228","44.18","45.64"
"2014","229","41.33","41.25"
"2014","230","32.91","36.12"
"2014","231","36.96","40.71"
"2014","232","37.16","35.18"
"2014","241","27.02","39.61"
"2014","243","37.28","51.65"
"2014","244","31.5","40.97"
"2014","245","24.81","33.17"
"2014","246","24.55","32.98"
"2014","247","26.99","34.54"
"2014","248","24.66","33.43"
"2014","250","27.06","30.5"
"2014","251","21.67","34.59"
"2014","252","28.15","33.76"
"2014","253","26.47","31.37"
"2014","254","31.21","38.26"
"2014","255","37.88","35.7"
"2014","256","28.26","30.62"
"2014","257","42.28","42.25"
"2014","259","41.7","42.7"
"2014","260","45.38","36.05"
"2014","261","35.28","40.63"
"2014","271","38.46","49.07"
"2014","273","31.72","45.2"
"2014","274","29.52","46.81"
"2014","275","23.96","37.1"
"2014","276","26","37.59"
"2014","277","27.73","36.38"
"2014","279","",""
"2014","280","26.77","33.51"
"2014","281","19.14","30.15"
"2014","282","27.07","35.12"
"2014","283","33.64","40.98"
"2014","284","33.22","35.51"
"2014","285","32.61","29.82"
"2014","286","37.63","37.78"
"2014","287","32.4","37.41"
"2014","288","34.49","35.28"
"2014","290","42.78","39.95"
"2014","292","35.19","34.26"
"2014","301","24.96","44.73"
"2014","303","36.88","53.01"
"2014","304","31.55","46.26"
"2014","305","27.77","36.07"
"2014","307","23.71","37.45"
"2014","308","29.67","36.84"
"2014","309","32.77","46.8"
"2014","310","32.27","42.06"
"2014","312","27.69","35.94"
"2014","313","28.98","38.51"
"2014","314","35.44","39.31"
"2014","315","46.09","47.79"
"2014","316","40.45","46.89"
"2014","317","32.12","33.46"
"2014","318","29.69","25.75"
"2014","319","35.42","35.92"
"2014","320","34.81","34.25"
"2014","321","34.06","41.67"
"2014","322","32.34","37.69"
"2014","331","30.37","45.94"
"2014","333","39.25","59.42"
"2014","334","35.32","51.04"
"2014","335","26.85","39.41"
"2014","336","35.67","38.63"
"2014","337","29.99","40.23"
"2014","338","36.57","48.85"
"2014","339","25.65","40.64"
"2014","340","24.44","36.44"
"2014","341","28.4","34.92"
"2014","342","32.76","42.46"
"2014","343","33.33","45.29"
"2014","344","33.15","38.72"
"2014","345","39.75","46.04"
"2014","346","38.48","48.86"
"2014","347","37.46","44.29"
"2014","349","39.04","42.69"
"2014","350","36.24","43.6"
"2014","351","34.17","36.7"
"2014","352","33.62","36.52"
"2014","366","31.76","40.01"
"2014","367","30.07","44.9"
"2014","368","31.58","49.88"
"2014","369","33.35","46.74"
"2014","370","31.29","37.96"
"2014","371","30.18","36.15"
"2014","372","29.28","33.1"
"2014","373","33.48","41.34"
"2014","376","33.95","37.54"
"2014","377","42.52","44.46"
"2014","378","33.57","42.5"
"2014","379","36.44","47.01"
"2014","380","36.83","45.78"
"2014","381","31.42","40.08"
"2014","382","30.7","32.49"
"2014","394","35.53","57.58"
"2014","395","35.28","50.53"
"2014","397","30.82","44.2"
"2014","398","29.43","43.1"
"2014","399","35.25","49.12"
"2014","400","29.1","41.25"
"2014","401","31.18","39.49"
"2014","402","30.74","36.6"
"2014","403","43.68","52.44"
"2014","404","40.62","53.75"
"2014","405","36.79","46.21"
"2014","406","38.24","47.5"
"2014","409","39.21","47.04"
"2014","410","37.25","50.36"
"2014","411","37.46","43.28"
"2014","426","34.27","52.48"
"2014","427","32.36","52.22"
"2014","428","27.86","42.27"
"2014","429","25.49","42.42"
"2014","430","26.86","37.74"
"2014","431","34","41.61"
"2014","434","39.47","49.26"
"2014","435","33.67","43.81"
"2014","436","34.79","40.3"
"2014","437","39.21","48.47"
"2014","438","41.15","43.12"
"2014","439","47.03","53.41"
"2014","440","43.42","55.57"
"2014","442","40.73","47.56"
"2014","456","30.19","48.24"
"2014","457","24.44","41.5"
"2014","458","26.69","38.81"
"2014","459","25.75","39.24"
"2014","460","25.7","34.34"
"2014","461","29.88","35.78"
"2014","463","42.96","49.39"
"2014","464","37.69","48.18"
"2014","466","39.32","48.8"
"2014","467","36.95","45.2"
"2014","468","38.62","48.41"
"2014","469","38.97","55.47"
"2014","470","43.42","54.16"
"2014","471","38.08","55.71"
"2014","472","38.09","53.31"
"2014","486","30.13","42.26"
"2014","487","32.99","44.05"
"2014","488","24.89","40.48"
"2014","490","23.48","36.59"
"2014","491","24.08","39.86"
"2014","493","33.33","45.35"
"2014","494","31.74","42.5"
"2014","496","37.83","58.03"
"2014","497","38.96","47.22"
"2014","498","31.44","50.08"
"2014","499","38.63","50.44"
"2014","501","39.55","53.06"
"2014","502","37.59","47.14"
"2014","520","26.38","38.26"
"2014","555","33.86","72.15"
"2014","561","33.64","48.59"
"2014","588","30.53","49.87"
"2014","622","28.3","45.26"
"2015","1","28.65","34.32"
"2015","2","29.45","36.63"
"2015","3","31.04","36.46"
"2015","4","25.39","28.78"
"2015","5","30.6","31.26"
"2015","6","31.42","30.56"
"2015","7","33.19","28.42"
"2015","8","29.22","25.66"
"2015","9","","23.72"
"2015","10","28.18","13.79"
"2015","11","21.67","17.79"
"2015","12","33.4","27.54"
"2015","17","33.17","29.62"
"2015","18","","20.52"
"2015","19","28.76","23.46"
"2015","31","31.38","39.95"
"2015","32","34.79","39.91"
"2015","33","32.69","32.73"
"2015","34","29.63","38.06"
"2015","35","27.35","29.75"
"2015","36","29.27","25.76"
"2015","37","31.82","29.04"
"2015","38","29.45","27.33"
"2015","39","28.8","28.95"
"2015","40","26.86","25.82"
"2015","42","37.93","27.47"
"2015","43","20.48","24.82"
"2015","44","37.74","21.32"
"2015","45","32.5","29.2"
"2015","46","","40.74"
"2015","49","28","33.83"
"2015","51","15.67","25.53"
"2015","61","31.43","38.76"
"2015","63","34.48","41.39"
"2015","64","32.49","39.57"
"2015","65","26.78","34.25"
"2015","66","28.89","36.69"
"2015","67","27.13","33.48"
"2015","68","25.7","16.37"
"2015","69","29.67","14.87"
"2015","70","32.81","18.72"
"2015","71","33.44","27.19"
"2015","72","31.94","43.06"
"2015","73","36.82","30.79"
"2015","74","35.17","33.01"
"2015","75","38.25","37.3"
"2015","76","42.17","31.82"
"2015","77","36.87","34.95"
"2015","78","33.38","23.37"
"2015","79","31.56","27.49"
"2015","91","35.24","44.22"
"2015","92","36.07","40.8"
"2015","93","38.81","41.29"
"2015","94","26.07","34.42"
"2015","95","37.53","38.49"
"2015","96","32.58","33.7"
"2015","97","38.06","33.6"
"2015","98","37.4","35.72"
"2015","99","40.25","13.4"
"2015","100","24.95","16.97"
"2015","101","23.98","19.54"
"2015","102","39.37","32.9"
"2015","103","38.11","27.11"
"2015","104","37.41","27.6"
"2015","105","37.35","32"
"2015","106","29.79","34.93"
"2015","107","36.44","34.91"
"2015","108","33.56","40.85"
"2015","109","33.81","39.53"
"2015","110","32.74","30.63"
"2015","111","17.79","20.87"
"2015","121","37.75","48.63"
"2015","122","37.33","44.36"
"2015","123","34.43","40.74"
"2015","124","35.47","38.21"
"2015","125","34.87","40.69"
"2015","126","31.47","38.08"
"2015","127","33.44","33.39"
"2015","128","37.17","32.52"
"2015","129","29.89","20.16"
"2015","130","35.56","29.55"
"2015","131","24.64","28.49"
"2015","132","20.12","16.12"
"2015","133","27.32","23.98"
"2015","134","30.86","21.29"
"2015","135","27.43","30.59"
"2015","136","32.37","32.63"
"2015","137","39.42","32.71"
"2015","138","39.63","46.49"
"2015","139","30.71","32.1"
"2015","141","32.85","34.47"
"2015","142","25.7","30.47"
"2015","151","39.18","37.61"
"2015","152","43.27","41.44"
"2015","153","34.06","34.39"
"2015","154","36.44","43.52"
"2015","155","36.07","43.98"
"2015","156","44.32","43.41"
"2015","157","40.16","41.03"
"2015","158","38.63","34.47"
"2015","159","41.81","15.38"
"2015","160","32.18","33.12"
"2015","161","31.69","38.82"
"2015","162","23.39","23.2"
"2015","163","23.15","16.96"
"2015","164","29.51","24.78"
"2015","165","34.72","30.94"
"2015","166","25.24","29.21"
"2015","167","32.59","30.46"
"2015","168","32.41","19.49"
"2015","169","31.48","29.95"
"2015","171","23.32","32.41"
"2015","181","41.11","47.25"
"2015","183","36.55","46.34"
"2015","184","34.18","34.7"
"2015","185","36.81","37.73"
"2015","186","41.2","46.11"
"2015","187","39.5","44.09"
"2015","189","36.52","37.5"
"2015","190","32.4","30.68"
"2015","191","34.07","34.74"
"2015","193","32.12","30.03"
"2015","194","28.68","29.08"
"2015","211","39","43.97"
"2015","213","41.08","42.89"
"2015","214","32.76","36.14"
"2015","215","31.91","38.45"
"2015","216","36.41","40.22"
"2015","217","34.23","37.46"
"2015","218","35.89","34.37"
"2015","219","31.65","31.53"
"2015","220","36.87","33.87"
"2015","221","36.17","34.39"
"2015","222","41.79","44.75"
"2015","223","39.04","30.01"
"2015","224","34.82","32.65"
"2015","225","32.35","35.64"
"2015","226","35.96","29.3"
"2015","228","37.07","41.56"
"2015","229","30.21","18.66"
"2015","230","20.58","35.37"
"2015","231","27.82","36.28"
"2015","232","32.34","29.74"
"2015","241","36.05","37.48"
"2015","243","41.19","48.44"
"2015","244","38.5","42.1"
"2015","245","32.91","35.95"
"2015","246","28.34","31.4"
"2015","247","30.06","32.24"
"2015","248","32.19","30.73"
"2015","250","35.22","32.85"
"2015","251","33.4","37.82"
"2015","252","35.59","42.86"
"2015","253","35.81","34.21"
"2015","254","36.89","36.41"
"2015","255","40.13","38.7"
"2015","256","31.67","31.41"
"2015","257","37.83","31.1"
"2015","259","37.12","30.01"
"2015","260","32.16","34.49"
"2015","261","29.14","36.69"
"2015","271","41.62","47.91"
"2015","273","40.12","45.43"
"2015","274","40.98","34.66"
"2015","275","40.16","33.81"
"2015","276","30.3","38.86"
"2015","277","31.71","34.24"
"2015","279","",""
"2015","280","37.95","40.46"
"2015","281","35.76","39.17"
"2015","282","32.43","31.73"
"2015","283","40.43","35.55"
"2015","284","39.6","41.54"
"2015","285","36.21","37.78"
"2015","286","39.21","34.53"
"2015","287","39.42","41.19"
"2015","288","35.31","36.4"
"2015","290","33.86","41.6"
"2015","292","18.93","24.67"
"2015","301","40","35.43"
"2015","303","43.87","38.64"
"2015","304","42.18","39.88"
"2015","305","38.67","43.33"
"2015","307","36.48","40.92"
"2015","308","35.68","40.96"
"2015","309","41.94","57.14"
"2015","310","41.18","43.72"
"2015","312","37.37","43.74"
"2015","313","32.88","40.6"
"2015","314","40.72","39.46"
"2015","315","46.58","46.82"
"2015","316","39.73","39.02"
"2015","317","34.62","35.81"
"2015","318","38.62","38.32"
"2015","319","33.56","36.83"
"2015","320","29.81","25.9"
"2015","321","30.43","26.63"
"2015","322","21.56","20.03"
"2015","331","40.08","35.31"
"2015","333","37.97","34.87"
"2015","334","37.87","43.01"
"2015","335","40.15","41.33"
"2015","336","41.87","42.21"
"2015","337","40.37","48.61"
"2015","338","44.19","52.65"
"2015","339","38.52","43.63"
"2015","340","37.56","40.57"
"2015","341","34","39.71"
"2015","342","40.42","40.12"
"2015","343","38.84","43.51"
"2015","344","32.63","30.99"
"2015","345","40.76","40.54"
"2015","346","37.92","40.94"
"2015","347","37.44","41.23"
"2015","349","30.45","33.23"
"2015","350","34.21","36.97"
"2015","351","29.52","30.03"
"2015","352","31.37","32.19"
"2015","366","38.94","47.68"
"2015","367","43.38","48.83"
"2015","368","41.38","59.93"
"2015","369","39.4","54.48"
"2015","370","39.38","44.73"
"2015","371","37.7","41.16"
"2015","372","35.01","35.21"
"2015","373","40.92","38.76"
"2015","376","35.03","32.44"
"2015","377","42.17","43.92"
"2015","378","35.7","38.05"
"2015","379","37.31","37.27"
"2015","380","39.62","33.81"
"2015","381","29.26","31.46"
"2015","382","32.29","39.28"
"2015","394","36.33","36.83"
"2015","395","48.57","42.91"
"2015","397","52.19","48.49"
"2015","398","56.69","55.88"
"2015","399","57.93","52.18"
"2015","400","53.16","47.89"
"2015","401","40.89","46.92"
"2015","402","48.81","40.26"
"2015","403","42.06","49.79"
"2015","404","50.09","59.26"
"2015","405","39.67","44.19"
"2015","406","42.91","43.73"
"2015","409","41.67","42.55"
"2015","410","43.48","49.15"
"2015","411","38.75","44.1"
"2015","426","37.5","46.13"
"2015","427","40.37","51.4"
"2015","428","43.37","48.24"
"2015","429","39.92","51.29"
"2015","430","40.53","43.29"
"2015","431","44.08","46.05"
"2015","434","41.77","45.38"
"2015","435","32.93","42.83"
"2015","436","39.06","44.34"
"2015","437","42.02","45.73"
"2015","438","37.83","33.87"
"2015","439","46.22","46.64"
"2015","440","47.42","45.55"
"2015","442","40.09","46.9"
"2015","456","42.17","46.31"
"2015","457","37.91","47.39"
"2015","458","38.6","44.86"
"2015","459","42.06","46.6"
"2015","460","35.05","39.43"
"2015","461","37.2","36.61"
"2015","463","46.63","46.09"
"2015","464","44.56","44.74"
"2015","466","40.55","47.09"
"2015","467","43.08","44.85"
"2015","468","44.31","46.39"
"2015","469","41.45","43.46"
"2015","470","51.87","50.21"
"2015","471","44.42","49.11"
"2015","472","40.77","44.28"
"2015","486","40.51","45.99"
"2015","487","38.22","44.9"
"2015","488","37.89","47"
"2015","490","36.71","38.27"
"2015","491","34.47","47.53"
"2015","493","46.81","47.67"
"2015","494","43.03","42.55"
"2015","496","46.62","55.57"
"2015","497","41.78","44.66"
"2015","498","41.73","48.78"
"2015","499","40.27","47.99"
"2015","501","43.66","40.12"
"2015","502","43.49","34.49"
"2015","520","40.62","42.79"
"2015","555","45.8","42.8"
"2015","561","41.32","31.71"
"2015","588","41.7","41.73"
"2015","622","46.3","51.84"
"2016","1","32.1","40.5"
"2016","2","31","40.3"
"2016","3","37.3","46"
"2016","4","35.6","45.4"
"2016","5","32.1","26.5"
"2016","6","34.8","33"
"2016","7","37.9","44.9"
"2016","8","40.4","35.9"
"2016","9","",""
"2016","10","40.3",""
"2016","11","42.6","33.5"
"2016","12","38.9","38.4"
"2016","17","44.7","34.2"
"2016","18","","25.2"
"2016","19","44.6","25.5"
"2016","31","36.6","46.7"
"2016","32","35.8","41.8"
"2016","33","40.5","47.9"
"2016","34","35.5","52.3"
"2016","35","33","38.4"
"2016","36","31","32.6"
"2016","37","35.6","36.6"
"2016","38","40.7","29.5"
"2016","39","46.6","36.3"
"2016","40","37.1","24.1"
"2016","42","50.9","40.5"
"2016","43","37.3","28.9"
"2016","44","47.1","25"
"2016","45","",""
"2016","46","","50.8"
"2016","49","26.8","32.8"
"2016","51","36","34.1"
"2016","61","33.6","42.5"
"2016","63","38.5","50.4"
"2016","64","37.9","44.9"
"2016","65","34.1","43.1"
"2016","66","39.5","40.4"
"2016","67","35.5","41.7"
"2016","68","42.7","31.9"
"2016","69","37.6","29.4"
"2016","70","39.8","35.9"
"2016","71","40.1","36.6"
"2016","72","47.9","62.5"
"2016","73","40.9","40.7"
"2016","74","42.3","22.2"
"2016","75","48.3","49.5"
"2016","76","46.1","49.4"
"2016","77","41.8","21.9"
"2016","78","51.6","40.5"
"2016","79","48.7","23.7"
"2016","91","36.7","49.3"
"2016","92","40.3","48.6"
"2016","93","39.3","49.9"
"2016","94","35.5","42.7"
"2016","95","40.1","46.5"
"2016","96","37.9","37.6"
"2016","97","41.2","40.3"
"2016","98","46.3","49.6"
"2016","99","48.4",""
"2016","100","44.3","31.3"
"2016","101","40.6","27.9"
"2016","102","48.4","22.6"
"2016","103","44.4","44.9"
"2016","104","44.3","28"
"2016","105","39.9","30.3"
"2016","106","29.1","38.7"
"2016","107","45","31.9"
"2016","108","44.7","38.2"
"2016","109","43.6","48.2"
"2016","110","","35.8"
"2016","111","55.6","54.6"
"2016","121","38.3","51"
"2016","122","39.1","47.6"
"2016","123","41.8","49.9"
"2016","124","44","47"
"2016","125","42.4","46.2"
"2016","126","42.9","45.1"
"2016","127","41.2","44.2"
"2016","128","48.9","48.6"
"2016","129","44.5","41.1"
"2016","130","47.9","47.7"
"2016","131","42.4","42.3"
"2016","132","42.6","32.6"
"2016","133","54.2","31.1"
"2016","134","39.1","36.8"
"2016","135","45.4","38.7"
"2016","136","41.8","34.9"
"2016","137","53.3","40.9"
"2016","138","47.4","49.8"
"2016","139","44.2",""
"2016","141","52.9","47"
"2016","142","42.1","36"
"2016","151","38.3","47.7"
"2016","152","38.7","45.7"
"2016","153","40.9","40.1"
"2016","154","41.5","44.9"
"2016","155","43.6","53.8"
"2016","156","47.5","52.7"
"2016","157","41.2","45.3"
"2016","158","46","48.4"
"2016","159","48.2","44"
"2016","160","46.4","44.4"
"2016","161","46.6","35.8"
"2016","162","50.7","50"
"2016","163","47.8","36.6"
"2016","164","38.4","36.7"
"2016","165","41","39.8"
"2016","166","45.2","39.6"
"2016","167","41.3","41.7"
"2016","168","51.4","27.8"
"2016","169","56.6","45"
"2016","171","39.2","47.8"
"2016","181","37.1","41.2"
"2016","183","35.7","40.9"
"2016","184","32.8","32.1"
"2016","185","36","44"
"2016","186","44.2","48.3"
"2016","187","43.6","48"
"2016","189","42.5","39.8"
"2016","190","36.3","38.6"
"2016","191","48.8","55.4"
"2016","193","46.2","36.9"
"2016","194","44.2","35"
"2016","211","44","47.2"
"2016","213","39.7","48.8"
"2016","214","38","39.1"
"2016","215","40.8","41.9"
"2016","216","34.2","46"
"2016","217","41.9","43.9"
"2016","218","34.2","38.6"
"2016","219","37.1","41.4"
"2016","220","41.4","40.5"
"2016","221","35.3","40.5"
"2016","222","46.5","47.2"
"2016","223","44.3","40.1"
"2016","224","50.7","48.8"
"2016","225","41.5","53"
"2016","226","46.7","43"
"2016","228","37.8","35.8"
"2016","229","55.5","24.2"
"2016","230","50.8","32.6"
"2016","231","50.5","38.7"
"2016","232","43.9","45.9"
"2016","241","39.1","38.4"
"2016","243","51.8","52.8"
"2016","244","41.3","42.1"
"2016","245","39.6","45.2"
"2016","246","48.1","44.6"
"2016","247","37.6","36.1"
"2016","248","39.4","34.5"
"2016","250","42.3","38.5"
"2016","251","43.4","43"
"2016","252","38.4","40.5"
"2016","253","35.6","40.2"
"2016","254","39.8","42.6"
"2016","255","44.3","43.2"
"2016","256","39.2","39.5"
"2016","257","47.8","38.9"
"2016","259","44.1","47"
"2016","260","44.1","34"
"2016","261","47.7","52.3"
"2016","271","52.5","58.6"
"2016","273","43.3","51"
"2016","274","44.6","47"
"2016","275","35.7","38.2"
"2016","276","35.9","43.2"
"2016","277","36.4","37.8"
"2016","279","",""
"2016","280","42.7","46.2"
"2016","281","37.1","46.7"
"2016","282","32.5","42.4"
"2016","283","43.7","47.1"
"2016","284","39.3","43.4"
"2016","285","41.2","41.5"
"2016","286","33.1","32.3"
"2016","287","42.2","48.3"
"2016","288","39.4","37"
"2016","290","37.5","36.4"
"2016","292","45.5","39.1"
"2016","301","46.2","50.3"
"2016","303","47.5","53.4"
"2016","304","44","48.1"
"2016","305","41.2","43.9"
"2016","307","37.5","45.8"
"2016","308","39.3","44.4"
"2016","309","40.8","47.7"
"2016","310","39.9","53.1"
"2016","312","38.7","41.1"
"2016","313","37.1","38.5"
"2016","314","44","42.5"
"2016","315","46.1","50"
"2016","316","44.7","56.3"
"2016","317","37.8","40"
"2016","318","42.2","41"
"2016","319","40.2","45.2"
"2016","320","40","37.5"
"2016","321","40.7","42.9"
"2016","322","42.6","52.4"
"2016","331","49.2","54.6"
"2016","333","45.8","53.3"
"2016","334","41.1","51.6"
"2016","335","44","41.5"
"2016","336","40.1","45.5"
"2016","337","38.3","49.3"
"2016","338","47.4","54.2"
"2016","339","42.1","53.1"
"2016","340","37.7","42.1"
"2016","341","36.7","42.6"
"2016","342","41.5","44.6"
"2016","343","39.6","43.6"
"2016","344","38.5","42.8"
"2016","345","41.2","52.5"
"2016","346","44.2","51.8"
"2016","347","40.7","48.8"
"2016","349","44.3","50.6"
"2016","350","37.9","48.3"
"2016","351","37.8","46"
"2016","352","41.7","51.1"
"2016","366","29.9","46"
"2016","367","41.5","47"
"2016","368","44.5","62.6"
"2016","369","44.3","60.4"
"2016","370","43.8","44.5"
"2016","371","39.2","45.1"
"2016","372","39.6","45.5"
"2016","373","39.1","47.7"
"2016","376","35.4","39.5"
"2016","377","48.4","48.5"
"2016","378","39.4","45.3"
"2016","379","46.1","51.2"
"2016","380","43.3","52.8"
"2016","381","44.1","49.2"
"2016","382","42.3","51.6"
"2016","394","33.7","44.1"
"2016","395","31.9","40.9"
"2016","397","46.6","43.3"
"2016","398","41.6","48.5"
"2016","399","46.9","51.4"
"2016","400","44.2","50.1"
"2016","401","40.6","46.2"
"2016","402","33.1","43.6"
"2016","403","46.9","49.8"
"2016","404","48.2","56.1"
"2016","405","41.2","48.8"
"2016","406","42.4","47.6"
"2016","409","47","55.1"
"2016","410","45.7","60.5"
"2016","411","48.5","51.2"
"2016","426","37.8","53.2"
"2016","427","45.1","51.5"
"2016","428","43","48.6"
"2016","429","42.1","47.4"
"2016","430","40.7","46.5"
"2016","431","44.4","43.9"
"2016","434","51.3","52.9"
"2016","435","42.5","46.5"
"2016","436","41.9","46.1"
"2016","437","43.7","50.3"
"2016","438","44.5","45.7"
"2016","439","48.9","60"
"2016","440","47.6","58.9"
"2016","442","45.6","52.1"
"2016","456","35.9","46.4"
"2016","457","35.3","46.9"
"2016","458","40.8","50.3"
"2016","459","44","49.4"
"2016","460","43.4","47.4"
"2016","461","40.3","42"
"2016","463","47","47.7"
"2016","464","50.4","55.2"
"2016","466","45.9","49.9"
"2016","467","45.4","46.4"
"2016","468","44.4","57.7"
"2016","469","46.5","56.6"
"2016","470","50.5","56.1"
"2016","471","42.3","62.7"
"2016","472","46.1","60.6"
"2016","486","28.8","37.7"
"2016","487","42","44.1"
"2016","488","40.9","42"
"2016","490","39","46.5"
"2016","491","40.4","49.6"
"2016","493","47.8","51.7"
"2016","494","41.2","46.9"
"2016","496","50.1","58"
"2016","497","48.2","59.9"
"2016","498","45.5",""
"2016","499","49.4","59.5"
"2016","501","46.6","55.1"
"2016","502","45.5","54.7"
"2016","520","48","47.9"
"2016","555","46.8","54.8"
"2016","561","47.9","60.2"
"2016","588","46","52.9"
"2016","622","48.6","67.4"
"2017","1","39.19","45.97"
"2017","2","33.77","44.32"
"2017","3","32.55","42.78"
"2017","4","29.46","39.11"
"2017","5","24.72","35.69"
"2017","6","15.69","23"
"2017","7","14.08",""
"2017","8","14.2","17.17"
"2017","9","17.31",""
"2017","10","11","17"
"2017","11","6.94",""
"2017","12","12.05","14.44"
"2017","17","18.38","11.47"
"2017","18","","8.27"
"2017","19","5.75","22.29"
"2017","31","35.44","41.11"
"2017","32","31.41","41.59"
"2017","33","30.35","37.11"
"2017","34","30.26","46.18"
"2017","35","35.58","41.51"
"2017","36","26.94","28.3"
"2017","37","15.44","17.7"
"2017","38","13.34","21.17"
"2017","39","17.83","21.62"
"2017","40","11.57","12.56"
"2017","42","14.91","14.94"
"2017","43","9.49","16.98"
"2017","44","17.56","12.34"
"2017","45","9.33","11.34"
"2017","46","12.63","12.5"
"2017","49","17.52",""
"2017","51","14.48","18.35"
"2017","61","35.76","51.34"
"2017","63","33.82","52.04"
"2017","64","32.5","42.31"
"2017","65","24.75","34.99"
"2017","66","22.92","35.53"
"2017","67","19.96","27.7"
"2017","68","17.01","15.03"
"2017","69","20.8","15.26"
"2017","70","16.86","17.95"
"2017","71","18.1","24.23"
"2017","72","24.84","25.77"
"2017","73","24.44","35.36"
"2017","74","24.66","23.99"
"2017","75","19.88","25.06"
"2017","76","18.39","22.38"
"2017","77","20.62",""
"2017","78","22.11","25"
"2017","79","19.4","25.48"
"2017","91","38.21","54.25"
"2017","92","40.66","51.41"
"2017","93","37.93","49.87"
"2017","94","28.88","42.19"
"2017","95","31.97","47.09"
"2017","96","31.44","42.34"
"2017","97","28.3","33.59"
"2017","98","26.61","39.07"
"2017","99","27.03","19.22"
"2017","100","29.08","35.55"
"2017","101","23.55","15.1"
"2017","102","21.89","15.07"
"2017","103","29.58","21.53"
"2017","104","33.1","32.66"
"2017","105","26.3","34.59"
"2017","106","27.45","24.72"
"2017","107","30.03","28.09"
"2017","108","22.6","21.95"
"2017","109","27.65","35.61"
"2017","110","","20.91"
"2017","111","33.47","40.68"
"2017","121","43.71","64.45"
"2017","122","31.48","45.07"
"2017","123","35.85","43.75"
"2017","124","33.34","42.69"
"2017","125","35.72","46.09"
"2017","126","31.22","40.99"
"2017","127","26.14","39.57"
"2017","128","25.3","40.7"
"2017","129","30.68","38.61"
"2017","130","27.64","47.71"
"2017","131","21.5","29.36"
"2017","132","19.81","27.97"
"2017","133","23.31","24.74"
"2017","134","22.4","26.54"
"2017","135","29.61","27.05"
"2017","136","28.23","39.41"
"2017","137","30.31","33.95"
"2017","138","28.5","47.35"
"2017","139","26.02","34.39"
"2017","141","22.02","30.03"
"2017","142","17.71","32.39"
"2017","151","39.56","45.32"
"2017","152","37.45","49.79"
"2017","153","31.03","43.43"
"2017","154","37.78","53.18"
"2017","155","38.91","50.33"
"2017","156","41.83","51.67"
"2017","157","30.26","47.17"
"2017","158","30.45","40.88"
"2017","159","27.52","39.59"
"2017","160","34.64","49.6"
"2017","161","33.76","52.31"
"2017","162","34.19","39.81"
"2017","163","27.04","31.28"
"2017","164","24.44","24.3"
"2017","165","27.58","36.45"
"2017","166","25.37","32.32"
"2017","167","34.9","40.49"
"2017","168","30.68","33.65"
"2017","169","37.59","42.75"
"2017","171","22.07","34.95"
"2017","181","39.57","54.71"
"2017","183","32.62","45.16"
"2017","184","32.02","45.41"
"2017","185","33.29","43.71"
"2017","186","38.59","49.92"
"2017","187","37","48.5"
"2017","189","27.16","39.79"
"2017","190","25.21","31.57"
"2017","191","35.51","53.61"
"2017","193","32.69","37.95"
"2017","194","30.64","37.62"
"2017","211","41.76","52.85"
"2017","213","35.85","46.41"
"2017","214","31.24","42.52"
"2017","215","30.1","40.07"
"2017","216","32.5","44.05"
"2017","217","35.71","47.53"
"2017","218","34.95","44.13"
"2017","219","33.74","37.91"
"2017","220","29.91","34.92"
"2017","221","35.93","48.59"
"2017","222","31.08","53.46"
"2017","223","27.36","37.91"
"2017","224","37.22","42.05"
"2017","225","28.98","34.09"
"2017","226","28.03","49.27"
"2017","228","32.21","41.52"
"2017","229","28.52","50.76"
"2017","230","23.29","41.57"
"2017","231","32.71","40.71"
"2017","232","30","33.97"
"2017","241","39.16","49.13"
"2017","243","47.97","51.8"
"2017","244","41.96","53.01"
"2017","245","35.89","44.87"
"2017","246","34","39.87"
"2017","247","31.77","40.56"
"2017","248","27.59","42.26"
"2017","250","31.87","44.35"
"2017","251","33.79","41.02"
"2017","252","30.81","42.38"
"2017","253","32.93","47.01"
"2017","254","33.56","44.83"
"2017","255","29.07","39.44"
"2017","256","26.99","39.44"
"2017","257","36.53","41.76"
"2017","259","33.9","53.21"
"2017","260","28.27","44.25"
"2017","261","30.78","40.06"
"2017","271","51.46","63.39"
"2017","273","44.52","56.45"
"2017","274","46.36","51.71"
"2017","275","41.08","43.75"
"2017","276","37.27","51.48"
"2017","277","37.34","46.83"
"2017","279","",""
"2017","280","35.2","45.45"
"2017","281","38.54","46.69"
"2017","282","34.7","49.69"
"2017","283","31.87","45.24"
"2017","284","39.3","41.7"
"2017","285","33.72","38.07"
"2017","286","33.75","40.6"
"2017","287","41.82","51.88"
"2017","288","36.15","41.08"
"2017","290","31.04","46.61"
"2017","292","27.98","50.62"
"2017","301","48.92","59.81"
"2017","303","52.89","64.87"
"2017","304","47.36","60.43"
"2017","305","47.64","61.34"
"2017","307","38.72","49.51"
"2017","308","46.56","57.11"
"2017","309","40.52","56.37"
"2017","310","38.95","54.15"
"2017","312","36.97","40.99"
"2017","313","35.82","44.94"
"2017","314","32.64","45.42"
"2017","315","40.12","48.38"
"2017","316","37.08","53.96"
"2017","317","37.27","45.12"
"2017","318","44.29","52.83"
"2017","319","40.22","45.17"
"2017","320","32.35","39.49"
"2017","321","24.91","35.87"
"2017","322","21.77","22.47"
"2017","331","49.19","61.06"
"2017","333","49.42","67.96"
"2017","334","47.26","58.66"
"2017","335","43.42","43.66"
"2017","336","44.19","53.91"
"2017","337","47.3","64.68"
"2017","338","52.95","66.65"
"2017","339","42.28","57.34"
"2017","340","32.53","43.37"
"2017","341","42.64","45.49"
"2017","342","40.73","50.36"
"2017","343","45.42","52.35"
"2017","344","41.63","44.19"
"2017","345","42.25","51.76"
"2017","346","43.86","48.04"
"2017","347","35.17","46.85"
"2017","349","36.21","45.62"
"2017","350","37.33","48.76"
"2017","351","30.05","46.99"
"2017","352","29.86","38.04"
"2017","366","33.66","47.11"
"2017","367","43.97","56"
"2017","368","44.07","69.99"
"2017","369","49.57","63.33"
"2017","370","46.3","54.06"
"2017","371","38.46","49.5"
"2017","372","36.99","39.99"
"2017","373","30.76","46.88"
"2017","376","35.93","42.07"
"2017","377","40.92","46.71"
"2017","378","36.8","40.51"
"2017","379","38","46.14"
"2017","380","46.18","53.72"
"2017","381","41.7","53.06"
"2017","382","26.1","37.22"
"2017","394","37.59","54.69"
"2017","395","39.49","55.16"
"2017","397","43.83","45.7"
"2017","398","42.86","61.51"
"2017","399","48.22","57.75"
"2017","400","39.97","55.16"
"2017","401","43.9","54.18"
"2017","402","40.19","48.2"
"2017","403","43.36","53.06"
"2017","404","49.18","56.87"
"2017","405","43.32","48.41"
"2017","406","37.69","41.18"
"2017","409","43.98","51.62"
"2017","410","46","60.3"
"2017","411","40.94","52.36"
"2017","426","45.2","58.73"
"2017","427","42.48","56.12"
"2017","428","42.69","58.05"
"2017","429","39.42","51.96"
"2017","430","40.81","48.49"
"2017","431","51.42","54.4"
"2017","434","47.14","51.38"
"2017","435","39.01","45.76"
"2017","436","34.51","48.97"
"2017","437","41.25","49.94"
"2017","438","37.1","48.2"
"2017","439","47.81","65.64"
"2017","440","46.33","62.29"
"2017","442","46.17","60.73"
"2017","456","34.75","55.28"
"2017","457","36.58","47.92"
"2017","458","40.43","54.91"
"2017","459","41.1","44.19"
"2017","460","41.66","53.95"
"2017","461","38.24","43.65"
"2017","463","43.41","51.4"
"2017","464","45.2","54.2"
"2017","466","42.37","54.75"
"2017","467","37.1","48.04"
"2017","468","41.1","52.77"
"2017","469","46.31","58.19"
"2017","470","",""
"2017","471","39.3","57.66"
"2017","472","44.03","66.46"
"2017","486","29.91","48.43"
"2017","487","39.18","53.5"
"2017","488","32.67","47.32"
"2017","490","35.66","54.79"
"2017","491","37.26","53.09"
"2017","493","47.95","56.95"
"2017","494","44.65","56.53"
"2017","496","43.4","57.82"
"2017","497","43.46","52.92"
"2017","498","40.07","67.85"
"2017","499","46.39","58.84"
"2017","501","45.72","54.22"
"2017","502","45.07","56.51"
"2017","520","39.03","52.99"
"2017","555","43.06",""
"2017","561","43","61.46"
"2017","588","34.06","47.91"
"2017","622","43.06","59.49"
"2018","1","39.2","50"
"2018","2","33.8","44.4"
"2018","3","32.6","46.6"
"2018","4","36","46"
"2018","5","29.9","39.1"
"2018","6","24.8","37"
"2018","7","25","49"
"2018","8","23.6","31"
"2018","9","39","15"
"2018","10","16","21"
"2018","11","21.3",""
"2018","12","16.7","19.4"
"2018","17","28",""
"2018","18","18","34"
"2018","19","5","19.1"
"2018","31","35.4","44.1"
"2018","32","32.3","44.7"
"2018","33","32.9","41.7"
"2018","34","36.4","46.2"
"2018","35","35.6","41.5"
"2018","36","32","35.1"
"2018","37","25.7","27.8"
"2018","38","23.3","34.3"
"2018","39","31.6","37.5"
"2018","40","30","17.8"
"2018","42","34","28"
"2018","43","15.5","18.5"
"2018","44","18","15.1"
"2018","45","30","13"
"2018","46","","26"
"2018","49","25",""
"2018","51","13.5","21.9"
"2018","61","34.6","51.5"
"2018","63","39.4","55"
"2018","64","38","44.4"
"2018","65","33.6","40.7"
"2018","66","31.5","42.1"
"2018","67","29.5","31.4"
"2018","68","31.5","31"
"2018","69","24.9","20.8"
"2018","70","25","26"
"2018","71","26.5","37"
"2018","72","28.3","40"
"2018","73","24.9","35"
"2018","74","24.7","24"
"2018","75","24","26"
"2018","76","15","23.5"
"2018","77","20.6",""
"2018","78","22.1",""
"2018","79","24.5","40"
"2018","91","38.9","54"
"2018","92","40.7","53.2"
"2018","93","40.5","49.8"
"2018","94","39.6","53"
"2018","95","37","50.5"
"2018","96","41.8","55.1"
"2018","97","42.9","40"
"2018","98","37.3","65"
"2018","99","39","26"
"2018","100","33.5","25"
"2018","101","28.5","21"
"2018","102","35","25"
"2018","103","29.6","35"
"2018","104","35.8","34"
"2018","105","27.6","26.5"
"2018","106","23.7","25.5"
"2018","107","28.4","22"
"2018","108","26.5","29"
"2018","109","26.5","31"
"2018","110","","20"
"2018","111","36","33.5"
"2018","121","47","67"
"2018","122","35","55.5"
"2018","123","40.9","47.3"
"2018","124","33.3","46.6"
"2018","125","39.5","50.7"
"2018","126","36.6","46.4"
"2018","127","36.7","45.4"
"2018","128","37.2","51.9"
"2018","129","43.5","47.6"
"2018","130","33.3","47.7"
"2018","131","25.5","28.3"
"2018","132","17","31"
"2018","133","37","36"
"2018","134","25.7","21.4"
"2018","135","25","19.2"
"2018","136","27","40"
"2018","137","27","36"
"2018","138","28.5","30.3"
"2018","139","26","33"
"2018","141","","41"
"2018","142","20.4","29.2"
"2018","151","42.6","53.4"
"2018","152","40.6","54.3"
"2018","153","34.8","62"
"2018","154","37.8","53.2"
"2018","155","39.7","51.3"
"2018","156","42","59"
"2018","157","37.1","54.1"
"2018","158","37.2","44.7"
"2018","159","38.8","43.8"
"2018","160","37.3","41.2"
"2018","161","37.4","46.5"
"2018","162","49","43.9"
"2018","163","44","41"
"2018","164","30","33"
"2018","165","31.9","33.6"
"2018","166","28.2","32.3"
"2018","167","33.4","27.9"
"2018","168","33.4","28.5"
"2018","169","33","33"
"2018","171","22.1","30"
"2018","181","39.6","56.4"
"2018","183","37.5","50.4"
"2018","184","32","49.7"
"2018","185","36.8","47.1"
"2018","186","41.3","53.5"
"2018","187","38.4","51.7"
"2018","189","32.1","38.1"
"2018","190","25.2","31"
"2018","191","46.5","56"
"2018","193","38.5","41.7"
"2018","194","40","42"
"2018","211","36.9","52.8"
"2018","213","35.9","54.1"
"2018","214","36.1","45"
"2018","215","35.5","44.3"
"2018","216","36.2","44.1"
"2018","217","40.9","52.1"
"2018","218","34.6","43.1"
"2018","219","33.7","37.9"
"2018","220","33.3","35.6"
"2018","221","35.9","44.7"
"2018","222","37","49.8"
"2018","223","34.1","37.2"
"2018","224","42","49"
"2018","225","31.8","33.9"
"2018","226","28","46.8"
"2018","228","32.2","38.8"
"2018","229","28.5","28.5"
"2018","230","22.8","34"
"2018","231","36","33.9"
"2018","232","38","32"
"2018","241","39.2","48.3"
"2018","243","48","50.9"
"2018","244","42","53"
"2018","245","39.5","44.9"
"2018","246","34.3","37.7"
"2018","247","37.3","43.8"
"2018","248","32.9","38.5"
"2018","250","31.9","41.2"
"2018","251","33.8","41"
"2018","252","38.6","43.9"
"2018","253","32.9","47"
"2018","254","33.6","44.8"
"2018","255","32.5","35.5"
"2018","256","31","35"
"2018","257","36.5","36.9"
"2018","259","33.9","44"
"2018","260","32.1","43.5"
"2018","261","36.2","40.1"
"2018","271","54.9","70.7"
"2018","273","48.3","62.2"
"2018","274","46.4","52.4"
"2018","275","41.1","43.8"
"2018","276","38.2","47.8"
"2018","277","33.1","42.2"
"2018","279","",""
"2018","280","39.1","45.4"
"2018","281","43.3","46.7"
"2018","282","38.3","49.7"
"2018","283","30","39.7"
"2018","284","32.1","41.7"
"2018","285","29.4","33.4"
"2018","286","29.9","29"
"2018","287","37.7","38.2"
"2018","288","32.5","41.1"
"2018","290","38","45.9"
"2018","292","37.3","49.8"
"2018","301","46.2","59.5"
"2018","303","52.7","66.6"
"2018","304","46.5","60.3"
"2018","305","43.7","53.4"
"2018","307","38.7","49.5"
"2018","308","42.9","50"
"2018","309","44.3","56.4"
"2018","310","42.5","54.1"
"2018","312","40.8","41"
"2018","313","34.4","38.6"
"2018","314","33","198"
"2018","315","37","40"
"2018","316","34.5","48.9"
"2018","317","42.7","45.1"
"2018","318","39.4","46.3"
"2018","319","37.5","45.5"
"2018","320","35.1","39.5"
"2018","321","32.1","43"
"2018","322","35","30.9"
"2018","331","49.2","67.8"
"2018","333","49.4","68"
"2018","334","47.3","58.4"
"2018","335","43.4","45.1"
"2018","336","40.2","50.9"
"2018","337","47.3","59.6"
"2018","338","52.9","53"
"2018","339","42.3","51.7"
"2018","340","36.8","43.4"
"2018","341","42.6","45.5"
"2018","342","37.4","47"
"2018","343","45.4","48.8"
"2018","344","37.9","37.4"
"2018","345","42.2","47.9"
"2018","346","48","53.3"
"2018","347","39.4","51.6"
"2018","349","36.2","49.3"
"2018","350","32.9","52"
"2018","351","36.5","51.5"
"2018","352","38.3","45.7"
"2018","366","38.2","49.6"
"2018","367","45.3","55.8"
"2018","368","44.1","70"
"2018","369","49.6","58.1"
"2018","370","38.9","45.9"
"2018","371","38.5","49.5"
"2018","372","37","45.8"
"2018","373","29.3","37"
"2018","376","41.5","50.5"
"2018","377","40.9","52.6"
"2018","378","36.8","40.5"
"2018","379","38","49.7"
"2018","380","46.2","47.8"
"2018","381","41.7","53.6"
"2018","382","38.7","45.7"
"2018","394","34.5","52.7"
"2018","395","39.5","55.2"
"2018","397","43.8","50.3"
"2018","398","44.5","61.5"
"2018","399","48.2","57.8"
"2018","400","40","48.6"
"2018","401","43.4","53.8"
"2018","402","40.2","45.6"
"2018","403","49.5","53.6"
"2018","404","49.2","56.9"
"2018","405","43.3","51.5"
"2018","406","37.7","41.2"
"2018","409","44","51.1"
"2018","410","46","54"
"2018","411","43.5","52.4"
"2018","426","49.1","62.9"
"2018","427","52.6","65.4"
"2018","428","46.6","58"
"2018","429","47.1","52"
"2018","430","38.2","48.5"
"2018","431","51.4","53.3"
"2018","434","48","50.1"
"2018","435","42","45.8"
"2018","436","34.5","49"
"2018","437","42.3","47.2"
"2018","438","43.4","48.2"
"2018","439","49.1","65.6"
"2018","440","46.3","62.3"
"2018","442","46.2","60.7"
"2018","456","42","53.7"
"2018","457","41.2","47.9"
"2018","458","46.7","55.6"
"2018","459","45.5","50.1"
"2018","460","41.7","50.1"
"2018","461","38.2","43.7"
"2018","463","43.1","45.5"
"2018","464","45.4","45.6"
"2018","466","42.4","50.1"
"2018","467","37.1","44.5"
"2018","468","44.3","53.8"
"2018","469","49","61"
"2018","470","",""
"2018","471","42","60.5"
"2018","472","44","63.2"
"2018","486","37.5","55.3"
"2018","487","44.7","54.4"
"2018","488","40.8","50.8"
"2018","490","37.8","53.5"
"2018","491","40.6","50.2"
"2018","493","47.9","57"
"2018","494","44.6","50.8"
"2018","496","43.8","54.5"
"2018","497","43.5","56.5"
"2018","498","41.6","67.8"
"2018","499","50.4","63.6"
"2018","501","46.2","55.8"
"2018","502","45.1","56.5"
"2018","520","42","53"
"2018","555","44","55"
"2018","561","50.3","58.4"
"2018","588","43.7","52.8"
"2018","622","39.3","59.5"
"2019","1","32.4","50.9"
"2019","2","34.4","51.1"
"2019","3","33.1","48.9"
"2019","4","39.1","44.3"
"2019","5","33.9","43.3"
"2019","6","30.3","39.8"
"2019","7","29.3","53.2"
"2019","8","30.2","33.9"
"2019","9","41.8",""
"2019","10","27.9",""
"2019","11","29",""
"2019","12","32.6","41.5"
"2019","17","37.7","37.4"
"2019","18","27.2","46.8"
"2019","19","26.4","21.2"
"2019","31","37.6","52.2"
"2019","32","32.9","46.7"
"2019","33","37.1","50"
"2019","34","37.9","47.5"
"2019","35","35.5","41.6"
"2019","36","33.4","45.8"
"2019","37","20.2","33"
"2019","38","27","37.1"
"2019","39","37.8","47.1"
"2019","40","29.9","28.9"
"2019","42","37.6","36.4"
"2019","43","18","32"
"2019","44","35.5","21.4"
"2019","45","38.9","34.4"
"2019","46","36.9","38.4"
"2019","49","33.9","34.7"
"2019","51","19.5","27.1"
"2019","61","38.6","54.2"
"2019","63","40","51"
"2019","64","38.7","42.1"
"2019","65","39.8","50.4"
"2019","66","39","54.2"
"2019","67","30.2","43.9"
"2019","68","27.7","27.1"
"2019","69","33","29.9"
"2019","70","34.1","24"
"2019","71","41","50"
"2019","72","43.4","57.9"
"2019","73","39.8","42.6"
"2019","74","34","47"
"2019","75","33.7","40.3"
"2019","76","","55.2"
"2019","77","35.5","47.4"
"2019","78","42.3","39.1"
"2019","79","34","39.7"
"2019","91","41.8","55.2"
"2019","92","43.3","58.9"
"2019","93","42.4","55.7"
"2019","94","44.1","54.2"
"2019","95","42.4","56.6"
"2019","96","43.3","56.1"
"2019","97","33.6","42.4"
"2019","98","33.9","40.5"
"2019","99","36.4","32.4"
"2019","100","42.1","36.3"
"2019","101","33.2","26.7"
"2019","102","37.6","50.2"
"2019","103","30","44.7"
"2019","104","35.1","39.3"
"2019","105","35.5","39"
"2019","106","32.5","36.6"
"2019","107","43.3","57.5"
"2019","108","40.1","46.7"
"2019","109","43","53"
"2019","110","",""
"2019","111","22.7","26.2"
"2019","121","48.3","67.8"
"2019","122","40.2","53.5"
"2019","123","45.2","55.4"
"2019","124","38.2","47.4"
"2019","125","47.5","56.6"
"2019","126","40.5","44.4"
"2019","127","36.3","47.4"
"2019","128","45.9","55.9"
"2019","129","42.5","42.6"
"2019","130","46.7","47.5"
"2019","131","37.3","44.2"
"2019","132","34.4","29.6"
"2019","133","27.4","30.1"
"2019","134","30.1","30.2"
"2019","135","33.8","39.2"
"2019","136","37.5","51.4"
"2019","137","44","50"
"2019","138","45","47.4"
"2019","139","31.1","42.5"
"2019","141","","32.8"
"2019","142","14.9","27.4"
"2019","151","46.2","53.7"
"2019","152","45.2","58.1"
"2019","153","44","59.9"
"2019","154","44.1","57.1"
"2019","155","49.3","58.7"
"2019","156","45","47.9"
"2019","157","41.7","49.8"
"2019","158","47.4","50.8"
"2019","159","49.2","57.3"
"2019","160","41.4","44.2"
"2019","161","45.7","54.2"
"2019","162","53","51.9"
"2019","163","27.6","28.8"
"2019","164","32.8","41.3"
"2019","165","32.5","37.2"
"2019","166","40.6","41.9"
"2019","167","41.1","45.9"
"2019","168","35.5","35.2"
"2019","169","28","35.5"
"2019","171","20.4","20.9"
"2019","181","48.8","63.5"
"2019","183","43.6","60.9"
"2019","184","41.7","48.6"
"2019","185","47","58.8"
"2019","186","52","64.5"
"2019","187","44","44.5"
"2019","189","43.8","49.5"
"2019","190","27.9","31"
"2019","191","46.5","51.3"
"2019","193","36.1","39.5"
"2019","194","41.1","47.8"
"2019","211","47.2","60.9"
"2019","213","45.8","54.4"
"2019","214","46.4","49.9"
"2019","215","46","54.5"
"2019","216","40.3","50.7"
"2019","217","40","50.1"
"2019","218","44.7","53.4"
"2019","219","40.9","53.7"
"2019","220","44.4","49"
"2019","221","42.5","46.4"
"2019","222","48.9","51.6"
"2019","223","40.3","41.7"
"2019","224","48.4","53.4"
"2019","225","31.9","36.4"
"2019","226","34.8","37.7"
"2019","228","24.4","20.3"
"2019","229","24.6","30.4"
"2019","230","19.4","26.6"
"2019","231","21.9","29.5"
"2019","232","21.2","28"
"2019","241","40","53.3"
"2019","243","45.2","51.5"
"2019","244","50","58.3"
"2019","245","44.8","58"
"2019","246","31","38.5"
"2019","247","39.2","45.5"
"2019","248","39.2","50.8"
"2019","250","39.1","45"
"2019","251","41.4","44.6"
"2019","252","45.8","50.7"
"2019","253","42.5","48.8"
"2019","254","40.7","51.1"
"2019","255","47.8","45.9"
"2019","256","41.1","42.5"
"2019","257","35.5","40.3"
"2019","259","34.7","37.6"
"2019","260","18.8","24"
"2019","261","22.7","23.2"
"2019","271","56.3","65.8"
"2019","273","52.8","64.4"
"2019","274","50.6","56.7"
"2019","275","44.7","50.3"
"2019","276","44.3","55.7"
"2019","277","41.3","48.2"
"2019","279","",""
"2019","280","42.1","47.5"
"2019","281","44.9","50.3"
"2019","282","40.1","54.6"
"2019","283","40.1","47"
"2019","284","36.2","48.7"
"2019","285","38.1","42.4"
"2019","286","41.2","44.4"
"2019","287","47.1","52.3"
"2019","288","33.4","43.9"
"2019","290","31.8","33.1"
"2019","292","23.5","30.2"
"2019","301","54.5","59.6"
"2019","303","54.8","61"
"2019","304","53","64.2"
"2019","305","49.2","54.1"
"2019","307","41.1","48.6"
"2019","308","49.3","61.3"
"2019","309","50.4","63.9"
"2019","310","45","54.2"
"2019","312","41.2","42.6"
"2019","313","44.3","42.1"
"2019","314","34","37"
"2019","315","45.7","49.6"
"2019","316","42.1","49.8"
"2019","317","41.1","45.1"
"2019","318","42.3","47"
"2019","319","37.9","48"
"2019","320","21.8","30.8"
"2019","321","19.7","34.5"
"2019","322","29.1","31.7"
"2019","331","47.9","53"
"2019","333","30.2","58.1"
"2019","334","52.5","62.5"
"2019","335","46.5","52.6"
"2019","336","49","52.3"
"2019","337","49","67.1"
"2019","338","51.2","70.2"
"2019","339","36.3","52.4"
"2019","340","43.4","51.7"
"2019","341","42.8","47.1"
"2019","342","45.2","47"
"2019","343","41.6","48.1"
"2019","344","38","41.5"
"2019","345","42.1","52.6"
"2019","346","44.7","53.1"
"2019","347","41.1","52.2"
"2019","349","39.5","49.1"
"2019","350","41.4","52.2"
"2019","351","34.2","42.3"
"2019","352","33.1","38.8"
"2019","366","43.4","56.6"
"2019","367","50.7","61.8"
"2019","368","51.6","68.2"
"2019","369","51.5","72.1"
"2019","370","48.9","62.4"
"2019","371","45","53.1"
"2019","372","40.7","47.8"
"2019","373","46","47.4"
"2019","376","33.6","42.3"
"2019","377","45.4","57"
"2019","378","38","48.8"
"2019","379","45.6","55.2"
"2019","380","51.3","63.3"
"2019","381","49.1","60.6"
"2019","382","40.7","48.1"
"2019","394","44.2","58.9"
"2019","395","46.9","55.8"
"2019","397","45.8","57.6"
"2019","398","48.4","64.3"
"2019","399","51","67.9"
"2019","400","47.1","62.5"
"2019","401","48.7","57.3"
"2019","402","43","48"
"2019","403","46.6","56.7"
"2019","404","45.2","58.3"
"2019","405","34.3","43.4"
"2019","406","41.6","48.7"
"2019","409","51.2","61.8"
"2019","410","51.8","68.4"
"2019","411","49.2","55"
"2019","426","49.4","64.9"
"2019","427","48.9","64.9"
"2019","428","43.9","59.1"
"2019","429","44","57.5"
"2019","430","46.9","57.8"
"2019","431","50.1","57.9"
"2019","434","52.2","59.5"
"2019","435","42.4","49.2"
"2019","436","41.6","47"
"2019","437","45","58.1"
"2019","438","47.2","65.1"
"2019","439","55.6","72.1"
"2019","440","47.1","62"
"2019","442","46.8","59.3"
"2019","456","54.5","54.6"
"2019","457","47.9","51.6"
"2019","458","50","66"
"2019","459","47","63.8"
"2019","460","46.2","52.9"
"2019","461","45.2","51.1"
"2019","463","47.3","46.6"
"2019","464","54.4","64.3"
"2019","466","31.2","39.2"
"2019","467","34.5","42.4"
"2019","468","48.5","60"
"2019","469","51.7","65.3"
"2019","470","",""
"2019","471","46.5","69.4"
"2019","472","43.5","59.4"
"2019","486","47.2","62.9"
"2019","487","48.1","58.8"
"2019","488","44.1","49.1"
"2019","490","48.1","55.9"
"2019","491","50.5","56.5"
"2019","493","53.7","64.6"
"2019","494","50","63"
"2019","496","49.4","67.3"
"2019","497","39.1","61.1"
"2019","498","45.4","63.7"
"2019","499","50.5","69.9"
"2019","501","51.8","64"
"2019","502","47.5","64.4"
"2019","520","48.1","57.5"
"2019","555","50.4",""
"2019","561","48.8","64.3"
"2019","588","48.1","63.3"
"2019","622","46.1","63.9"
"2020","1","39.9","56"
"2020","2","41.3","58.1"
"2020","3","34.5","49.5"
"2020","4","33.3","45.6"
"2020","5","34.8","47.6"
"2020","6","35.3","43.4"
"2020","7","35.6","21.5"
"2020","8","34.4","27.4"
"2020","9","42.2",""
"2020","10","30.9",""
"2020","11","35.6",""
"2020","12","35.1",""
"2020","17","26.2","39.3"
"2020","18","24.2","45.4"
"2020","19","29.2","25.6"
"2020","31","40.7","54.6"
"2020","32","38.5","56.1"
"2020","33","41.8","54.9"
"2020","34","37.9","50.5"
"2020","35","39.2","50.9"
"2020","36","39","43.5"
"2020","37","32.7","43.2"
"2020","38","37.2","41.1"
"2020","39","40.7",""
"2020","40","26.6","26.4"
"2020","42","32.5","35.4"
"2020","43","22.2","37.2"
"2020","44","19.4","17.8"
"2020","45","24.4","25.9"
"2020","46","","23.1"
"2020","49","26.7","38.8"
"2020","51","15.1","16.8"
"2020","61","40.6","58.3"
"2020","63","46.3","58.7"
"2020","64","39.7","58.9"
"2020","65","42.4","39.8"
"2020","66","38.6","49.6"
"2020","67","32.8","43"
"2020","68","33","36.4"
"2020","69","37","30.1"
"2020","70","40.6","22.8"
"2020","71","34.2","42.3"
"2020","72","34.9","51.4"
"2020","73","32.2","40.7"
"2020","74","21.8","20.2"
"2020","75","27.6","27.5"
"2020","76","30.6","40.6"
"2020","77","27.7","33.8"
"2020","78","28.3",""
"2020","79","22.7","34.5"
"2020","91","45.9","63.9"
"2020","92","45.6","63.2"
"2020","93","45.1","60.7"
"2020","94","42.3","50.6"
"2020","95","41.1","49.3"
"2020","96","40.8","51.1"
"2020","97","39.2","39.7"
"2020","98","44.3","55.8"
"2020","99","45.8","37.7"
"2020","100","41.2","43.8"
"2020","101","28.9","30.7"
"2020","102","35.7","30.9"
"2020","103","35.6","42.8"
"2020","104","31.5","34.1"
"2020","105","34.6","35.9"
"2020","106","24.7","34.4"
"2020","107","32.9","42.6"
"2020","108","22.6","29.3"
"2020","109","27","36.4"
"2020","110","","23.1"
"2020","111","25.2","28.7"
"2020","121","49.2","63.4"
"2020","122","43.8","49.2"
"2020","123","43.6","59.7"
"2020","124","37.4","43.7"
"2020","125","41.1","50.9"
"2020","126","40.3","50.3"
"2020","127","34.8","40.6"
"2020","128","40.4","51.3"
"2020","129","39.3","43.9"
"2020","130","45.6","62.4"
"2020","131","36.1","47.7"
"2020","132","27.3","35"
"2020","133","35.1","33.3"
"2020","134","34.8","30.7"
"2020","135","40.7","46.6"
"2020","136","39.8","49.8"
"2020","137","40.3","48.8"
"2020","138","34","46.8"
"2020","139","28.4","32"
"2020","141","","27.9"
"2020","142","14.6","28.8"
"2020","151","42.8","52"
"2020","152","41.8","53"
"2020","153","43.1","53.2"
"2020","154","38.9","48.8"
"2020","155","39.6","45.8"
"2020","156","42.8","47.6"
"2020","157","39.2","52.3"
"2020","158","37.5","55.3"
"2020","159","46.4","57.8"
"2020","160","50","58.3"
"2020","161","40.1","49.3"
"2020","162","42.8","49.5"
"2020","163","35.9","36.1"
"2020","164","30.9","43.9"
"2020","165","36.3","42.2"
"2020","166","39.6","47"
"2020","167","42.3","51.6"
"2020","168","32.2","39.3"
"2020","169","33.5","50.2"
"2020","171","16","24.2"
"2020","181","43.6","55.8"
"2020","183","35.4","49.7"
"2020","184","29.9","36.2"
"2020","185","37.1","47.2"
"2020","186","41.3","54.2"
"2020","187","41.7","54.5"
"2020","189","41.2","50.6"
"2020","190","30.5","40"
"2020","191","40.7","63.8"
"2020","193","34","41.3"
"2020","194","37.1","45"
"2020","211","43.6","55.4"
"2020","213","40.3","44.6"
"2020","214","35.7","41.4"
"2020","215","36","46.2"
"2020","216","39.5","47.1"
"2020","217","40.7","44.7"
"2020","218","44.5","53.1"
"2020","219","35","47.3"
"2020","220","31.6","39.1"
"2020","221","31.1","47.1"
"2020","222","41.5","47.1"
"2020","223","34","39.2"
"2020","224","42.6","53.1"
"2020","225","37.3","54.1"
"2020","226","34","50.4"
"2020","228","28.7","45.1"
"2020","229","27.9","36.8"
"2020","230","24.5","30.1"
"2020","231","20.5","32.2"
"2020","232","18.5","32.4"
"2020","241","39.5","50"
"2020","243","42.8","44.4"
"2020","244","39.5","50.6"
"2020","245","40.5","50.4"
"2020","246","38.7","45.6"
"2020","247","42.7","45.8"
"2020","248","34.7","50.6"
"2020","250","31.5","41.3"
"2020","251","35.4","52.1"
"2020","252","35.1","43.4"
"2020","253","33","50"
"2020","254","32.1","49.3"
"2020","255","40.1","52.8"
"2020","256","35.1","46.9"
"2020","257","31.7","46.8"
"2020","259","38.5","50.2"
"2020","260","34.5","42.3"
"2020","261","38.8","35.6"
"2020","271","49.1","52"
"2020","273","41.7","45"
"2020","274","45.4","51.6"
"2020","275","42.2","57.8"
"2020","276","41.4","52.6"
"2020","277","35.5","46.4"
"2020","279","",""
"2020","280","37.3","49.8"
"2020","281","34.5","51.3"
"2020","282","35.9","51.5"
"2020","283","28.6","44.3"
"2020","284","34.6","47.6"
"2020","285","31","39.6"
"2020","286","39.1","48.6"
"2020","287","41.4","58.1"
"2020","288","31.3","43.1"
"2020","290","42.1","48.7"
"2020","292","41.8","52.7"
"2020","301","47.8","62.3"
"2020","303","47.5","61.3"
"2020","304","47.6","56.6"
"2020","305","46.9","52"
"2020","307","42.1","47.6"
"2020","308","41.4","54.9"
"2020","309","41.7","57.6"
"2020","310","38.7","51.9"
"2020","312","32.7","47.3"
"2020","313","31.1","44.8"
"2020","314","43.3","42.7"
"2020","315","37.1","48.3"
"2020","316","38","50.6"
"2020","317","33.9","44.3"
"2020","318","41.1","52.1"
"2020","319","42.9","55.5"
"2020","320","37.2","42.4"
"2020","321","31.9","48.5"
"2020","322","33.7","44.4"
"2020","331","41.1","53.2"
"2020","333","49.3","64.4"
"2020","334","52.1","63.7"
"2020","335","43.4","55.9"
"2020","336","47.5","53.6"
"2020","337","46.7","66.1"
"2020","338","44.3","64.9"
"2020","339","34.7","48.4"
"2020","340","39","54.4"
"2020","341","35.4","50.6"
"2020","342","33.7","49.7"
"2020","343","33.9","48.9"
"2020","344","33.2","41.4"
"2020","345","43.9","53.9"
"2020","346","40.9","57.4"
"2020","347","38.9","54.2"
"2020","349","43.8","59.2"
"2020","350","45.1","68.7"
"2020","351","38.4","52.5"
"2020","352","44","55.3"
"2020","366","45.3","67.2"
"2020","367","47.2","65"
"2020","368","48.5","66.5"
"2020","369","50","74.5"
"2020","370","44.3","59.7"
"2020","371","38","55.8"
"2020","372","35.1","48.3"
"2020","373","36.2","52.9"
"2020","376","38.1","54"
"2020","377","46","59.1"
"2020","378","41.1","49"
"2020","379","47.5","65.4"
"2020","380","49.4","69.5"
"2020","381","45.6","62"
"2020","382","42.5","49.8"
"2020","394","34.9","59.2"
"2020","395","38.5","56.8"
"2020","397","43.4","60.3"
"2020","398","47","60.9"
"2020","399","45.9","66.3"
"2020","400","42.5","55.7"
"2020","401","43.7","59.9"
"2020","402","38.2","49.3"
"2020","403","43.2","63.7"
"2020","404","46.7","67.4"
"2020","405","40.6","53.7"
"2020","406","44.3","60"
"2020","409","48.1","62.3"
"2020","410","51.4","66.3"
"2020","411","45.1","59.2"
"2020","426","43.8","63.5"
"2020","427","51.1","69.7"
"2020","428","40.4","56.7"
"2020","429","42.1","56.3"
"2020","430","41.2","57.3"
"2020","431","46.6","61.8"
"2020","434","49.8","68.7"
"2020","435","42.8","52.9"
"2020","436","40.6","55.3"
"2020","437","47.1","57.5"
"2020","438","46.9","67.3"
"2020","439","53.4","72.8"
"2020","440","48.8","57.5"
"2020","442","41.9","56.2"
"2020","456","32.3","48.8"
"2020","457","32.2","52.1"
"2020","458","37.4","59.7"
"2020","459","37.1","51.7"
"2020","460","40.1","52.9"
"2020","461","41.1","49.7"
"2020","463","44.1","50.5"
"2020","464","47.3","73.8"
"2020","466","37.9","51.4"
"2020","467","34.7","44.7"
"2020","468","46.7","60.9"
"2020","469","46.8","60.6"
"2020","470","",""
"2020","471","45.1","64.5"
"2020","472","44.2","60.6"
"2020","486","26.8","44.9"
"2020","487","39","57.5"
"2020","488","38.5","55.6"
"2020","490","35.7","53.2"
"2020","491","44.8","54.6"
"2020","493","47.7","65.8"
"2020","494","41.4","59.7"
"2020","496","33.4","64"
"2020","497","38.3","67"
"2020","498","43.2","57.3"
"2020","499","40.6","56.8"
"2020","501","42.7","56.7"
"2020","502","42","56.3"
"2020","520","39.2","51.3"
"2020","555","31.3",""
"2020","561","33.8","50.1"
"2020","588","27.5","55.6"
"2020","622","40.9","55.1"
"2021","1","33.2","46.2"
"2021","2","30.4","43.7"
"2021","3","26.1","44.5"
"2021","4","33.3","48"
"2021","5","28.7","39.8"
"2021","6","30.1","36.3"
"2021","7","27.2","30"
"2021","8","25.7","19.6"
"2021","9","27.9",""
"2021","10","27.5","26"
"2021","11","12.7",""
"2021","12","12","6.9"
"2021","17","15","11"
"2021","18","","17.1"
"2021","19","4.1","12.6"
"2021","31","31.8","43.7"
"2021","32","34.7","46"
"2021","33","33.9","49.5"
"2021","34","32.4","50.3"
"2021","35","27.6","37.5"
"2021","36","23.3","30.1"
"2021","37","21.5","22.9"
"2021","38","23.8","33.5"
"2021","39","28.9",""
"2021","40","20.6","8.9"
"2021","42","13.6","18.9"
"2021","43","6","8.7"
"2021","44","","3.9"
"2021","45","4","3.3"
"2021","46","6","7.2"
"2021","49","18.3",""
"2021","51","4.6","8.3"
"2021","61","34.9","49.4"
"2021","63","38.6","54.8"
"2021","64","38.6","46.5"
"2021","65","29","34.9"
"2021","66","26.8","37.3"
"2021","67","20.6","26.9"
"2021","68","21.5","25.1"
"2021","69","25.7","24.1"
"2021","70","24.2","30.8"
"2021","71","21.1","30.5"
"2021","72","14.2","29.1"
"2021","73","7","14.3"
"2021","74","5.2","5.1"
"2021","75","7.4","6.2"
"2021","76","7.3","8.9"
"2021","77","5.9","8"
"2021","78","16.5",""
"2021","79","22.9","27.4"
"2021","91","33.1","50.9"
"2021","92","37","53.5"
"2021","93","33.3","52.2"
"2021","94","27.7","47.1"
"2021","95","27.5","44"
"2021","96","26.1","42.3"
"2021","97","29.1","35.1"
"2021","98","30.3","43.5"
"2021","99","26.4","18.3"
"2021","100","28.5","32.8"
"2021","101","24.2","26.8"
"2021","102","23.2","35.3"
"2021","103","18.2","19.1"
"2021","104","8.5","9.4"
"2021","105","7","11.1"
"2021","106","7.5","16.2"
"2021","107","9.8","12.5"
"2021","108","15.2","13.5"
"2021","109","20.5","25.9"
"2021","110","","5"
"2021","111","19.4","31.8"
"2021","121","33.1","50.2"
"2021","122","28.5","40.7"
"2021","123","30.9","39.1"
"2021","124","22.8","37"
"2021","125","32.1","41.8"
"2021","126","27.4","41.2"
"2021","127","28.5","34.3"
"2021","128","30.4","44.8"
"2021","129","28.4","32"
"2021","130","26.6","38.3"
"2021","131","14.8","28.1"
"2021","132","20.8","21"
"2021","133","13","17.6"
"2021","134","10.3","6.9"
"2021","135","12.4","12.1"
"2021","136","14.9","15.7"
"2021","137","15.9","17.3"
"2021","138","18.2","20.8"
"2021","139","12.7","17.4"
"2021","141","5.8","9.6"
"2021","142","9.8","11.7"
"2021","151","30.6","42.3"
"2021","152","28.1","42"
"2021","153","27.4","43.1"
"2021","154","24.2","41.1"
"2021","155","30.1","52.1"
"2021","156","34.4","45.7"
"2021","157","27.5","42.4"
"2021","158","19.7","35.4"
"2021","159","17.8","35.3"
"2021","160","21.8","43.9"
"2021","161","25.3","40.3"
"2021","162","22.5","35.6"
"2021","163","15.7","23"
"2021","164","11.8","14.9"
"2021","165","10.6","13.5"
"2021","166","13.6","13.6"
"2021","167","16.8","20.3"
"2021","168","14.2","13.8"
"2021","169","15.6",""
"2021","171","8.4","11.1"
"2021","181","34.1","46.7"
"2021","183","20.7","33.2"
"2021","184","26.7","36.9"
"2021","185","35.8","43.8"
"2021","186","27.9","39.6"
"2021","187","23.7","38.1"
"2021","189","24.9","38.7"
"2021","190","18","23.6"
"2021","191","23.7","38.2"
"2021","193","13.9","19"
"2021","194","14.7","15.4"
"2021","211","32.7","43"
"2021","213","28.8","38.7"
"2021","214","26.6","34.8"
"2021","215","30.2","37.4"
"2021","216","27.3","38.5"
"2021","217","31.2","42.4"
"2021","218","27.9","35.7"
"2021","219","23.8","28.8"
"2021","220","23.4","30.4"
"2021","221","14.6","19.4"
"2021","222","16.7","21.1"
"2021","223","12.4","15.3"
"2021","224","26","20.5"
"2021","225","11.4","21.8"
"2021","226","12.5","20.4"
"2021","228","9.9","16.4"
"2021","229","10.5","15.9"
"2021","230","12.8","29.4"
"2021","231","20.7","16.5"
"2021","232","14.3","12.8"
"2021","241","25.8","34.3"
"2021","243","25.3","33.3"
"2021","244","28.8","37.8"
"2021","245","27","38.8"
"2021","246","30.6","38.8"
"2021","247","27.7","33.9"
"2021","248","27.9","38.9"
"2021","250","17.9","26.6"
"2021","251","12.9","22.3"
"2021","252","14.4","22.8"
"2021","253","14","21.8"
"2021","254","14.2","24.1"
"2021","255","22","24.7"
"2021","256","11.3","18.3"
"2021","257","6.8","13.2"
"2021","259","15.3","20.3"
"2021","260","14.2","20.2"
"2021","261","16.4","20.3"
"2021","271","39.4","45.5"
"2021","273","32.6","40.5"
"2021","274","33.9","37.7"
"2021","275","29.6","37.4"
"2021","276","30.4","37.9"
"2021","277","21.5","24.9"
"2021","279","",""
"2021","280","17.6","23.9"
"2021","281","17.3","26.6"
"2021","282","17.4","37.2"
"2021","283","13.1","22.1"
"2021","284","16.5","24.5"
"2021","285","13.8","16.2"
"2021","286","14.1","21.2"
"2021","287","9.4","17.8"
"2021","288","7.4","12.5"
"2021","290","13.5","22.4"
"2021","292","15.4","22.5"
"2021","301","32.9","44.8"
"2021","303","35.5","40.9"
"2021","304","32.3","42"
"2021","305","31.8","39.1"
"2021","307","27.1","32.4"
"2021","308","23.3","29.5"
"2021","309","24.2","29.1"
"2021","310","19.4","25.1"
"2021","312","15.6","23.1"
"2021","313","12.4","20.6"
"2021","314","12.8","14.8"
"2021","315","15.2","18.8"
"2021","316","12.5","19.1"
"2021","317","14.5","18.9"
"2021","318","14.7","24.3"
"2021","319","15.9","24.4"
"2021","320","15.6","22.9"
"2021","321","16.5","26.8"
"2021","322","14.9","16.8"
"2021","331","29","38.7"
"2021","333","37.2","50.5"
"2021","334","34.8","53.2"
"2021","335","34.8","42"
"2021","336","30.2","34.6"
"2021","337","26.6","35.7"
"2021","338","22.9","32.6"
"2021","339","17.2","23.9"
"2021","340","18.4","28.2"
"2021","341","15.8","24.5"
"2021","342","15.8","24"
"2021","343","12.9","22"
"2021","344","10.7","11.3"
"2021","345","13.7","18.4"
"2021","346","11.5","19.5"
"2021","347","13.9","21.4"
"2021","349","14.9","22.6"
"2021","350","15.5","21.5"
"2021","351","18.9","25.8"
"2021","352","9.5","18.5"
"2021","366","35.2","52.1"
"2021","367","30.2","40.2"
"2021","368","23.4","32.6"
"2021","369","24.5","33.1"
"2021","370","21.2","34.6"
"2021","371","14.7","29.6"
"2021","372","15.2","23.9"
"2021","373","15.1","22"
"2021","376","12.5","17.5"
"2021","377","18","24.5"
"2021","378","20.9","33.6"
"2021","379","22.5","35"
"2021","380","23.1","31.7"
"2021","381","23.6","34.5"
"2021","382","19.1","25.3"
"2021","394","31.8","54.4"
"2021","395","30.4","51.1"
"2021","397","26.1","35.8"
"2021","398","22.1","33"
"2021","399","24.7","38.4"
"2021","400","24","36.6"
"2021","401","21.6","36.4"
"2021","402","18.1","29.1"
"2021","403","15","24.2"
"2021","404","14.4","23.7"
"2021","405","14.8","19.6"
"2021","406","14.1","19"
"2021","409","28","36.2"
"2021","410","27.3","34"
"2021","411","28.8","27.5"
"2021","426","26.6","41.8"
"2021","427","22.8","40.5"
"2021","428","21.8","35"
"2021","429","18.1","35.6"
"2021","430","23.6","34.8"
"2021","431","27.1","42.2"
"2021","434","21.2","30.2"
"2021","435","16.9","24.5"
"2021","436","15.2","16.8"
"2021","437","17.6","26.2"
"2021","438","24.3","39.4"
"2021","439","21.7","32.3"
"2021","440","26.1","25.4"
"2021","442","30.9","45"
"2021","456","23.5","46.1"
"2021","457","25.7","47"
"2021","458","28","47.9"
"2021","459","20.9","33.4"
"2021","460","23.8","38.5"
"2021","461","23.2","36.1"
"2021","463","27","25.7"
"2021","464","27.9","36.2"
"2021","466","16.9","24.4"
"2021","467","15.2","20.8"
"2021","468","22.8","30.8"
"2021","469","21.7","31.6"
"2021","470","",""
"2021","471","26.7","39.5"
"2021","472","31.4","46"
"2021","486","28","50.4"
"2021","487","35.4","48.1"
"2021","488","30.2","40.6"
"2021","490","31.7","46.4"
"2021","491","31.5","43"
"2021","493","35.5","49.9"
"2021","494","33.1","47"
"2021","496","30.8","46.7"
"2021","497","20.9","29.1"
"2021","498","19.9","26.2"
"2021","499","26","36.6"
"2021","501","25.6","35"
"2021","502","24.2","35.7"
"2021","520","36.6","46.9"
"2021","555","36.9","54.1"
"2021","561","26.8","47.6"
"2021","588","30.2","46.1"
"2021","622","23.9","17"