Date,"Barley Feed ($ per tonne)"
1980-07-02,
1980-07-09,
1980-07-16,
1980-07-23,
1980-07-30,
1980-08-06,
1980-08-13,
1980-08-20,
1980-08-27,
1980-09-03,
1980-09-10,
1980-09-17,
1980-09-24,
1980-10-01,
1980-10-08,
1980-10-15,
1980-10-22,
1980-10-29,
1980-11-05,
1980-11-12,
1980-11-19,
1980-11-26,
1980-12-03,
1980-12-10,
1980-12-17,
1981-01-07,
1981-01-14,
1981-01-21,
1981-01-28,
1981-02-04,
1981-02-11,
1981-02-18,
1981-02-25,
1981-03-04,
1981-03-11,
1981-03-18,
1981-03-25,
1981-04-01,
1981-04-08,
1981-04-15,
1981-04-22,
1981-04-29,
1981-05-06,
1981-05-13,
1981-05-20,
1981-05-27,
1981-06-03,
1981-06-10,
1981-06-17,
1981-06-24,
1981-07-01,
1981-07-08,
1981-07-15,
1981-07-22,
1981-07-29,
1981-08-05,
1981-08-12,
1981-08-19,
1981-08-26,
1981-09-02,
1981-09-09,
1981-09-16,
1981-09-23,
1981-09-30,
1981-10-07,
1981-10-14,
1981-10-21,
1981-10-28,
1981-11-04,
1981-11-11,
1981-11-18,
1981-11-25,
1981-12-02,
1981-12-09,
1981-12-16,
1981-12-23,
1981-12-30,
1982-01-06,
1982-01-13,
1982-01-20,
1982-01-27,
1982-02-03,
1982-02-10,
1982-02-17,
1982-02-24,
1982-03-03,
1982-03-10,
1982-03-17,
1982-03-24,
1982-03-31,
1982-04-07,
1982-04-14,
1982-04-21,
1982-04-28,
1982-05-05,
1982-05-12,
1982-05-19,
1982-05-26,
1982-06-02,
1982-06-09,
1982-06-16,
1982-06-23,
1982-06-30,
1982-07-07,
1982-07-14,
1982-07-21,
1982-07-28,
1982-08-04,
1982-08-11,
1982-08-18,
1982-08-25,
1982-09-01,
1982-09-08,
1982-09-15,
1982-09-22,
1982-09-29,
1982-10-06,
1982-10-13,
1982-10-20,
1982-10-27,
1982-11-03,
1982-11-10,
1982-11-17,
1982-11-24,
1982-12-01,
1982-12-08,
1982-12-15,
1982-12-22,
1982-12-29,
1983-01-05,
1983-01-12,
1983-01-19,
1983-01-26,
1983-02-02,
1983-02-09,
1983-02-16,
1983-02-23,
1983-03-02,
1983-03-09,
1983-03-16,
1983-03-23,
1983-03-30,
1983-04-06,
1983-04-13,
1983-04-20,
1983-04-27,
1983-05-04,
1983-05-11,
1983-05-18,
1983-05-25,
1983-06-01,
1983-06-08,
1983-06-15,
1983-06-22,
1983-06-29,
1983-07-06,
1983-07-13,
1983-07-20,
1983-07-27,
1983-08-03,
1983-08-10,
1983-08-17,
1983-08-24,
1983-08-31,
1983-09-07,
1983-09-14,
1983-09-21,
1983-09-28,
1983-10-05,
1983-10-12,
1983-10-19,
1983-10-26,
1983-11-02,
1983-11-09,
1983-11-16,
1983-11-23,
1983-11-30,
1983-12-07,
1983-12-14,
1983-12-21,
1983-12-28,
1984-01-04,
1984-01-11,
1984-01-18,
1984-01-25,
1984-02-01,
1984-02-08,
1984-02-15,
1984-02-22,
1984-02-29,
1984-03-07,
1984-03-14,
1984-03-21,
1984-03-28,
1984-04-04,
1984-04-11,
1984-04-18,
1984-04-25,
1984-05-02,
1984-05-09,
1984-05-16,
1984-05-23,
1984-05-30,
1984-06-06,
1984-06-13,
1984-06-20,
1984-06-27,
1984-07-04,
1984-07-11,
1984-07-18,
1984-07-25,
1984-08-01,
1984-08-08,
1984-08-15,
1984-08-22,
1984-08-29,
1984-09-05,
1984-09-12,
1984-09-19,
1984-09-26,
1984-10-03,
1984-10-10,
1984-10-17,
1984-10-24,
1984-10-31,
1984-11-07,
1984-11-14,
1984-11-21,
1984-11-28,
1984-12-05,
1984-12-12,
1984-12-19,
1984-12-26,
1985-01-02,
1985-01-09,
1985-01-16,
1985-01-23,
1985-01-30,
1985-02-06,
1985-02-13,
1985-02-20,
1985-02-27,
1985-03-06,
1985-03-13,
1985-03-20,
1985-03-27,
1985-04-03,
1985-04-10,
1985-04-17,
1985-04-24,
1985-05-01,
1985-05-08,
1985-05-15,
1985-05-22,
1985-05-29,
1985-06-05,
1985-06-12,
1985-06-19,
1985-06-26,
1985-07-03,
1985-07-10,
1985-07-17,
1985-07-24,
1985-07-31,
1985-08-07,
1985-08-14,
1985-08-21,
1985-08-28,
1985-09-04,
1985-09-11,
1985-09-18,
1985-09-25,
1985-10-02,
1985-10-09,
1985-10-16,
1985-10-23,
1985-10-30,
1985-11-06,
1985-11-13,
1985-11-20,
1985-11-27,
1985-12-04,
1985-12-11,
1985-12-18,
1985-12-25,
1986-01-01,
1986-01-08,
1986-01-15,
1986-01-22,
1986-01-29,
1986-02-05,
1986-02-12,
1986-02-19,
1986-02-26,
1986-03-05,
1986-03-12,
1986-03-19,
1986-03-26,
1986-04-02,
1986-04-09,
1986-04-16,
1986-04-23,
1986-04-30,
1986-05-07,
1986-05-14,
1986-05-21,
1986-05-28,
1986-06-04,
1986-06-11,
1986-06-18,
1986-06-25,
1986-07-02,
1986-07-09,
1986-07-16,
1986-07-23,
1986-07-30,
1986-08-06,
1986-08-13,
1986-08-20,
1986-08-27,
1986-09-03,
1986-09-10,
1986-09-17,
1986-09-24,
1986-10-01,
1986-10-08,
1986-10-15,
1986-10-22,
1986-10-29,
1986-11-05,
1986-11-12,
1986-11-19,
1986-11-26,
1986-12-03,
1986-12-10,
1986-12-17,
1986-12-24,
1987-01-07,
1987-01-14,
1987-01-21,
1987-01-28,
1987-02-04,
1987-02-11,
1987-02-18,
1987-02-25,
1987-03-04,
1987-03-11,
1987-03-18,
1987-03-25,
1987-04-01,
1987-04-08,
1987-04-15,
1987-04-22,
1987-04-29,
1987-05-06,
1987-05-13,
1987-05-20,
1987-05-27,
1987-06-03,
1987-06-10,
1987-06-17,
1987-06-24,
1987-07-01,
1987-07-08,
1987-07-15,
1987-07-22,
1987-07-29,
1987-08-05,
1987-08-12,
1987-08-19,
1987-08-26,
1987-09-02,
1987-09-09,
1987-09-16,
1987-09-23,
1987-09-30,
1987-10-07,
1987-10-14,
1987-10-21,
1987-10-28,
1987-11-04,
1987-11-11,
1987-11-18,
1987-11-25,
1987-12-02,
1987-12-09,
1987-12-16,
1987-12-23,
1987-12-30,
1988-01-06,
1988-01-13,
1988-01-20,
1988-01-27,
1988-02-03,
1988-02-10,
1988-02-17,
1988-02-24,
1988-03-02,
1988-03-09,
1988-03-16,
1988-03-23,
1988-03-30,
1988-04-06,
1988-04-13,
1988-04-20,
1988-04-27,
1988-05-04,
1988-05-11,
1988-05-18,
1988-05-25,
1988-06-01,
1988-06-08,
1988-06-15,
1988-06-22,
1988-06-29,
1988-07-06,
1988-07-13,
1988-07-20,
1988-07-27,
1988-08-03,
1988-08-10,
1988-08-17,
1988-08-24,
1988-08-31,
1988-09-07,
1988-09-14,
1988-09-21,
1988-09-28,
1988-10-05,
1988-10-12,
1988-10-19,
1988-10-26,
1988-11-02,
1988-11-09,
1988-11-16,
1988-11-23,
1988-11-30,
1988-12-07,
1988-12-14,
1988-12-21,
1988-12-28,
1989-01-04,
1989-01-11,
1989-01-18,
1989-01-25,
1989-02-01,
1989-02-08,
1989-02-15,
1989-02-22,
1989-03-01,
1989-03-08,
1989-03-15,
1989-03-22,
1989-03-29,
1989-04-05,
1989-04-12,
1989-04-19,
1989-04-26,
1989-05-03,
1989-05-10,
1989-05-17,
1989-05-24,
1989-05-31,
1989-06-07,
1989-06-14,
1989-06-21,
1989-06-28,
1989-07-05,
1989-07-12,
1989-07-19,
1989-07-26,
1989-08-02,
1989-08-09,
1989-08-16,
1989-08-23,
1989-08-30,
1989-09-06,
1989-09-13,
1989-09-20,
1989-09-27,
1989-10-04,
1989-10-11,
1989-10-18,
1989-10-25,
1989-11-01,
1989-11-08,
1989-11-15,
1989-11-22,
1989-11-29,
1989-12-06,
1989-12-13,
1989-12-20,
1989-12-27,
1990-01-03,
1990-01-10,
1990-01-17,
1990-01-24,
1990-01-31,
1990-02-07,
1990-02-14,
1990-02-21,
1990-02-28,
1990-03-07,
1990-03-14,
1990-03-21,
1990-03-28,
1990-04-04,
1990-04-11,
1990-04-18,
1990-04-25,
1990-05-02,
1990-05-09,
1990-05-16,
1990-05-23,
1990-05-30,
1990-06-06,
1990-06-13,
1990-06-20,
1990-06-27,
1990-07-04,
1990-07-11,
1990-07-18,
1990-07-25,
1990-08-01,
1990-08-08,
1990-08-15,
1990-08-22,
1990-08-29,
1990-09-05,
1990-09-12,
1990-09-19,
1990-09-26,
1990-10-03,
1990-10-10,
1990-10-17,
1990-10-24,
1990-10-31,
1990-11-07,
1990-11-14,
1990-11-21,
1990-11-28,
1990-12-05,
1990-12-12,
1990-12-19,
1990-12-26,
1991-01-02,
1991-01-09,
1991-01-16,
1991-01-23,
1991-01-30,
1991-02-06,
1991-02-13,
1991-02-20,
1991-02-27,
1991-03-06,
1991-03-13,
1991-03-20,
1991-03-27,
1991-04-03,
1991-04-10,
1991-04-17,
1991-04-24,
1991-05-01,
1991-05-08,
1991-05-15,
1991-05-22,
1991-05-29,
1991-06-05,
1991-06-12,
1991-06-19,
1991-06-26,
1991-07-03,
1991-07-10,
1991-07-17,
1991-07-24,
1991-07-31,
1991-08-07,
1991-08-14,
1991-08-21,
1991-08-28,
1991-09-04,
1991-09-11,
1991-09-18,
1991-09-25,
1991-10-02,
1991-10-09,
1991-10-16,
1991-10-23,
1991-10-30,
1991-11-06,
1991-11-13,
1991-11-20,
1991-11-27,
1991-12-04,
1991-12-11,
1991-12-18,
1991-12-25,
1992-01-01,
1992-01-08,
1992-01-15,
1992-01-22,
1992-01-29,
1992-02-05,
1992-02-12,
1992-02-19,
1992-02-26,
1992-03-04,
1992-03-11,
1992-03-18,
1992-03-25,
1992-04-01,
1992-04-08,
1992-04-15,
1992-04-22,
1992-04-29,
1992-05-06,
1992-05-13,
1992-05-20,
1992-05-27,
1992-06-03,
1992-06-10,
1992-06-17,
1992-06-24,
1992-07-01,
1992-07-08,
1992-07-15,
1992-07-22,
1992-07-29,
1992-08-05,
1992-08-12,
1992-08-19,
1992-08-26,
1992-09-02,
1992-09-09,
1992-09-16,
1992-09-23,
1992-09-30,
1992-10-07,
1992-10-14,
1992-10-21,
1992-10-28,
1992-11-04,
1992-11-11,
1992-11-18,
1992-11-25,
1992-12-02,
1992-12-09,
1992-12-16,
1992-12-23,
1993-01-06,
1993-01-13,
1993-01-20,
1993-01-27,
1993-02-03,
1993-02-10,
1993-02-17,
1993-02-24,
1993-03-03,
1993-03-10,
1993-03-17,
1993-03-24,
1993-03-31,
1993-04-07,
1993-04-14,
1993-04-21,
1993-04-28,
1993-05-05,
1993-05-12,
1993-05-19,
1993-05-26,
1993-06-02,
1993-06-09,
1993-06-16,
1993-06-23,
1993-06-30,
1993-07-07,
1993-07-14,
1993-07-21,
1993-07-28,
1993-08-04,
1993-08-11,
1993-08-18,
1993-08-25,
1993-09-01,
1993-09-08,
1993-09-15,
1993-09-22,
1993-09-29,
1993-10-06,
1993-10-13,
1993-10-20,
1993-10-27,
1993-11-03,
1993-11-10,
1993-11-17,
1993-11-24,
1993-12-01,
1993-12-08,
1993-12-15,
1993-12-22,
1993-12-29,
1994-01-05,
1994-01-12,
1994-01-19,
1994-01-26,
1994-02-02,
1994-02-09,
1994-02-16,
1994-02-23,
1994-03-02,
1994-03-09,
1994-03-16,
1994-03-23,
1994-03-30,
1994-04-06,
1994-04-13,
1994-04-20,
1994-04-27,
1994-05-04,
1994-05-11,
1994-05-18,
1994-05-25,
1994-06-01,
1994-06-08,
1994-06-15,
1994-06-22,
1994-06-29,
1994-07-06,
1994-07-13,
1994-07-20,
1994-07-27,
1994-08-03,
1994-08-10,
1994-08-17,
1994-08-24,
1994-08-31,
1994-09-07,
1994-09-14,
1994-09-21,
1994-09-28,
1994-10-05,
1994-10-12,
1994-10-19,
1994-10-26,
1994-11-02,
1994-11-09,
1994-11-16,
1994-11-23,
1994-11-30,
1994-12-07,
1994-12-14,
1994-12-21,
1994-12-28,
1995-01-04,
1995-01-11,
1995-01-18,
1995-01-25,
1995-02-01,
1995-02-08,
1995-02-15,
1995-02-22,
1995-03-01,
1995-03-08,
1995-03-15,
1995-03-22,
1995-03-29,
1995-04-05,
1995-04-12,
1995-04-19,
1995-04-26,
1995-05-03,
1995-05-10,
1995-05-17,
1995-05-24,
1995-05-31,
1995-06-07,
1995-06-14,
1995-06-21,
1995-06-28,
1995-07-05,
1995-07-12,
1995-07-19,
1995-07-26,
1995-08-02,
1995-08-09,
1995-08-16,
1995-08-23,
1995-08-30,
1995-09-06,
1995-09-13,
1995-09-20,
1995-09-27,
1995-10-04,
1995-10-11,
1995-10-18,
1995-10-25,
1995-11-01,
1995-11-08,
1995-11-15,
1995-11-22,
1995-11-29,
1995-12-06,
1995-12-13,
1995-12-20,
1995-12-27,
1996-01-03,
1996-01-10,
1996-01-17,
1996-01-24,
1996-01-31,
1996-02-07,
1996-02-14,
1996-02-21,
1996-02-28,
1996-03-06,
1996-03-13,
1996-03-20,
1996-03-27,
1996-04-03,
1996-04-10,
1996-04-17,
1996-04-24,
1996-05-01,
1996-05-08,
1996-05-15,
1996-05-22,
1996-05-29,
1996-06-05,
1996-06-12,
1996-06-19,
1996-06-26,
1996-07-03,
1996-07-10,
1996-07-17,
1996-07-24,
1996-07-31,
1996-08-07,
1996-08-14,
1996-08-21,
1996-08-28,
1996-09-04,
1996-09-11,
1996-09-18,
1996-09-25,
1996-10-02,
1996-10-09,
1996-10-16,
1996-10-23,
1996-10-30,
1996-11-06,
1996-11-13,
1996-11-20,
1996-11-27,
1996-12-04,
1996-12-11,
1996-12-18,
1996-12-25,
1997-01-01,
1997-01-08,
1997-01-15,
1997-01-22,
1997-01-29,
1997-02-05,
1997-02-12,
1997-02-19,
1997-02-26,
1997-03-05,
1997-03-12,
1997-03-19,
1997-03-26,
1997-04-02,
1997-04-09,
1997-04-16,
1997-04-23,
1997-04-30,
1997-05-07,
1997-05-14,
1997-05-21,
1997-05-28,
1997-06-04,
1997-06-11,
1997-06-18,
1997-06-25,
1997-07-02,
1997-07-09,
1997-07-16,
1997-07-23,
1997-07-30,
1997-08-06,
1997-08-13,
1997-08-20,
1997-08-27,
1997-09-03,
1997-09-10,
1997-09-17,
1997-09-24,
1997-10-01,
1997-10-08,
1997-10-15,
1997-10-22,
1997-10-29,
1997-11-05,
1997-11-12,
1997-11-19,
1997-11-26,
1997-12-03,
1997-12-10,
1997-12-17,
1997-12-24,
1997-12-31,
1998-01-07,
1998-01-14,
1998-01-21,
1998-01-28,
1998-02-04,
1998-02-11,
1998-02-18,
1998-02-25,
1998-03-04,
1998-03-11,
1998-03-18,
1998-03-25,
1998-04-01,
1998-04-08,
1998-04-15,
1998-04-22,
1998-04-29,
1998-05-06,
1998-05-13,
1998-05-20,
1998-05-27,
1998-06-03,
1998-06-10,
1998-06-17,
1998-06-24,
1998-07-01,
1998-07-08,
1998-07-15,
1998-07-22,
1998-07-29,
1998-08-05,
1998-08-12,
1998-08-19,
1998-08-26,
1998-09-02,
1998-09-09,
1998-09-16,
1998-09-23,
1998-09-30,
1998-10-07,
1998-10-14,
1998-10-21,
1998-10-28,
1998-11-04,
1998-11-11,
1998-11-18,
1998-11-25,
1998-12-02,
1998-12-09,
1998-12-16,
1998-12-23,
1998-12-30,
1999-01-06,
1999-01-13,
1999-01-20,
1999-01-27,
1999-02-03,
1999-02-10,
1999-02-17,
1999-02-24,
1999-03-03,
1999-03-10,
1999-03-17,
1999-03-24,
1999-03-31,
1999-04-07,
1999-04-14,
1999-04-21,
1999-04-28,
1999-05-05,
1999-05-12,
1999-05-19,
1999-05-26,
1999-06-02,
1999-06-09,
1999-06-16,
1999-06-23,
1999-06-30,
1999-07-07,
1999-07-14,
1999-07-21,
1999-07-28,
1999-08-04,
1999-08-11,
1999-08-18,
1999-08-25,
1999-09-01,
1999-09-08,
1999-09-15,
1999-09-22,
1999-09-29,
1999-10-06,
1999-10-13,
1999-10-20,
1999-10-27,
1999-11-03,
1999-11-10,
1999-11-17,
1999-11-24,
1999-12-01,
1999-12-08,
1999-12-15,
1999-12-22,
1999-12-29,
2000-01-05,
2000-01-12,
2000-01-19,
2000-01-26,
2000-02-02,
2000-02-09,
2000-02-16,
2000-02-23,
2000-03-01,
2000-03-08,
2000-03-15,
2000-03-22,
2000-03-29,
2000-04-05,
2000-04-12,
2000-04-19,
2000-04-26,
2000-05-03,
2000-05-10,
2000-05-17,
2000-05-24,
2000-05-31,
2000-06-07,
2000-06-14,
2000-06-21,
2000-06-28,
2000-07-05,
2000-07-12,
2000-07-19,
2000-07-26,
2000-08-02,
2000-08-09,
2000-08-16,
2000-08-23,
2000-08-30,
2000-09-06,
2000-09-13,
2000-09-20,
2000-09-27,
2000-10-04,
2000-10-11,
2000-10-18,
2000-10-25,
2000-11-01,
2000-11-08,
2000-11-15,
2000-11-22,
2000-11-29,
2000-12-06,
2000-12-13,
2000-12-20,
2000-12-27,
2001-01-03,
2001-01-10,
2001-01-17,
2001-01-24,
2001-01-31,
2001-02-07,
2001-02-14,
2001-02-21,
2001-02-28,
2001-03-07,
2001-03-14,
2001-03-21,
2001-03-28,
2001-04-04,
2001-04-11,
2001-04-18,
2001-04-25,
2001-05-02,
2001-05-09,
2001-05-16,
2001-05-23,
2001-05-30,
2001-06-06,
2001-06-13,
2001-06-20,
2001-06-27,
2001-07-04,
2001-07-11,
2001-07-18,
2001-07-25,
2001-08-01,
2001-08-08,
2001-08-15,
2001-08-22,
2001-08-29,
2001-09-05,
2001-09-12,
2001-09-19,
2001-09-26,
2001-10-03,
2001-10-10,
2001-10-17,
2001-10-24,
2001-10-31,
2001-11-07,
2001-11-14,
2001-11-21,
2001-11-28,
2001-12-05,
2001-12-12,
2001-12-19,
2001-12-26,
2002-01-02,
2002-01-09,
2002-01-16,
2002-01-23,
2002-01-30,
2002-02-06,
2002-02-13,
2002-02-20,
2002-02-27,
2002-03-06,
2002-03-13,
2002-03-20,
2002-03-27,
2002-04-03,
2002-04-10,
2002-04-17,
2002-04-24,
2002-05-01,
2002-05-08,
2002-05-15,
2002-05-22,
2002-05-29,
2002-06-05,
2002-06-12,
2002-06-19,
2002-06-26,
2002-07-03,
2002-07-10,
2002-07-17,
2002-07-24,
2002-07-31,
2002-08-07,
2002-08-14,
2002-08-21,
2002-08-28,
2002-09-04,
2002-09-11,
2002-09-18,
2002-09-25,
2002-10-02,
2002-10-09,
2002-10-16,
2002-10-23,
2002-10-30,
2002-11-06,
2002-11-13,
2002-11-20,
2002-11-27,
2002-12-04,
2002-12-11,
2002-12-18,
2002-12-25,
2002-12-31,
2003-01-01,
2003-01-08,
2003-01-15,
2003-01-22,
2003-01-29,
2003-02-05,
2003-02-12,
2003-02-19,
2003-02-26,
2003-03-05,
2003-03-12,
2003-03-19,
2003-03-26,
2003-04-02,
2003-04-09,
2003-04-16,
2003-04-23,
2003-04-30,
2003-05-07,
2003-05-14,
2003-05-21,
2003-05-28,
2003-06-04,
2003-06-11,
2003-06-18,
2003-06-25,
2003-07-02,
2003-07-09,
2003-07-16,
2003-07-23,
2003-07-30,
2003-08-06,
2003-08-13,
2003-08-20,
2003-08-27,
2003-09-03,
2003-09-10,
2003-09-17,
2003-09-24,
2003-10-01,
2003-10-08,
2003-10-15,
2003-10-22,
2003-10-29,
2003-11-05,
2003-11-12,
2003-11-19,
2003-11-26,
2003-12-03,
2003-12-10,
2003-12-17,
2003-12-24,
2003-12-31,
2004-01-01,
2004-01-07,
2004-01-14,
2004-01-21,
2004-01-28,
2004-02-04,
2004-02-11,
2004-02-18,
2004-02-25,
2004-03-03,
2004-03-10,
2004-03-17,
2004-03-24,
2004-03-31,
2004-04-07,
2004-04-14,
2004-04-21,
2004-04-28,
2004-05-05,
2004-05-12,
2004-05-19,
2004-05-26,
2004-06-02,
2004-06-09,
2004-06-16,
2004-06-23,
2004-06-30,
2004-07-07,
2004-07-14,
2004-07-21,
2004-07-28,
2004-08-04,
2004-08-11,
2004-08-18,
2004-08-25,
2004-09-01,
2004-09-08,
2004-09-15,
2004-09-22,
2004-09-29,
2004-10-06,
2004-10-13,
2004-10-20,
2004-10-27,
2004-11-03,
2004-11-10,
2004-11-17,
2004-11-24,
2004-12-01,
2004-12-08,
2004-12-15,
2004-12-22,
2004-12-29,
2005-01-01,
2005-01-05,
2005-01-12,
2005-01-19,
2005-01-26,
2005-02-02,
2005-02-09,
2005-02-16,
2005-02-23,
2005-03-02,
2005-03-09,
2005-03-16,
2005-03-23,
2005-03-30,
2005-04-06,
2005-04-13,
2005-04-20,
2005-04-27,
2005-05-04,
2005-05-11,
2005-05-18,
2005-05-25,
2005-06-01,
2005-06-08,
2005-06-15,
2005-06-22,
2005-06-29,
2005-07-06,
2005-07-13,
2005-07-20,
2005-07-27,
2005-08-03,
2005-08-10,
2005-08-17,
2005-08-24,
2005-08-31,
2005-09-07,
2005-09-14,
2005-09-21,
2005-09-28,
2005-10-05,
2005-10-12,
2005-10-19,
2005-10-26,
2005-11-02,
2005-11-09,
2005-11-16,
2005-11-23,
2005-11-30,
2005-12-07,
2005-12-14,
2005-12-21,
2005-12-28,
2006-01-04,
2006-01-11,
2006-01-18,
2006-01-25,
2006-02-01,
2006-02-08,
2006-02-15,
2006-02-22,
2006-03-01,
2006-03-08,
2006-03-15,
2006-03-22,
2006-03-29,
2006-04-05,
2006-04-12,
2006-04-19,
2006-04-26,
2006-05-03,
2006-05-10,
2006-05-17,
2006-05-24,
2006-05-31,
2006-06-07,
2006-06-14,
2006-06-21,
2006-06-28,
2006-07-05,
2006-07-12,
2006-07-19,
2006-07-26,
2006-08-02,
2006-08-09,
2006-08-16,
2006-08-23,
2006-08-30,
2006-09-06,
2006-09-13,
2006-09-20,
2006-09-27,
2006-10-04,
2006-10-11,
2006-10-18,
2006-10-25,
2006-11-01,
2006-11-08,
2006-11-15,
2006-11-22,
2006-11-29,
2006-12-06,
2006-12-13,
2006-12-20,
2006-12-27,
2007-01-03,
2007-01-10,
2007-01-17,
2007-01-24,
2007-01-31,
2007-02-07,
2007-02-14,
2007-02-21,
2007-02-28,
2007-03-07,
2007-03-14,
2007-03-21,
2007-03-28,
2007-04-04,
2007-04-11,
2007-04-18,
2007-04-25,
2007-05-02,
2007-05-09,
2007-05-16,
2007-05-23,
2007-05-30,
2007-06-06,
2007-06-13,
2007-06-20,
2007-06-27,
2007-07-04,
2007-07-11,
2007-07-18,
2007-07-25,
2007-08-01,
2007-08-08,
2007-08-15,
2007-08-22,
2007-08-29,
2007-09-05,
2007-09-12,
2007-09-19,
2007-09-26,
2007-10-03,
2007-10-10,
2007-10-17,
2007-10-24,
2007-10-31,
2007-11-07,
2007-11-14,
2007-11-21,
2007-11-28,
2007-12-05,
2007-12-12,
2007-12-19,
2007-12-26,
2008-01-02,
2008-01-09,
2008-01-16,
2008-01-23,
2008-01-30,
2008-02-06,
2008-02-13,
2008-02-20,
2008-02-27,
2008-03-05,
2008-03-12,
2008-03-19,
2008-03-26,
2008-04-02,
2008-04-09,
2008-04-16,
2008-04-23,
2008-04-30,
2008-05-07,
2008-05-14,
2008-05-21,
2008-05-28,
2008-06-04,
2008-06-11,
2008-06-18,
2008-06-25,
2008-07-02,
2008-07-09,
2008-07-16,
2008-07-23,
2008-07-30,
2008-08-06,
2008-08-13,
2008-08-20,
2008-08-27,
2008-09-03,
2008-09-10,
2008-09-17,
2008-09-24,
2008-10-01,
2008-10-08,
2008-10-15,
2008-10-22,
2008-10-29,
2008-11-05,
2008-11-12,
2008-11-19,
2008-11-26,
2008-12-03,
2008-12-10,
2008-12-17,
2008-12-24,
2008-12-31,
2009-01-07,
2009-01-14,
2009-01-21,
2009-01-28,
2009-02-04,
2009-02-11,
2009-02-18,
2009-02-25,
2009-03-04,
2009-03-11,
2009-03-18,
2009-03-25,
2009-04-01,
2009-04-08,
2009-04-15,
2009-04-22,
2009-04-29,
2009-05-06,
2009-05-13,
2009-05-20,
2009-05-27,
2009-06-03,
2009-06-10,
2009-06-17,
2009-06-24,
2009-07-01,
2009-07-08,
2009-07-15,
2009-07-22,
2009-07-29,
2009-08-05,
2009-08-12,
2009-08-19,
2009-08-26,
2009-09-02,
2009-09-09,
2009-09-16,
2009-09-23,
2009-09-30,
2009-10-07,
2009-10-14,
2009-10-21,
2009-10-28,
2009-11-04,
2009-11-11,
2009-11-18,
2009-11-25,
2009-12-02,
2009-12-09,
2009-12-16,
2009-12-23,
2009-12-30,
2010-01-06,
2010-01-13,
2010-01-20,
2010-01-27,
2010-02-03,
2010-02-10,
2010-02-17,
2010-02-24,
2010-03-03,
2010-03-10,
2010-03-17,
2010-03-24,
2010-03-31,
2010-04-07,
2010-04-14,
2010-04-21,
2010-04-28,
2010-05-05,
2010-05-12,
2010-05-19,
2010-05-26,
2010-06-02,
2010-06-09,
2010-06-16,
2010-06-23,
2010-06-30,
2010-07-07,
2010-07-14,
2010-07-21,
2010-07-28,
2010-08-04,
2010-08-11,
2010-08-18,
2010-08-25,
2010-09-01,
2010-09-08,
2010-09-15,
2010-09-22,
2010-09-29,
2010-10-06,
2010-10-13,
2010-10-20,
2010-10-27,
2010-11-03,
2010-11-10,
2010-11-17,
2010-11-24,
2010-12-01,
2010-12-08,
2010-12-15,
2010-12-22,
2010-12-29,
2011-01-05,
2011-01-12,
2011-01-19,
2011-01-26,
2011-02-02,
2011-02-09,
2011-02-16,
2011-02-23,
2011-03-02,
2011-03-09,
2011-03-16,
2011-03-23,
2011-03-30,
2011-04-06,
2011-04-13,
2011-04-20,
2011-04-27,
2011-05-04,
2011-05-11,
2011-05-18,
2011-05-25,
2011-06-01,
2011-06-08,
2011-06-15,
2011-06-22,
2011-06-29,
2011-07-06,
2011-07-13,
2011-07-20,
2011-07-27,
2011-08-03,
2011-08-10,
2011-08-17,
2011-08-24,
2011-08-31,
2011-09-07,
2011-09-14,
2011-09-21,
2011-09-28,
2011-10-05,
2011-10-12,
2011-10-19,
2011-10-26,
2011-11-02,
2011-11-09,
2011-11-16,
2011-11-23,
2011-11-30,
2011-12-07,
2011-12-14,
2011-12-21,
2011-12-28,
2012-01-04,
2012-01-11,
2012-01-18,
2012-01-25,
2012-02-01,
2012-02-08,
2012-02-15,
2012-02-22,
2012-02-29,
2012-03-07,
2012-03-14,
2012-03-21,
2012-03-28,
2012-04-04,
2012-04-11,
2012-04-18,
2012-04-25,
2012-05-02,
2012-05-09,
2012-05-16,
2012-05-23,
2012-05-30,
2012-06-06,
2012-06-13,
2012-06-20,
2012-06-27,
2012-07-04,
2012-07-11,
2012-07-18,
2012-07-25,
2012-08-01,
2012-08-08,
2012-08-15,
2012-08-22,
2012-08-29,
2012-09-05,
2012-09-12,
2012-09-19,
2012-09-26,
2012-10-03,
2012-10-10,
2012-10-17,
2012-10-24,
2012-10-31,
2012-11-07,
2012-11-14,
2012-11-21,
2012-11-28,
2012-12-05,
2012-12-12,
2012-12-19,
2012-12-26,
2013-01-02,
2013-01-09,
2013-01-16,
2013-01-23,
2013-01-30,
2013-02-06,
2013-02-13,
2013-02-20,
2013-02-27,
2013-03-06,
2013-03-13,
2013-03-20,
2013-03-27,
2013-04-03,
2013-04-10,
2013-04-17,
2013-04-24,
2013-05-01,
2013-05-08,
2013-05-15,
2013-05-22,
2013-05-29,
2013-06-05,
2013-06-12,
2013-06-19,
2013-06-26,
2013-07-03,
2013-07-10,
2013-07-17,
2013-07-24,
2013-07-31,
2013-08-07,
2013-08-14,
2013-08-21,
2013-08-28,
2013-09-04,
2013-09-11,
2013-09-18,
2013-09-25,
2013-10-02,
2013-10-09,
2013-10-16,
2013-10-23,
2013-10-30,
2013-11-06,
2013-11-13,
2013-11-20,
2013-11-27,
2013-12-04,
2013-12-11,
2013-12-18,
2013-12-25,
2014-01-01,
2014-01-08,
2014-01-15,
2014-01-22,
2014-01-29,
2014-02-05,
2014-02-12,
2014-02-19,
2014-02-26,
2014-03-05,
2014-03-12,
2014-03-19,
2014-03-26,
2014-04-02,127.63
2014-04-09,128.14
2014-04-16,126.43
2014-04-23,124.43
2014-04-30,146.66
2014-05-07,157.46
2014-05-14,158.37
2014-05-21,148.39
2014-05-28,149.39
2014-06-04,124.46
2014-06-11,119.73
2014-06-18,119.73
2014-06-25,124.8
2014-07-02,126.74
2014-07-09,134.57
2014-07-16,132.74
2014-07-23,132.74
2014-07-30,116.95
2014-08-06,123.15
2014-08-13,126.46
2014-08-20,121.07
2014-08-27,111.27
2014-09-03,106.94
2014-09-10,107.75
2014-09-17,102.95
2014-09-24,102.95
2014-10-01,105.63
2014-10-08,106.63
2014-10-15,118.03
2014-10-22,122.93
2014-10-29,125.96
2014-11-05,133.76
2014-11-12,135
2014-11-19,137.27
2014-11-26,137.36
2014-12-03,145.26
2014-12-10,146.9
2014-12-17,144.48
2014-12-24,144.48
2014-12-31,144.48
2015-01-07,144.48
2015-01-14,146.1
2015-01-21,146.84
2015-01-28,148.64
2015-02-04,150.03
2015-02-11,150.03
2015-02-18,150.03
2015-02-25,150.03
2015-03-04,146.4
2015-03-11,146.4
2015-03-18,146.4
2015-03-25,146.4
2015-04-01,163.09
2015-04-08,157.98
2015-04-15,168.22
2015-04-22,168.22
2015-04-29,162.17
2015-05-06,157.58
2015-05-13,155.91
2015-05-20,155.91
2015-05-27,157.11
2015-06-03,159.51
2015-06-10,164.08
2015-06-17,175.68
2015-06-24,175.64
2015-07-01,178.64
2015-07-08,187.05
2015-07-15,189.05
2015-07-22,185.05
2015-07-29,161.05
2015-08-05,159.18
2015-08-12,157.8
2015-08-19,160.02
2015-08-26,161.82
2015-09-02,162.95
2015-09-09,163.76
2015-09-16,163.76
2015-09-23,166.3
2015-09-30,159.3
2015-10-07,160.48
2015-10-14,160.48
2015-10-21,163.28
2015-10-28,162.48
2015-11-04,162.48
2015-11-11,162.48
2015-11-18,162.48
2015-11-25,170.48
2015-12-02,172
2015-12-09,166.71
2015-12-16,164.72
2015-12-23,166.05
2015-12-30,166.66
2016-01-06,167.32
2016-01-13,161.88
2016-01-20,162
2016-01-27,162.92
2016-02-03,166.18
2016-02-10,166.65
2016-02-17,166.65
2016-02-24,163.91
2016-03-02,162.38
2016-03-09,157.89
2016-03-16,157.89
2016-03-23,157.89
2016-03-30,158.69
2016-04-06,161.92
2016-04-13,159.86
2016-04-20,158.26
2016-04-27,158.86
2016-05-04,158.15
2016-05-11,160.82
2016-05-18,160.25
2016-05-25,159.75
2016-06-01,158.1
2016-06-08,155.6
2016-06-15,155.19
2016-06-22,154.41
2016-06-29,152.57
2016-07-06,151.37
2016-07-13,150.95
2016-07-20,140.05
2016-07-27,133.92
2016-08-03,128.14
2016-08-10,125.73
2016-08-17,124.57
2016-08-24,120.68
2016-08-31,119.3
2016-09-07,117.54
2016-09-14,116.5
2016-09-21,116.5
2016-09-28,113.68
2016-10-05,113.68
2016-10-12,117.2
2016-10-19,119.52
2016-10-26,123.68
2016-11-02,125.28
2016-11-09,125.28
2016-11-16,126.79
2016-11-23,127.45
2016-11-30,127.45
2016-12-07,127.32
2016-12-14,128.15
2016-12-21,128.48
2016-12-28,127.65
2017-01-04,126.83
2017-01-11,126.49
2017-01-18,124.23
2017-01-25,120.29
2017-02-01,118.41
2017-02-08,117.42
2017-02-15,119.42
2017-02-22,118.42
2017-03-01,118.3
2017-03-08,118.3
2017-03-15,119.3
2017-03-22,118.47
2017-03-29,118.97
2017-04-05,121.48
2017-04-12,121.48
2017-04-19,123.08
2017-04-26,123.08
2017-05-03,125.65
2017-05-10,125.65
2017-05-17,126.11
2017-05-24,126.61
2017-05-31,126.11
2017-06-07,127.17
2017-06-14,127.91
2017-06-21,126.99
2017-06-28,126.99
2017-07-05,132.59
2017-07-12,142.27
2017-07-19,142.27
2017-07-26,140.89
2017-08-02,144.05
2017-08-09,144.05
2017-08-16,141.78
2017-08-23,136.53
2017-08-30,139.87
2017-09-06,136.53
2017-09-13,136.53
2017-09-20,136.53
2017-09-27,144.53
2017-10-04,148.02
2017-10-11,148.02
2017-10-18,154.71
2017-10-25,152.85
2017-11-01,153.01
2017-11-08,157.8
2017-11-15,158.64
2017-11-22,164.29
2017-11-29,163.58
2017-12-06,168.25
2017-12-13,179.27
2017-12-20,171.13
2017-12-27,171.13
2018-01-03,171.87
2018-01-10,173.23
2018-01-17,173.23
2018-01-24,172.47
2018-01-31,174.27
2018-02-07,174.99
2018-02-14,177.29
2018-02-21,177.29
2018-02-28,181.77
2018-03-07,185.49
2018-03-14,185.49
2018-03-21,185.49
2018-03-28,192.92
2018-04-04,191.77
2018-04-11,195.24
2018-04-18,191.97
2018-04-25,192.35
2018-05-02,199.82
2018-05-09,199.82
2018-05-16,199.82
2018-05-23,199.82
2018-05-30,199.82
2018-06-06,203.92
2018-06-13,197.42
2018-06-20,184.1
2018-06-27,183.34
2018-07-04,181.84
2018-07-11,179.51
2018-07-18,179.51
2018-07-25,179.89
2018-08-01,182.42
2018-08-08,202.39
2018-08-15,197.05
2018-08-22,192.69
2018-08-29,189.56
2018-09-05,192.19
2018-09-12,194.48
2018-09-19,191.04
2018-09-26,191.06
2018-10-03,193.95
2018-10-10,195.67
2018-10-17,195.82
2018-10-24,196.6
2018-10-31,195.82
2018-11-07,190.66
2018-11-14,189.19
2018-11-21,189.78
2018-11-28,189.98
2018-12-05,192.18
2018-12-12,192.18
2018-12-19,192.18
2018-12-26,193.98
2019-01-02,193.52
2019-01-09,201.52
2019-01-16,202.43
2019-01-23,205.6
2019-01-30,205.6
2019-02-06,205.28
2019-02-13,206.43
2019-02-20,209.51
2019-02-27,206.43
2019-03-06,210.43
2019-03-13,210.43
2019-03-20,210.43
2019-03-27,210.43
2019-04-03,199.52
2019-04-10,200.6
2019-04-17,200.6
2019-04-24,200.6
2019-05-01,201.06
2019-05-08,201.06
2019-05-15,201.06
2019-05-22,201.06
2019-05-29,200.06
2019-06-05,206.52
2019-06-12,208.52
2019-06-19,212.19
2019-06-26,211.09
2019-07-03,215.5
2019-07-10,211.81
2019-07-17,191.81
2019-07-24,191.81
2019-07-31,189.52
2019-08-07,177.25
2019-08-14,177.25
2019-08-21,169.45
2019-08-28,169.25
2019-09-04,166.71
2019-09-11,156.33
2019-09-18,144.73
2019-09-25,144.13
2019-10-02,149.39
2019-10-09,146.77
2019-10-16,146.77
2019-10-23,146.77
2019-10-30,150.77
2019-11-06,161.8
2019-11-13,160.79
2019-11-20,157.47
2019-11-27,158.49
2019-12-04,171.56
2019-12-11,149.47
2019-12-18,148.3
2019-12-25,148.47
2020-01-01,160.92
2020-01-08,165.4
2020-01-15,164.3
2020-01-22,164.3
2020-01-29,165.05
2020-02-05,164.3
2020-02-12,162.53
2020-02-19,162.54
2020-02-26,162.53
2020-03-04,160.55
2020-03-11,159.3
2020-03-18,159.3
2020-03-25,167.3
2020-04-01,170.33
2020-04-08,177.33
2020-04-15,177.33
2020-04-22,167.33
2020-04-29,168.84
2020-05-06,170.08
2020-05-13,175.08
2020-05-20,175.08
2020-05-27,182.12
2020-06-03,182.12
2020-06-10,180.62
2020-06-17,184.59
2020-06-24,184.59
2020-07-01,184.25
2020-07-08,184.25
2020-07-15,184.25
2020-07-22,187.57
2020-07-29,187.06
2020-08-05,164.08
2020-08-12,158.08
2020-08-19,151.83
2020-08-26,155.96
2020-09-02,167.58
2020-09-09,171.4
2020-09-16,178.43
2020-09-23,179.1
2020-09-30,181.76
2020-10-07,191.74
2020-10-14,196.76
2020-10-21,208.8
2020-10-28,211.8
2020-11-04,206.77
2020-11-11,200.4
2020-11-18,200.4
2020-11-25,200.4
2020-12-02,202.07
2020-12-09,202.07
2020-12-16,202.07
2020-12-23,202.07
2020-12-30,202.07
2021-01-06,227.4
2021-01-13,266.74
2021-01-20,226.74
2021-01-27,226.77
2021-02-03,245.43
2021-02-10,269.21
2021-02-17,244.76
2021-02-24,255.8
2021-03-03,255.8
2021-03-10,261.77
2021-03-17,274.21
2021-03-24,257.89
2021-03-31,247.89
2021-04-07,252.89
2021-04-14,251.85
2021-04-21,251.85
2021-04-28,251.85
2021-05-05,253.85
2021-05-12,267.41
2021-05-19,269.58
2021-05-26,259.38
2021-06-02,267.58
2021-06-09,265.88
2021-06-16,259.22
2021-06-23,243.88
2021-06-30,243.88
2021-07-07,243.88
2021-07-14,243.88
2021-07-21,243.88
2021-07-28,253.88
2021-08-04,283.88
2021-08-11,308.88
2021-08-18,343.88
2021-08-25,343.88
2021-09-01,343.88
2021-09-08,328.88
2021-09-15,318.88
2021-09-22,318.88
2021-09-29,318.88
2021-10-06,313.88
2021-10-13,313.88
2021-10-20,313.88
2021-10-27,313.88
2021-11-03,361.86
2021-11-10,371.86
2021-11-17,371.86
2021-11-24,371.86
2021-12-01,373.32
2021-12-08,371.86
2021-12-15,371.86
2021-12-22,371.86
2021-12-29,371.86
2022-01-05,371.86
2022-01-12,371.86
2022-01-19,371.86
2022-01-26,366.86
2022-02-02,365.73
2022-02-09,365.73
2022-02-16,365.73
2022-02-23,365.73
2022-03-02,375.73
2022-03-09,399.37
2022-03-16,349.83
2022-03-23,349.83
2022-03-30,349.41
2022-04-06,349.41
2022-04-13,349.41
2022-04-20,349.41
2022-04-27,349.41
2022-05-04,380.07
2022-05-11,380.07
2022-05-18,380.07
2022-05-25,380.07
2022-06-01,380.07
2022-06-08,375.23
2022-06-15,370.87
2022-06-22,356.57
2022-06-29,336.32
2022-07-06,306.52
2022-07-13,289.37
2022-07-20,289.37
2022-07-27,279.37
2022-08-03,266.52
2022-08-10,257.06
2022-08-17,251.16
2022-08-24,255.22
2022-08-31,274.51
2022-09-07,287.67
2022-09-14,279.06
2022-09-21,298.14
2022-09-28,299.57
2022-10-05,328.14
2022-10-12,338.51
2022-10-19,349.76
2022-10-26,355.5
2022-11-02,355.5
2022-11-09,354.62
2022-11-16,351.75
2022-11-23,351.75
2022-11-30,351.75
2022-12-07,340.76
2022-12-14,348.68
2022-12-21,348.57
2022-12-28,364.74
2023-01-04,364.74
2023-01-11,350.01
2023-01-18,350.01
2023-01-25,348.76
2023-02-01,357.51
2023-02-08,357.65
2023-02-15,353.9
2023-02-22,358.21
2023-03-01,355.74
2023-03-08,360.35
2023-03-15,354.79
