Date,"Canola 1CAN ($ per tonne)"
1980-07-02,
1980-07-09,
1980-07-16,
1980-07-23,
1980-07-30,
1980-08-06,
1980-08-13,
1980-08-20,
1980-08-27,
1980-09-03,
1980-09-10,
1980-09-17,
1980-09-24,
1980-10-01,
1980-10-08,
1980-10-15,
1980-10-22,
1980-10-29,
1980-11-05,
1980-11-12,
1980-11-19,
1980-11-26,
1980-12-03,
1980-12-10,
1980-12-17,
1981-01-07,
1981-01-14,
1981-01-21,
1981-01-28,
1981-02-04,
1981-02-11,
1981-02-18,
1981-02-25,
1981-03-04,
1981-03-11,
1981-03-18,
1981-03-25,
1981-04-01,
1981-04-08,
1981-04-15,
1981-04-22,
1981-04-29,
1981-05-06,
1981-05-13,
1981-05-20,
1981-05-27,
1981-06-03,
1981-06-10,
1981-06-17,
1981-06-24,
1981-07-01,
1981-07-08,
1981-07-15,
1981-07-22,
1981-07-29,
1981-08-05,
1981-08-12,
1981-08-19,
1981-08-26,
1981-09-02,
1981-09-09,
1981-09-16,
1981-09-23,
1981-09-30,
1981-10-07,
1981-10-14,
1981-10-21,
1981-10-28,
1981-11-04,
1981-11-11,
1981-11-18,
1981-11-25,
1981-12-02,
1981-12-09,
1981-12-16,
1981-12-23,
1981-12-30,
1982-01-06,
1982-01-13,
1982-01-20,
1982-01-27,
1982-02-03,
1982-02-10,
1982-02-17,
1982-02-24,
1982-03-03,
1982-03-10,
1982-03-17,
1982-03-24,
1982-03-31,
1982-04-07,
1982-04-14,
1982-04-21,
1982-04-28,
1982-05-05,
1982-05-12,
1982-05-19,
1982-05-26,
1982-06-02,
1982-06-09,
1982-06-16,
1982-06-23,
1982-06-30,
1982-07-07,
1982-07-14,
1982-07-21,
1982-07-28,
1982-08-04,265.8
1982-08-11,262.1
1982-08-18,263.9
1982-08-25,284.6
1982-09-01,280.4
1982-09-08,269.1
1982-09-15,279.4
1982-09-22,269.3
1982-09-29,265.9
1982-10-06,267.9
1982-10-13,272.9
1982-10-20,273.8
1982-10-27,268.7
1982-11-03,281.5
1982-11-10,289.1
1982-11-17,288.5
1982-11-24,289.2
1982-12-01,289.1
1982-12-08,285.5
1982-12-15,283.8
1982-12-22,274.4
1982-12-29,276.6
1983-01-05,279.5
1983-01-12,283.5
1983-01-19,280.1
1983-01-26,282
1983-02-02,281.9
1983-02-09,274
1983-02-16,276.3
1983-02-23,270.1
1983-03-02,267.9
1983-03-09,272.2
1983-03-16,272.7
1983-03-23,278.6
1983-03-30,
1983-04-06,
1983-04-13,279.5
1983-04-20,284.5
1983-04-27,290.2
1983-05-04,284.4
1983-05-11,287.2
1983-05-18,292.2
1983-05-25,291.1
1983-06-01,278.1
1983-06-08,277.7
1983-06-15,272
1983-06-22,272.8
1983-06-29,264.8
1983-07-06,280.2
1983-07-13,284.6
1983-07-20,297.7
1983-07-27,294.7
1983-08-03,301.4
1983-08-10,320.3
1983-08-17,344.3
1983-08-24,339.7
1983-08-31,
1983-09-07,363.7
1983-09-14,389.5
1983-09-21,396.2
1983-09-28,383
1983-10-05,375.5
1983-10-12,380.1
1983-10-19,373.8
1983-10-26,364.8
1983-11-02,373.1
1983-11-09,
1983-11-16,353.8
1983-11-23,351.5
1983-11-30,
1983-12-07,341.7
1983-12-14,354.9
1983-12-21,
1983-12-28,
1984-01-04,364.7
1984-01-11,365.7
1984-01-18,377.4
1984-01-25,368.7
1984-02-01,357.3
1984-02-08,348.3
1984-02-15,364.5
1984-02-22,369.5
1984-02-29,386.6
1984-03-07,378.1
1984-03-14,392.7
1984-03-21,387.9
1984-03-28,401.1
1984-04-04,411.9
1984-04-11,422.5
1984-04-18,451.9
1984-04-25,458.9
1984-05-02,511
1984-05-09,503.9
1984-05-16,548.8
1984-05-23,573.1
1984-05-30,520.4
1984-06-06,525.9
1984-06-13,530.2
1984-06-20,504.2
1984-06-27,495.1
1984-07-04,462.2
1984-07-11,459.4
1984-07-18,425.2
1984-07-25,405.4
1984-08-01,374.4
1984-08-08,358.9
1984-08-15,346.7
1984-08-22,348.3
1984-08-29,345.1
1984-09-05,346.6
1984-09-12,342.3
1984-09-19,342
1984-09-26,355.7
1984-10-03,353.4
1984-10-10,357.1
1984-10-17,355.1
1984-10-24,
1984-10-31,362.3
1984-11-07,366.6
1984-11-14,365.7
1984-11-21,360
1984-11-28,350.7
1984-12-05,337.6
1984-12-12,341.8
1984-12-19,
1984-12-26,
1985-01-02,329
1985-01-09,338.9
1985-01-16,346.2
1985-01-23,344.6
1985-01-30,347
1985-02-06,354.1
1985-02-13,350.4
1985-02-20,350.5
1985-02-27,355.7
1985-03-06,352.9
1985-03-13,352.6
1985-03-20,354.3
1985-03-27,357.3
1985-04-03,362.5
1985-04-10,370.8
1985-04-17,390.8
1985-04-24,380.8
1985-05-01,388.7
1985-05-08,368.5
1985-05-15,365.7
1985-05-22,349.6
1985-05-29,350.3
1985-06-05,357.8
1985-06-12,355
1985-06-19,348.5
1985-06-26,340.4
1985-07-03,345.8
1985-07-10,340.5
1985-07-17,328.2
1985-07-24,316.5
1985-07-31,315.8
1985-08-07,305.7
1985-08-14,300.7
1985-08-21,298.1
1985-08-28,299.8
1985-09-04,298.3
1985-09-11,296.2
1985-09-18,300.7
1985-09-25,284
1985-10-02,296.9
1985-10-09,285.5
1985-10-16,274
1985-10-23,275.7
1985-10-30,279.7
1985-11-06,283.6
1985-11-13,275.2
1985-11-20,276.4
1985-11-27,280.1
1985-12-04,278
1985-12-11,281.5
1985-12-18,
1985-12-25,
1986-01-01,
1986-01-08,293.7
1986-01-15,289.5
1986-01-22,287
1986-01-29,285.4
1986-02-05,284.1
1986-02-12,276.6
1986-02-19,271.7
1986-02-26,261.3
1986-03-05,261.3
1986-03-12,272.2
1986-03-19,267.2
1986-03-26,264.9
1986-04-02,267
1986-04-09,253.2
1986-04-16,255.7
1986-04-23,247.2
1986-04-30,257
1986-05-07,247.1
1986-05-14,257.3
1986-05-21,253.8
1986-05-28,255.1
1986-06-04,247.2
1986-06-11,246.3
1986-06-18,245.2
1986-06-25,244
1986-07-02,233.9
1986-07-09,235
1986-07-16,238.7
1986-07-23,224.2
1986-07-30,215.2
1986-08-06,198.2
1986-08-13,195.8
1986-08-20,189.8
1986-08-27,187.6
1986-09-03,184.7
1986-09-10,186.5
1986-09-17,193.1
1986-09-24,198
1986-10-01,208.5
1986-10-08,209.6
1986-10-15,204.5
1986-10-22,214.7
1986-10-29,215.3
1986-11-05,222
1986-11-12,230.6
1986-11-19,224.9
1986-11-26,221.4
1986-12-03,222.6
1986-12-10,216.5
1986-12-17,214.3
1986-12-24,215.9
1987-01-07,213.5
1987-01-14,213.5
1987-01-21,213.5
1987-01-28,214.6
1987-02-04,210.8
1987-02-11,205.6
1987-02-18,193.8
1987-02-25,188.8
1987-03-04,190.8
1987-03-11,196.6
1987-03-18,193.2
1987-03-25,186.4
1987-04-01,191.9
1987-04-08,193.3
1987-04-15,196.7
1987-04-22,190.6
1987-04-29,197.8
1987-05-06,209
1987-05-13,220.5
1987-05-20,214.3
1987-05-27,216.5
1987-06-03,228.4
1987-06-10,222.9
1987-06-17,237.6
1987-06-24,236.1
1987-07-01,237.9
1987-07-08,241.9
1987-07-15,235.4
1987-07-22,222.2
1987-07-29,223.9
1987-08-05,217
1987-08-12,214.7
1987-08-19,221
1987-08-26,218.6
1987-09-02,205.7
1987-09-09,207.1
1987-09-16,208
1987-09-23,212.3
1987-09-30,218.5
1987-10-07,224
1987-10-14,231.4
1987-10-21,222.5
1987-10-28,219.7
1987-11-04,217.7
1987-11-11,229.8
1987-11-18,232.7
1987-11-25,240.8
1987-12-02,241.1
1987-12-09,242.3
1987-12-16,245.5
1987-12-23,256
1987-12-30,260.4
1988-01-06,269.6
1988-01-13,271.3
1988-01-20,272.1
1988-01-27,263.6
1988-02-03,269.5
1988-02-10,273.8
1988-02-17,277.3
1988-02-24,275.1
1988-03-02,269.6
1988-03-09,267.4
1988-03-16,260.4
1988-03-23,267.9
1988-03-30,271.3
1988-04-06,277.5
1988-04-13,277.2
1988-04-20,280
1988-04-27,281.5
1988-05-04,276.7
1988-05-11,294.1
1988-05-18,310.2
1988-05-25,322.7
1988-06-01,341
1988-06-08,369.5
1988-06-15,357
1988-06-22,415.8
1988-06-29,391.3
1988-07-06,407.7
1988-07-13,383.7
1988-07-20,341.4
1988-07-27,307.2
1988-08-03,343.2
1988-08-10,351.9
1988-08-17,353.9
1988-08-24,342.3
1988-08-31,345.8
1988-09-07,354.7
1988-09-14,356.1
1988-09-21,338.6
1988-09-28,334.3
1988-10-05,327.5
1988-10-12,313.6
1988-10-19,316.9
1988-10-26,294.4
1988-11-02,308
1988-11-09,314.3
1988-11-16,291.2
1988-11-23,293.4
1988-11-30,291.2
1988-12-07,304.5
1988-12-14,317.1
1988-12-21,321
1988-12-28,320
1989-01-04,319.9
1989-01-11,315.8
1989-01-18,295.3
1989-01-25,284.1
1989-02-01,290.4
1989-02-08,284.7
1989-02-15,287.3
1989-02-22,304.2
1989-03-01,309.4
1989-03-08,307.6
1989-03-15,313.9
1989-03-22,312.9
1989-03-29,303.2
1989-04-05,298.7
1989-04-12,306.2
1989-04-19,305.7
1989-04-26,305.4
1989-05-03,316
1989-05-10,314.2
1989-05-17,302.7
1989-05-24,285.3
1989-05-31,283.7
1989-06-07,278.9
1989-06-14,265.3
1989-06-21,270.1
1989-06-28,264.8
1989-07-05,283.8
1989-07-12,259.2
1989-07-19,259.1
1989-07-26,250
1989-08-02,237.1
1989-08-09,240.9
1989-08-16,248.8
1989-08-23,258.3
1989-08-30,250.2
1989-09-06,258.8
1989-09-13,251.1
1989-09-20,262.9
1989-09-27,257.6
1989-10-04,257.5
1989-10-11,351.6
1989-10-18,257.3
1989-10-25,260.6
1989-11-01,258.9
1989-11-08,260.7
1989-11-15,270.4
1989-11-22,275.6
1989-11-29,274.3
1989-12-06,272.7
1989-12-13,275
1989-12-20,273.1
1989-12-27,
1990-01-03,270.3
1990-01-10,275.5
1990-01-17,272.8
1990-01-24,271.2
1990-01-31,272.6
1990-02-07,275.3
1990-02-14,276.5
1990-02-21,277.1
1990-02-28,280.3
1990-03-07,286.9
1990-03-14,283.1
1990-03-21,290.9
1990-03-28,287.5
1990-04-04,288.5
1990-04-11,292
1990-04-18,296
1990-04-25,296.6
1990-05-02,295.5
1990-05-09,305
1990-05-16,298.1
1990-05-23,291.5
1990-05-30,281.4
1990-06-06,275.6
1990-06-13,277.4
1990-06-20,275
1990-06-27,277
1990-07-04,288.9
1990-07-11,277.8
1990-07-18,272.3
1990-07-25,266.2
1990-08-01,263.2
1990-08-08,267.9
1990-08-15,272.4
1990-08-22,272.6
1990-08-29,264.5
1990-09-05,255.2
1990-09-12,261.7
1990-09-19,255.4
1990-09-26,262
1990-10-03,257.9
1990-10-10,255.2
1990-10-17,256
1990-10-24,253.9
1990-10-31,253.2
1990-11-07,254.7
1990-11-14,245.2
1990-11-21,248.1
1990-11-28,250
1990-12-05,250.3
1990-12-12,256
1990-12-19,252
1990-12-26,
1991-01-02,239.4
1991-01-09,244
1991-01-16,245.2
1991-01-23,251.9
1991-01-30,247
1991-02-06,245.9
1991-02-13,247.8
1991-02-20,254.1
1991-02-27,256
1991-03-06,262.2
1991-03-13,273.3
1991-03-20,267.9
1991-03-27,268.6
1991-04-03,272.6
1991-04-10,273.9
1991-04-17,277.3
1991-04-24,275.7
1991-05-01,272.9
1991-05-08,272.6
1991-05-15,263.8
1991-05-22,261.3
1991-05-29,262.5
1991-06-05,261.1
1991-06-12,256.7
1991-06-19,255.8
1991-06-26,252.8
1991-07-03,244.1
1991-07-10,230.3
1991-07-17,241.4
1991-07-24,244.3
1991-07-31,256.9
1991-08-07,245
1991-08-14,239
1991-08-21,246.2
1991-08-28,240.7
1991-09-04,231.6
1991-09-11,234.3
1991-09-18,242.9
1991-09-25,238.9
1991-10-02,236.8
1991-10-09,231.1
1991-10-16,230.8
1991-10-23,225.5
1991-10-30,222.5
1991-11-06,220.3
1991-11-13,225
1991-11-20,222.9
1991-11-27,226.2
1991-12-04,231
1991-12-11,222.8
1991-12-18,224.3
1991-12-25,
1992-01-01,
1992-01-08,226.4
1992-01-15,227.2
1992-01-22,235.6
1992-01-29,236
1992-02-05,238.9
1992-02-12,241.7
1992-02-19,245.3
1992-02-26,244.2
1992-03-04,255.3
1992-03-11,255.8
1992-03-18,251.3
1992-03-25,247.1
1992-04-01,247.8
1992-04-08,241.2
1992-04-15,243
1992-04-22,242.7
1992-04-29,245.4
1992-05-06,249.1
1992-05-13,258.2
1992-05-20,257.9
1992-05-27,257.1
1992-06-03,260.9
1992-06-10,264.4
1992-06-17,253.4
1992-06-24,250.1
1992-07-01,
1992-07-08,246.8
1992-07-15,246
1992-07-22,244.1
1992-07-29,245.8
1992-08-05,238.7
1992-08-12,235.5
1992-08-19,242.8
1992-08-26,260.4
1992-09-02,276.4
1992-09-09,285.3
1992-09-16,283.3
1992-09-23,264.6
1992-09-30,262.4
1992-10-07,258.1
1992-10-14,271.5
1992-10-21,274
1992-10-28,276.3
1992-11-04,284.3
1992-11-11,
1992-11-18,304.4
1992-11-25,300.7
1992-12-02,300.3
1992-12-09,305
1992-12-16,297.4
1992-12-23,305.3
1993-01-06,309.8
1993-01-13,313
1993-01-20,310.6
1993-01-27,310.9
1993-02-03,307.4
1993-02-10,301.6
1993-02-17,305.1
1993-02-24,306.1
1993-03-03,309.7
1993-03-10,307.3
1993-03-17,304.2
1993-03-24,306.7
1993-03-31,304.2
1993-04-07,307.3
1993-04-14,308.2
1993-04-21,292.2
1993-04-28,288.4
1993-05-05,285.5
1993-05-12,282.9
1993-05-19,288.4
1993-05-26,287
1993-06-02,282
1993-06-09,291.2
1993-06-16,282.8
1993-06-23,295.7
1993-06-30,295.3
1993-07-07,311
1993-07-14,306.1
1993-07-21,304.9
1993-07-28,290.9
1993-08-04,294.1
1993-08-11,291.9
1993-08-18,287.6
1993-08-25,278.2
1993-09-01,271.4
1993-09-08,268.9
1993-09-15,270.1
1993-09-22,272
1993-09-29,269
1993-10-06,268.5
1993-10-13,271.1
1993-10-20,273.3
1993-10-27,278.6
1993-11-03,278.6
1993-11-10,290.1
1993-11-17,299.5
1993-11-24,304.4
1993-12-01,309.8
1993-12-08,317
1993-12-15,
1993-12-22,340
1993-12-29,351.3
1994-01-05,341.6
1994-01-12,364
1994-01-19,383.2
1994-01-26,399.9
1994-02-02,396.5
1994-02-09,389.6
1994-02-16,383
1994-02-23,376.5
1994-03-02,381.8
1994-03-09,384.3
1994-03-16,402.2
1994-03-23,410.5
1994-03-30,409.3
1994-04-06,395.7
1994-04-13,403.1
1994-04-20,432.2
1994-04-27,446.3
1994-05-04,431.1
1994-05-11,416.1
1994-05-18,433.9
1994-05-25,423.5
1994-06-01,461.6
1994-06-08,438.1
1994-06-15,458.2
1994-06-22,426.1
1994-06-29,350.6
1994-07-06,302.5
1994-07-13,313.9
1994-07-20,291.4
1994-07-27,288.9
1994-08-03,300.5
1994-08-10,325.6
1994-08-17,314.3
1994-08-24,327.4
1994-08-31,326.2
1994-09-07,336.7
1994-09-14,342.7
1994-09-21,329.8
1994-09-28,334.4
1994-10-05,324.8
1994-10-12,331.4
1994-10-19,336.2
1994-10-26,339.4
1994-11-02,343.5
1994-11-09,352.3
1994-11-16,368.8
1994-11-23,358.1
1994-11-30,374.6
1994-12-07,384.2
1994-12-14,392
1994-12-21,391.6
1994-12-28,402.6
1995-01-04,398
1995-01-11,398
1995-01-18,393.3
1995-01-25,393.4
1995-02-01,385
1995-02-08,385
1995-02-15,392.3
1995-02-22,403.2
1995-03-01,407.2
1995-03-08,418.8
1995-03-15,431.6
1995-03-22,420
1995-03-29,420
1995-04-05,407.7
1995-04-12,392.1
1995-04-19,368.2
1995-04-26,368.2
1995-05-03,368
1995-05-10,343.7
1995-05-17,343.7
1995-05-24,334.7
1995-05-31,336.3
1995-06-07,346.3
1995-06-14,360.7
1995-06-21,360.4
1995-06-28,354.7
1995-07-05,354.7
1995-07-12,362.6
1995-07-19,378
1995-07-26,375.8
1995-08-02,319.5
1995-08-09,323.5
1995-08-16,334.3
1995-08-23,331
1995-08-30,324.5
1995-09-06,318.1
1995-09-13,321.8
1995-09-20,344.8
1995-09-27,344.8
1995-10-04,342.9
1995-10-11,349.2
1995-10-18,344.4
1995-10-25,351.2
1995-11-01,349
1995-11-08,352.3
1995-11-15,348.6
1995-11-22,346.5
1995-11-29,343.6
1995-12-06,358.4
1995-12-13,359.8
1995-12-20,363
1995-12-27,359.5
1996-01-03,372
1996-01-10,366.5
1996-01-17,361.5
1996-01-24,364.1
1996-01-31,355.5
1996-02-07,359.5
1996-02-14,359
1996-02-21,355.2
1996-02-28,
1996-03-06,361.56
1996-03-13,354.94
1996-03-20,353.78
1996-03-27,361.78
1996-04-03,369.88
1996-04-10,380.78
1996-04-17,377.58
1996-04-24,390.88
1996-05-01,392.18
1996-05-08,407.28
1996-05-15,409.48
1996-05-22,412.78
1996-05-29,403.38
1996-06-05,405.58
1996-06-12,412.18
1996-06-19,408.28
1996-06-26,401.28
1996-07-03,413.08
1996-07-10,405.38
1996-07-17,425.38
1996-07-24,409.38
1996-07-31,398.38
1996-08-07,400.74
1996-08-14,413.24
1996-08-21,401.84
1996-08-28,403.34
1996-09-04,400.64
1996-09-11,416.94
1996-09-18,411.64
1996-09-25,415.84
1996-10-02,417.44
1996-10-09,406.62
1996-10-16,385.24
1996-10-23,384.64
1996-10-30,379.94
1996-11-06,363.34
1996-11-13,372.24
1996-11-20,386.24
1996-11-27,384.64
1996-12-04,384.38
1996-12-11,380.44
1996-12-18,387.44
1996-12-25,383.64
1997-01-01,377.74
1997-01-08,382.34
1997-01-15,392.44
1997-01-22,388.44
1997-01-29,389.94
1997-02-05,382.28
1997-02-12,385.24
1997-02-19,394.64
1997-02-26,398.58
1997-03-05,398.28
1997-03-12,410.48
1997-03-19,413.38
1997-03-26,407.78
1997-04-02,417.88
1997-04-09,406.08
1997-04-16,403.78
1997-04-23,397.48
1997-04-30,402.98
1997-05-07,401.68
1997-05-14,400.28
1997-05-21,383.18
1997-05-28,377.78
1997-06-04,381.78
1997-06-11,377.38
1997-06-18,372.18
1997-06-25,365.58
1997-07-02,330.58
1997-07-09,344.68
1997-07-16,358.68
1997-07-23,348.98
1997-07-30,359.68
1997-08-06,345.88
1997-08-13,339.66
1997-08-20,342.86
1997-08-27,342.46
1997-09-03,338.56
1997-09-10,340.22
1997-09-17,340.52
1997-09-24,338.92
1997-10-01,335.22
1997-10-08,344.58
1997-10-15,349.18
1997-10-22,348.72
1997-10-29,351.48
1997-11-05,355.08
1997-11-12,360.38
1997-11-19,366.08
1997-11-26,359.68
1997-12-03,359.38
1997-12-10,353.78
1997-12-17,344.38
1997-12-24,341.78
1997-12-31,345.88
1998-01-07,355.23
1998-01-14,358.63
1998-01-21,372.83
1998-01-28,374.23
1998-02-04,379.83
1998-02-11,379.73
1998-02-18,383.13
1998-02-25,364.13
1998-03-04,377.53
1998-03-11,385.73
1998-03-18,387.13
1998-03-25,396.53
1998-04-01,395.13
1998-04-08,388.53
1998-04-15,392.53
1998-04-22,409.33
1998-04-29,394.93
1998-05-06,410.83
1998-05-13,412.43
1998-05-20,385.73
1998-05-27,402.43
1998-06-03,402.13
1998-06-10,403.13
1998-06-17,396.83
1998-06-24,401.63
1998-07-01,386.63
1998-07-08,368.13
1998-07-15,370.13
1998-07-22,349.13
1998-07-29,342.43
1998-08-05,334.67
1998-08-12,324.83
1998-08-19,333.27
1998-08-26,332.97
1998-09-02,330.37
1998-09-09,338.34
1998-09-16,340.24
1998-09-23,338.34
1998-09-30,331.64
1998-10-07,337.64
1998-10-14,336.84
1998-10-21,343.64
1998-10-28,343.44
1998-11-04,350.34
1998-11-11,361.4
1998-11-18,365.74
1998-11-25,358.34
1998-12-02,372.2
1998-12-09,372.34
1998-12-16,367.54
1998-12-23,359.82
1998-12-30,361.92
1999-01-06,361.25
1999-01-13,358.85
1999-01-20,350.65
1999-01-27,338.85
1999-02-03,338.05
1999-02-10,333.55
1999-02-17,323.45
1999-02-24,298.05
1999-03-03,312.65
1999-03-10,311.35
1999-03-17,317.35
1999-03-24,327.45
1999-03-31,327.85
1999-04-07,300.05
1999-04-14,316.95
1999-04-21,325.55
1999-04-28,324.55
1999-05-05,314.85
1999-05-12,313.55
1999-05-19,295.05
1999-05-26,302.65
1999-06-02,301.95
1999-06-09,308.05
1999-06-16,301.55
1999-06-23,304.05
1999-06-30,296.55
1999-07-07,283.85
1999-07-14,230.35
1999-07-21,283.55
1999-07-28,257.95
1999-08-04,232.61
1999-08-11,239.11
1999-08-18,229.11
1999-08-25,220.81
1999-09-01,218.61
1999-09-08,231.61
1999-09-15,256.36
1999-09-22,252.77
1999-09-29,250.77
1999-10-06,245.65
1999-10-13,256.05
1999-10-20,256.05
1999-10-27,250.05
1999-11-03,244.48
1999-11-10,224.06
1999-11-17,249.38
1999-11-24,250.58
1999-12-01,250.75
1999-12-08,247.8
1999-12-15,237.15
1999-12-22,221.23
1999-12-29,230.02
2000-01-05,238.59
2000-01-12,237.73
2000-01-19,241.23
2000-01-26,243.08
2000-02-02,239.2
2000-02-09,230.05
2000-02-16,230.98
2000-02-23,237.14
2000-03-01,227.08
2000-03-08,231.68
2000-03-15,239.98
2000-03-22,235.28
2000-03-29,233.78
2000-04-05,238.89
2000-04-12,236.24
2000-04-19,244.84
2000-04-26,247.82
2000-05-03,244.24
2000-05-10,241.04
2000-05-17,235.44
2000-05-24,240.69
2000-05-31,228.99
2000-06-07,236.99
2000-06-14,231.29
2000-06-21,227.99
2000-06-28,220.53
2000-07-05,216.53
2000-07-12,218.43
2000-07-19,216.73
2000-07-26,215.13
2000-08-02,219.26
2000-08-09,217.95
2000-08-16,217.55
2000-08-23,220.54
2000-08-30,224.24
2000-09-06,227.89
2000-09-13,225.6
2000-09-20,218.24
2000-09-27,221.94
2000-10-04,228.43
2000-10-11,226.83
2000-10-18,221.98
2000-10-25,219.07
2000-11-01,211.74
2000-11-08,219.2
2000-11-15,222.74
2000-11-22,225.64
2000-11-29,226.19
2000-12-06,228.38
2000-12-13,232.53
2000-12-20,240.68
2000-12-27,
2001-01-03,231.8
2001-01-10,237.02
2001-01-17,231.59
2001-01-24,234.15
2001-01-31,232.31
2001-02-07,234.17
2001-02-14,235.3
2001-02-21,243.69
2001-02-28,250.21
2001-03-07,255.63
2001-03-14,257.26
2001-03-21,259.1
2001-03-28,256.33
2001-04-04,262.23
2001-04-11,250.34
2001-04-18,248.09
2001-04-25,246.3
2001-05-02,261.48
2001-05-09,265.09
2001-05-16,268.07
2001-05-23,274.52
2001-05-30,270.75
2001-06-06,274.4
2001-06-13,276.72
2001-06-20,283.23
2001-06-27,294.07
2001-07-04,292.04
2001-07-11,319.43
2001-07-18,330.91
2001-07-25,327.03
2001-08-01,337.44
2001-08-08,339.61
2001-08-15,345.98
2001-08-22,325.59
2001-08-29,316.63
2001-09-05,310.44
2001-09-12,309.43
2001-09-19,314.08
2001-09-26,317.5
2001-10-03,298.14
2001-10-10,303.21
2001-10-17,290.88
2001-10-24,292.82
2001-10-31,304.1
2001-11-07,313.51
2001-11-14,326.18
2001-11-21,328.62
2001-11-28,330.25
2001-12-05,333.49
2001-12-12,324.95
2001-12-19,317.08
2001-12-26,314.58
2002-01-02,312.09
2002-01-09,326.79
2002-01-16,321.17
2002-01-23,322.38
2002-01-30,326.11
2002-02-06,325.96
2002-02-13,320.91
2002-02-20,324.25
2002-02-27,321.81
2002-03-06,326.68
2002-03-13,328.07
2002-03-20,321.94
2002-03-27,309.79
2002-04-03,312.36
2002-04-10,310.14
2002-04-17,309.46
2002-04-24,307.92
2002-05-01,303.18
2002-05-08,302.97
2002-05-15,305.21
2002-05-22,314.53
2002-05-29,318.03
2002-06-05,329.74
2002-06-12,312.4
2002-06-19,317.23
2002-06-26,327
2002-07-03,341.34
2002-07-10,352.36
2002-07-17,369.96
2002-07-24,380.74
2002-07-31,379.44
2002-08-07,378.05
2002-08-14,397.73
2002-08-21,400.74
2002-08-28,390.77
2002-09-04,397.2
2002-09-11,405.21
2002-09-18,402.84
2002-09-25,401.37
2002-10-02,401.77
2002-10-09,403.71
2002-10-16,409.19
2002-10-23,416.6
2002-10-30,423.57
2002-11-06,422.26
2002-11-13,424.44
2002-11-20,424.89
2002-11-27,426.63
2002-12-04,415.8
2002-12-11,398.45
2002-12-18,393.84
2002-12-25,399.92
2002-12-31,
2003-01-01,393.3
2003-01-08,400.12
2003-01-15,382.36
2003-01-22,380.42
2003-01-29,387.23
2003-02-05,383.6
2003-02-12,388.85
2003-02-19,365.48
2003-02-26,350.92
2003-03-05,344.73
2003-03-12,344.62
2003-03-19,338.7
2003-03-26,334.97
2003-04-02,345.69
2003-04-09,359.44
2003-04-16,350.12
2003-04-23,347.92
2003-04-30,339.16
2003-05-07,338.45
2003-05-14,333.89
2003-05-21,328.88
2003-05-28,328.67
2003-06-04,321.36
2003-06-11,330.1
2003-06-18,328.25
2003-06-25,327.49
2003-07-02,320.52
2003-07-09,315.48
2003-07-16,316.8
2003-07-23,318.94
2003-07-30,318.21
2003-08-06,312.31
2003-08-13,313.51
2003-08-20,317.14
2003-08-27,316.61
2003-09-03,314.19
2003-09-10,312.87
2003-09-17,317.22
2003-09-24,322.09
2003-10-01,323.38
2003-10-08,326.89
2003-10-15,334.17
2003-10-22,332.26
2003-10-29,333.36
2003-11-05,333
2003-11-12,340.22
2003-11-19,342.35
2003-11-26,336.02
2003-12-03,332.09
2003-12-10,337.01
2003-12-17,330.52
2003-12-24,331.38
2003-12-31,336.91
2004-01-01,336.91
2004-01-07,337.43
2004-01-14,341.26
2004-01-21,340.29
2004-01-28,346.24
2004-02-04,346.39
2004-02-11,357.18
2004-02-18,361.37
2004-02-25,383.29
2004-03-03,383.36
2004-03-10,379.53
2004-03-17,389.09
2004-03-24,400.69
2004-03-31,397.39
2004-04-07,380.93
2004-04-14,369.26
2004-04-21,368.81
2004-04-28,382.8
2004-05-05,381.65
2004-05-12,381.25
2004-05-19,350.16
2004-05-26,351.11
2004-06-02,366.11
2004-06-09,359.86
2004-06-16,364.02
2004-06-23,357.92
2004-06-30,365.57
2004-07-07,348.05
2004-07-14,340.48
2004-07-21,332.57
2004-07-28,315.08
2004-08-04,297.93
2004-08-11,298.73
2004-08-18,310.4
2004-08-25,317.02
2004-09-01,329.68
2004-09-08,318.5
2004-09-15,311.53
2004-09-22,290.94
2004-09-29,289.06
2004-10-06,281.69
2004-10-13,268.74
2004-10-20,273.77
2004-10-27,264.76
2004-11-03,275.51
2004-11-10,305.98
2004-11-17,279.63
2004-11-24,276.64
2004-12-01,264.27
2004-12-08,255.52
2004-12-15,266.74
2004-12-22,265.09
2004-12-29,259.95
2005-01-01,259.95
2005-01-05,248.75
2005-01-12,255.61
2005-01-19,254.32
2005-01-26,253.57
2005-02-02,247.7
2005-02-09,243.56
2005-02-16,250.5
2005-02-23,265.59
2005-03-02,264.8
2005-03-09,265.09
2005-03-16,272.19
2005-03-23,256.96
2005-03-30,267.6
2005-04-06,270.18
2005-04-13,268.62
2005-04-20,275.25
2005-04-27,274.55
2005-05-04,271.98
2005-05-11,276.14
2005-05-18,276.39
2005-05-25,278.23
2005-06-01,282.89
2005-06-08,282.93
2005-06-15,286.69
2005-06-22,292.65
2005-06-29,272.44
2005-07-06,280.07
2005-07-13,275.41
2005-07-20,271.91
2005-07-27,277.81
2005-08-03,280.89
2005-08-10,267.2
2005-08-17,262.92
2005-08-24,260.79
2005-08-31,254.97
2005-09-07,244.83
2005-09-14,240.06
2005-09-21,232
2005-09-28,226.91
2005-10-05,230.13
2005-10-12,231.18
2005-10-19,225.51
2005-10-26,211.72
2005-11-02,209.06
2005-11-09,237.44
2005-11-16,215.26
2005-11-23,215.52
2005-11-30,212.84
2005-12-07,198.38
2005-12-14,204.26
2005-12-21,205.77
2005-12-28,213.01
2006-01-04,231.97
2006-01-11,224.48
2006-01-18,224.63
2006-01-25,218.27
2006-02-01,216.98
2006-02-08,217.93
2006-02-15,222.25
2006-02-22,220.91
2006-03-01,224.61
2006-03-08,225.08
2006-03-15,229.7
2006-03-22,235.31
2006-03-29,234.7
2006-04-05,234.21
2006-04-12,234.46
2006-04-19,240.8
2006-04-26,243.44
2006-05-03,248.88
2006-05-10,249.81
2006-05-17,256.13
2006-05-24,260.69
2006-05-31,260.44
2006-06-07,256.49
2006-06-14,254.01
2006-06-21,248.14
2006-06-28,245.29
2006-07-05,249.88
2006-07-12,266.33
2006-07-19,264.34
2006-07-26,263.54
2006-08-02,262.73
2006-08-09,258.02
2006-08-16,252.3
2006-08-23,254.7
2006-08-30,252.09
2006-09-06,250.16
2006-09-13,255.23
2006-09-20,262.68
2006-09-27,259.5
2006-10-04,265.42
2006-10-11,274.5
2006-10-18,282.84
2006-10-25,286.66
2006-11-01,294.23
2006-11-08,311.24
2006-11-15,332.05
2006-11-22,334.73
2006-11-29,334.6
2006-12-06,330.82
2006-12-13,332.43
2006-12-20,326.53
2006-12-27,341.2
2007-01-03,340.58
2007-01-10,335.2
2007-01-17,347.08
2007-01-24,346.2
2007-01-31,349.8
2007-02-07,349.73
2007-02-14,352.77
2007-02-21,344.13
2007-02-28,348.75
2007-03-07,349.99
2007-03-14,341.67
2007-03-21,341.34
2007-03-28,338.34
2007-04-04,333.21
2007-04-11,336.48
2007-04-18,330.38
2007-04-25,341.34
2007-05-02,340.11
2007-05-09,338.52
2007-05-16,351.09
2007-05-23,358.36
2007-05-30,363.87
2007-06-06,366.83
2007-06-13,361.88
2007-06-20,359.57
2007-06-27,356.82
2007-07-04,357.64
2007-07-11,369.43
2007-07-18,364.19
2007-07-25,355.86
2007-08-01,371.26
2007-08-08,371.5
2007-08-15,365.57
2007-08-22,369.36
2007-08-29,367.29
2007-09-05,379.34
2007-09-12,386.54
2007-09-19,391.75
2007-09-26,390.41
2007-10-03,388.45
2007-10-10,391.3
2007-10-17,389.69
2007-10-24,397.82
2007-10-31,406.04
2007-11-07,405.39
2007-11-14,405.51
2007-11-21,410.61
2007-11-28,415.34
2007-12-05,423.04
2007-12-12,433.23
2007-12-19,439.61
2007-12-26,443.16
2008-01-02,459.33
2008-01-09,471.7
2008-01-16,502.08
2008-01-23,494.15
2008-01-30,512.67
2008-02-06,545.61
2008-02-13,564.54
2008-02-20,601.09
2008-02-27,630.49
2008-03-05,618.21
2008-03-12,613.69
2008-03-19,541.34
2008-03-26,569.73
2008-04-02,540.76
2008-04-09,574.7
2008-04-16,575.66
2008-04-23,570.45
2008-04-30,546.93
2008-05-07,542.11
2008-05-14,555.53
2008-05-21,550.66
2008-05-28,559.96
2008-06-04,564.28
2008-06-11,587.15
2008-06-18,596.28
2008-06-25,609.94
2008-07-02,629.83
2008-07-09,616.96
2008-07-16,592.2
2008-07-23,552.09
2008-07-30,555.47
2008-08-06,497.44
2008-08-13,487.88
2008-08-20,499.39
2008-08-27,481.95
2008-09-03,473.96
2008-09-10,457.25
2008-09-17,408.65
2008-09-24,414.39
2008-10-01,380.35
2008-10-08,387.9
2008-10-15,355.22
2008-10-22,377.36
2008-10-29,384.04
2008-11-05,380.23
2008-11-12,390.48
2008-11-19,384.34
2008-11-26,375.82
2008-12-03,356.21
2008-12-10,350.24
2008-12-17,357.34
2008-12-24,358.8
2008-12-31,372.67
2009-01-07,384.03
2009-01-14,395.07
2009-01-21,397.59
2009-01-28,375.16
2009-02-04,403.82
2009-02-11,409.6
2009-02-18,400.02
2009-02-25,399.11
2009-03-04,393.14
2009-03-11,393.47
2009-03-18,401.57
2009-03-25,401.63
2009-04-01,403.63
2009-04-08,408.67
2009-04-15,411.4
2009-04-22,417.3
2009-04-29,417.4
2009-05-06,426.17
2009-05-13,433.83
2009-05-20,440.57
2009-05-27,429.97
2009-06-03,429.73
2009-06-10,435.97
2009-06-17,424.2
2009-06-24,433.77
2009-07-01,431.47
2009-07-08,415.9
2009-07-15,405.83
2009-07-22,404.4
2009-07-29,397.47
2009-08-05,416.67
2009-08-12,420.27
2009-08-19,403.37
2009-08-26,410.17
2009-09-02,393.83
2009-09-09,388.97
2009-09-16,382.23
2009-09-23,378.03
2009-09-30,371.03
2009-10-07,367.73
2009-10-14,371.83
2009-10-21,381.17
2009-10-28,375.4
2009-11-04,378.9
2009-11-11,369.6
2009-11-18,374.7
2009-11-25,376.93
2009-12-02,382.23
2009-12-09,381.33
2009-12-16,386.5
2009-12-23,374.63
2009-12-30,387.73
2010-01-06,385.93
2010-01-13,373.23
2010-01-20,367.3
2010-01-27,366.53
2010-02-03,368.37
2010-02-10,370.7
2010-02-17,373.81
2010-02-24,368.33
2010-03-03,368.7
2010-03-10,360.63
2010-03-17,367.9
2010-03-24,357.41
2010-03-31,358.65
2010-04-07,366.71
2010-04-14,364.72
2010-04-21,365.66
2010-04-28,364.4
2010-05-05,366.44
2010-05-12,360.33
2010-05-19,365.18
2010-05-26,366.16
2010-06-02,365.38
2010-06-09,369.65
2010-06-16,403.43
2010-06-23,400.54
2010-06-30,392.5
2010-07-07,400.74
2010-07-14,417.79
2010-07-21,425.48
2010-07-28,409.24
2010-08-04,424.95
2010-08-11,413.62
2010-08-18,412.84
2010-08-25,410.31
2010-09-01,420.69
2010-09-08,417.22
2010-09-15,417.31
2010-09-22,437.12
2010-09-29,432.43
2010-10-06,451.3
2010-10-13,454.5
2010-10-20,468.82
2010-10-27,475.07
2010-11-03,493.16
2010-11-10,501.08
2010-11-17,489.45
2010-11-24,492.61
2010-12-01,498.28
2010-12-08,502.54
2010-12-15,501.49
2010-12-22,509.82
2010-12-29,508.9
2011-01-05,533.04
2011-01-12,510.25
2011-01-19,539.54
2011-01-26,536.3
2011-02-02,567.44
2011-02-09,570.55
2011-02-16,542.91
2011-02-23,544.34
2011-03-02,549.68
2011-03-09,548.06
2011-03-16,514.31
2011-03-23,545.32
2011-03-30,552.39
2011-04-06,565.1
2011-04-13,543.45
2011-04-20,546.09
2011-04-27,556.94
2011-05-04,542.23
2011-05-11,542.06
2011-05-18,551.87
2011-05-25,566.48
2011-06-01,564.7
2011-06-08,565.34
2011-06-15,563.76
2011-06-22,558.7
2011-06-29,555.98
2011-07-06,548.19
2011-07-13,562.98
2011-07-20,544.27
2011-07-27,546.79
2011-08-03,540.89
2011-08-10,521.39
2011-08-17,522.13
2011-08-24,524.64
2011-08-31,532.59
2011-09-07,525.57
2011-09-14,524.68
2011-09-21,513.37
2011-09-28,485.89
2011-10-05,495.16
2011-10-12,506.86
2011-10-19,507.62
2011-10-26,508.79
2011-11-02,505.73
2011-11-09,509.33
2011-11-16,504.95
2011-11-23,496.26
2011-11-30,491.38
2011-12-07,491.95
2011-12-14,495.45
2011-12-21,499.64
2011-12-28,498.77
2012-01-04,501.65
2012-01-11,496.46
2012-01-18,497.32
2012-01-25,482.36
2012-02-01,504.87
2012-02-08,511.22
2012-02-15,516.67
2012-02-22,520.54
2012-02-29,570.83
2012-03-07,516.67
2012-03-14,560.69
2012-03-21,561.84
2012-03-28,569.58
2012-04-04,596.31
2012-04-11,599.47
2012-04-18,596.3
2012-04-25,614.74
2012-05-02,592.53
2012-05-09,589.3
2012-05-16,603.04
2012-05-23,607.97
2012-05-30,613.3
2012-06-06,611.96
2012-06-13,604.81
2012-06-20,620.74
2012-06-27,620.62
2012-07-04,622.95
2012-07-11,616.02
2012-07-18,605.1
2012-07-25,591.67
2012-08-01,595.74
2012-08-08,584.33
2012-08-15,594.65
2012-08-22,603.97
2012-08-29,603.66
2012-09-05,608.29
2012-09-12,613.71
2012-09-19,602.58
2012-09-26,584.9
2012-10-03,595.62
2012-10-10,602.71
2012-10-17,597.72
2012-10-24,601.23
2012-10-31,607.96
2012-11-07,593.18
2012-11-14,593.11
2012-11-21,580.65
2012-11-28,593.87
2012-12-05,599.54
2012-12-12,599.33
2012-12-19,591.62
2012-12-26,588.75
2013-01-02,594.03
2013-01-09,591.05
2013-01-16,595.21
2013-01-23,606.74
2013-01-30,606.12
2013-02-06,625.65
2013-02-13,618.39
2013-02-20,624.89
2013-02-27,622.24
2013-03-06,624.92
2013-03-13,621.85
2013-03-20,629.11
2013-03-27,632.77
2013-04-03,619.85
2013-04-10,624.23
2013-04-17,631.98
2013-04-24,629.29
2013-05-01,615.2
2013-05-08,620.52
2013-05-15,641.32
2013-05-22,653.44
2013-05-29,645.14
2013-06-05,638.27
2013-06-12,618.35
2013-06-19,612.4
2013-06-26,607.89
2013-07-03,602.25
2013-07-10,593.91
2013-07-17,552.66
2013-07-24,509.25
2013-07-31,470.45
2013-08-07,465.35
2013-08-14,481.15
2013-08-21,498.98
2013-08-28,505.32
2013-09-04,493.2
2013-09-11,469.29
2013-09-18,460.87
2013-09-25,451.58
2013-10-02,453.15
2013-10-09,453.52
2013-10-16,454.31
2013-10-23,463.17
2013-10-30,458.99
2013-11-06,466.95
2013-11-13,458.92
2013-11-20,445.74
2013-11-27,451.07
2013-12-04,439.88
2013-12-11,403.01
2013-12-18,397.9
2013-12-25,387.41
2014-01-01,386.28
2014-01-08,374.89
2014-01-15,366.46
2014-01-22,373.68
2014-01-29,369.91
2014-02-05,373.89
2014-02-12,353.95
2014-02-19,358.05
2014-02-26,364.62
2014-03-05,395.24
2014-03-12,398.67
2014-03-19,409.69
2014-03-26,400.89
2014-04-02,407.36
2014-04-09,429.09
2014-04-16,433.79
2014-04-23,415.87
2014-04-30,436.79
2014-05-07,436.51
2014-05-14,457.04
2014-05-21,457.72
2014-05-28,436.47
2014-06-04,428.11
2014-06-11,428.9
2014-06-18,440.19
2014-06-25,445.46
2014-07-02,428.86
2014-07-09,424.84
2014-07-16,431.98
2014-07-23,422.76
2014-07-30,427.1
2014-08-06,427.42
2014-08-13,423.73
2014-08-20,412.46
2014-08-27,407.36
2014-09-03,400.38
2014-09-10,395.12
2014-09-17,387.79
2014-09-24,377.71
2014-10-01,376.19
2014-10-08,386.92
2014-10-15,390.42
2014-10-22,392.44
2014-10-29,406.75
2014-11-05,417.04
2014-11-12,408.39
2014-11-19,406.72
2014-11-26,408.58
2014-12-03,392.96
2014-12-10,410.98
2014-12-17,416.46
2014-12-24,413.65
2014-12-31,415.64
2015-01-07,418.87
2015-01-14,421.42
2015-01-21,420.34
2015-01-28,413.52
2015-02-04,421.67
2015-02-11,424.73
2015-02-18,427.29
2015-02-25,424.02
2015-03-04,415.03
2015-03-11,427.35
2015-03-18,423.62
2015-03-25,422.63
2015-04-01,430.15
2015-04-08,426.33
2015-04-15,429.61
2015-04-22,423.74
2015-04-29,421.52
2015-05-06,434.37
2015-05-13,430.48
2015-05-20,434.98
2015-05-27,438.41
2015-06-03,447.09
2015-06-10,454.85
2015-06-17,461.46
2015-06-24,474.69
2015-07-01,495.42
2015-07-08,487.99
2015-07-15,494.64
2015-07-22,492.79
2015-07-29,473.24
2015-08-05,481.65
2015-08-12,461.07
2015-08-19,451.07
2015-08-26,451.17
2015-09-02,448.38
2015-09-09,447.32
2015-09-16,452.65
2015-09-23,446.63
2015-09-30,455.32
2015-10-07,452.81
2015-10-14,453.26
2015-10-21,453.43
2015-10-28,441.32
2015-11-04,435.61
2015-11-11,438.68
2015-11-18,432.99
2015-11-25,433.28
2015-12-02,445.21
2015-12-09,442.89
2015-12-16,448.01
2015-12-23,451.1
2015-12-30,452.93
2016-01-06,451.93
2016-01-13,451.87
2016-01-20,453.18
2016-01-27,448.25
2016-02-03,446.67
2016-02-10,439.57
2016-02-17,441.01
2016-02-24,436.82
2016-03-02,429.27
2016-03-09,434.09
2016-03-16,449.09
2016-03-23,448.39
2016-03-30,455.69
2016-04-06,463.79
2016-04-13,460.59
2016-04-20,472.79
2016-04-27,475.59
2016-05-04,475.39
2016-05-11,488.09
2016-05-18,492.49
2016-05-25,492.69
2016-06-01,485.29
2016-06-08,495.99
2016-06-15,497.62
2016-06-22,453.17
2016-06-29,455.15
2016-07-06,445.6
2016-07-13,447.57
2016-07-20,428.8
2016-07-27,419.11
2016-08-03,407.71
2016-08-10,424.73
2016-08-17,428.1
2016-08-24,425.91
2016-08-31,415.19
2016-09-07,420.17
2016-09-14,419.08
2016-09-21,432.9
2016-09-28,426
2016-10-05,431.28
2016-10-12,435.66
2016-10-19,466.7
2016-10-26,474.44
2016-11-02,473.48
2016-11-09,467.58
2016-11-16,467.8
2016-11-23,475.3
2016-11-30,476.19
2016-12-07,487.16
2016-12-14,472.49
2016-12-21,474.76
2016-12-28,463.47
2017-01-04,463.54
2017-01-11,461.81
2017-01-18,476.6
2017-01-25,485.72
2017-02-01,475.7
2017-02-08,487.58
2017-02-15,489.29
2017-02-22,483.44
2017-03-01,496.12
2017-03-08,493.73
2017-03-15,479.84
2017-03-22,472.17
2017-03-29,467.52
2017-04-05,467.78
2017-04-12,485.7
2017-04-19,495.37
2017-04-26,505.19
2017-05-03,510.14
2017-05-10,508.97
2017-05-17,515.77
2017-05-24,512.43
2017-05-31,491.73
2017-06-07,499.15
2017-06-14,502.29
2017-06-21,472.91
2017-06-28,475.96
2017-07-05,496.66
2017-07-12,501.74
2017-07-19,488.91
2017-07-26,474.62
2017-08-02,475.73
2017-08-09,488.24
2017-08-16,469.47
2017-08-23,481.39
2017-08-30,471.95
2017-09-06,466.31
2017-09-13,457.55
2017-09-20,464.03
2017-09-27,463.66
2017-10-04,465.81
2017-10-11,466.02
2017-10-18,471.47
2017-10-25,480.74
2017-11-01,488.54
2017-11-08,485.6
2017-11-15,489.32
2017-11-22,486.45
2017-11-29,482.38
2017-12-06,483.25
2017-12-13,473.89
2017-12-20,470.23
2017-12-27,461.04
2018-01-03,465.75
2018-01-10,467.01
2018-01-17,464.06
2018-01-24,469.65
2018-01-31,471.54
2018-02-07,476.35
2018-02-14,480.15
2018-02-21,485.02
2018-02-28,494.87
2018-03-07,492.26
2018-03-14,489.66
2018-03-21,490.68
2018-03-28,491.36
2018-04-04,502.13
2018-04-11,499.62
2018-04-18,501.83
2018-04-25,508.65
2018-05-02,506.27
2018-05-09,507.68
2018-05-16,506.87
2018-05-23,512.14
2018-05-30,512.64
2018-06-06,500.92
2018-06-13,496.01
2018-06-20,489.67
2018-06-27,490.88
2018-07-04,480.99
2018-07-11,462.2
2018-07-18,464.42
2018-07-25,464.03
2018-08-01,456.47
2018-08-08,470.27
2018-08-15,464.36
2018-08-22,461.02
2018-08-29,452.82
2018-09-05,454.98
2018-09-12,451.7
2018-09-19,449.27
2018-09-26,462.24
2018-10-03,465
2018-10-10,463.03
2018-10-17,461.18
2018-10-24,451.41
2018-10-31,446.43
2018-11-07,445.57
2018-11-14,441.59
2018-11-21,441.72
2018-11-28,442.06
2018-12-05,454.58
2018-12-12,455.8
2018-12-19,454.1
2018-12-26,451.42
2019-01-02,461.5
2019-01-09,457.96
2019-01-16,452.57
2019-01-23,459.2
2019-01-30,458.42
2019-02-06,462.2
2019-02-13,457.6
2019-02-20,448.51
2019-02-27,444.39
2019-03-06,430.55
2019-03-13,435.79
2019-03-20,438.97
2019-03-27,421.83
2019-04-03,428.3
2019-04-10,428.13
2019-04-17,424.2
2019-04-24,415.06
2019-05-01,406.27
2019-05-08,408.39
2019-05-15,413.76
2019-05-22,417.03
2019-05-29,425.22
2019-06-05,422.3
2019-06-12,428.43
2019-06-19,432.08
2019-06-26,418.04
2019-07-03,408.85
2019-07-10,410.3
2019-07-17,409.47
2019-07-24,416.68
2019-07-31,412.35
2019-08-07,412.66
2019-08-14,414.71
2019-08-21,417.8
2019-08-28,413.11
2019-09-04,413.15
2019-09-11,409.93
2019-09-18,419.97
2019-09-25,417.5
2019-10-02,422.15
2019-10-09,429.15
2019-10-16,425.44
2019-10-23,417.45
2019-10-30,418.81
2019-11-06,422.93
2019-11-13,420.79
2019-11-20,424.67
2019-11-27,417.19
2019-12-04,419.9
2019-12-11,421.24
2019-12-18,431.19
2019-12-25,432.49
2020-01-01,439.3
2020-01-08,441.86
2020-01-15,440
2020-01-22,437.96
2020-01-29,425.11
2020-02-05,424.17
2020-02-12,427.37
2020-02-19,425.38
2020-02-26,414.17
2020-03-04,426.51
2020-03-11,418.4
2020-03-18,413.79
2020-03-25,422.46
2020-04-01,429.18
2020-04-08,428.69
2020-04-15,428.49
2020-04-22,425.36
2020-04-29,429.99
2020-05-06,437.44
2020-05-13,443.2
2020-05-20,422.59
2020-05-27,437.05
2020-06-03,433.9
2020-06-10,437.29
2020-06-17,440.64
2020-06-24,437.8
2020-07-01,445.73
2020-07-08,446.87
2020-07-15,445.08
2020-07-22,447.16
2020-07-29,453.06
2020-08-05,452.83
2020-08-12,446.99
2020-08-19,447.68
2020-08-26,452.97
2020-09-02,461.86
2020-09-09,462.54
2020-09-16,484.13
2020-09-23,477.12
2020-09-30,476.29
2020-10-07,485.26
2020-10-14,486.83
2020-10-21,502.53
2020-10-28,491.88
2020-11-04,498.14
2020-11-11,517.98
2020-11-18,523.19
2020-11-25,533.25
2020-12-02,540.14
2020-12-09,545.94
2020-12-16,554.55
2020-12-23,580.04
2020-12-30,590.26
2021-01-06,551.26
2021-01-13,511.26
2021-01-20,615.76
2021-01-27,656.56
2021-02-03,648.91
2021-02-10,654.35
2021-02-17,675.41
2021-02-24,723.18
2021-03-03,724.53
2021-03-10,743.3
2021-03-17,738.9
2021-03-24,739.92
2021-03-31,717.28
2021-04-07,744.16
2021-04-14,730.64
2021-04-21,782.14
2021-04-28,795.27
2021-05-05,897.2
2021-05-12,859.81
2021-05-19,844.09
2021-05-26,726.24
2021-06-02,781.45
2021-06-09,774.26
2021-06-16,722.87
2021-06-23,733.73
2021-06-30,796.56
2021-07-07,726.47
2021-07-14,870.6
2021-07-21,831.39
2021-07-28,872.23
2021-08-04,848.97
2021-08-11,865.21
2021-08-18,885.85
2021-08-25,898.69
2021-09-01,879.06
2021-09-08,869.14
2021-09-15,861.25
2021-09-22,855.16
2021-09-29,873.29
2021-10-06,887.03
2021-10-13,884.45
2021-10-20,926.51
2021-10-27,842.7
2021-11-03,975.61
2021-11-10,989.35
2021-11-17,984.26
2021-11-24,1004.27
2021-12-01,969.45
2021-12-08,981.76
2021-12-15,967.64
2021-12-22,993.97
2021-12-29,1003.38
2022-01-05,999.1
2022-01-12,985.48
2022-01-19,958.77
2022-01-26,956.23
2022-02-02,978.88
2022-02-09,979.98
2022-02-16,951.45
2022-02-23,978.76
2022-03-02,992.52
2022-03-09,1053.9
2022-03-16,1215.6
2022-03-23,1152.09
2022-03-30,1067.42
2022-04-06,1102.61
2022-04-13,1114.7
2022-04-20,1112.63
2022-04-27,1162
2022-05-04,1098.95
2022-05-11,1107
2022-05-18,1110.79
2022-05-25,1112.1
2022-06-01,1115.55
2022-06-08,1086.9
2022-06-15,1036.71
2022-06-22,910.9
2022-06-29,884.32
2022-07-06,817.02
2022-07-13,812.49
2022-07-20,796.24
2022-07-27,799.13
2022-08-03,780.02
2022-08-10,808.56
2022-08-17,768.01
2022-08-24,788.68
2022-08-31,791.86
2022-09-07,763.94
2022-09-14,764.42
2022-09-21,773.98
2022-09-28,806.39
2022-10-05,840.8
2022-10-12,843.27
2022-10-19,848.49
2022-10-26,853.54
2022-11-02,865.25
2022-11-09,858.47
2022-11-16,838.02
2022-11-23,800.4
2022-11-30,811.33
2022-12-07,831.99
2022-12-14,838.61
2022-12-21,837.38
2022-12-28,841.96
2023-01-04,852.22
2023-01-11,818.46
2023-01-18,821.83
2023-01-25,787.42
2023-02-01,813.13
2023-02-08,815.52
2023-02-15,812.8
2023-02-22,823.64
2023-03-01,811.36
2023-03-08,805.84
2023-03-15,754.68
