Date,"Field Peas 1CAN - Yellow ($ per bu)","Field Peas 1CAN - Green ($ per bu)","Field Peas 1CAN - Feed ($ per bu)"
1992-01-01,4,4.75,4
1992-01-08,4,4.75,4
1992-01-15,4,4.4,4
1992-01-22,4.25,4.4,4.25
1992-01-29,4.25,4.4,4.25
1992-02-05,4.9,4.4,4.35
1992-02-12,5,4.4,4.35
1992-02-19,5,4.4,4.35
1992-02-26,5,5,4.35
1992-03-04,5,5,4.35
1992-03-11,4.75,5,4.35
1992-03-18,4.75,5,4.35
1992-03-25,4.75,5,3.75
1992-04-01,4.75,5,3.75
1992-04-08,4.75,5,3.75
1992-04-15,3.75,5,3.75
1992-04-22,3.75,5,3.75
1992-04-29,3.75,4.75,3.75
1992-05-06,3.75,4.75,3.75
1992-05-13,3.75,4.75,3.75
1992-05-20,4.5,4.75,4.5
1992-05-27,4.5,4.75,4.5
1992-06-03,4.5,4.5,4.5
1992-06-10,4,4.5,4
1992-06-17,4,4.5,4
1992-06-24,4,4.5,4
1992-07-01,,,
1992-07-08,4.2,4.2,4.2
1992-07-15,4.2,4.2,4.2
1992-07-22,4.2,4.2,4.2
1992-07-29,,,
1992-08-05,4.5,4.5,4.5
1992-08-12,4.5,4.5,4.5
1992-08-19,4.5,4.5,4.5
1992-08-26,4.5,4.5,4.5
1992-09-02,4.5,4.5,4.5
1992-09-09,5,5.25,4.65
1992-09-16,5,5.25,4.65
1992-09-23,5.25,5.4,4.65
1992-09-30,,,4.65
1992-10-07,5.35,5.5,4.65
1992-10-14,5.35,5.5,4.65
1992-10-21,5.35,5.5,4.65
1992-10-28,,5.5,4.65
1992-11-04,5,5.5,4.65
1992-11-11,5,5.5,4.65
1992-11-18,5,5.5,4.65
1992-11-25,5,5.5,4.65
1992-12-02,5,5.5,4.65
1992-12-09,5,5.5,4.5
1992-12-16,5,5,4.5
1992-12-23,5,6,4.5
1992-12-30,5,6,4.5
1993-01-06,5,6,4.5
1993-01-13,5,6,4.5
1993-01-20,5,6,4.5
1993-01-27,5,6,4.5
1993-02-03,5,6,4.5
1993-02-10,5,6,4.5
1993-02-17,5,6,4.5
1993-02-24,5,5.85,4.5
1993-03-03,5,5.35,4.05
1993-03-10,5,5.35,4.05
1993-03-17,5,5.35,4.05
1993-03-24,5,5.35,4.05
1993-03-31,5,5.35,4.05
1993-04-07,4.75,5,3.75
1993-04-14,4.75,5,3.75
1993-04-21,4.75,5,3.75
1993-04-28,4.75,5,3.75
1993-05-05,3.75,4.75,3.75
1993-05-12,3.75,4.75,3.75
1993-05-19,3.75,4.25,3.75
1993-05-26,3.75,4.25,3.75
1993-06-02,3.75,4.25,3.75
1993-06-09,3.75,4.25,3.75
1993-06-16,3.75,4.25,3.75
1993-06-23,3.75,4.25,3.75
1993-06-30,3.75,4.25,3.75
1993-07-07,3.75,4.25,3.75
1993-07-14,3.75,4.25,3.75
1993-07-21,3.75,4.25,3.75
1993-07-28,3.75,4.25,3.75
1993-08-04,3.75,4.25,3.75
1993-08-11,3.75,4.25,3.75
1993-08-18,3.75,3.75,3.75
1993-08-25,4.5,4.25,4
1993-09-01,4.5,4.25,4
1993-09-08,4.75,,
1993-09-15,4.65,,
1993-09-22,4.65,,
1993-09-29,4.65,,
1993-10-06,5,,
1993-10-13,5,4.25,
1993-10-20,5.5,4.25,4.45
1993-10-27,,,
1993-11-03,,4.4,
1993-11-10,,4.4,4
1993-11-17,,4.4,4
1993-11-24,,4.4,4
1993-12-01,,4.4,4
1993-12-08,,4.4,4
1993-12-15,5.5,4.4,4.08
1993-12-22,5.5,4.4,4.22
1993-12-29,5.5,4.4,4.22
1994-01-05,5.17,4.4,4.35
1994-01-12,5.17,4.4,4.35
1994-01-19,5.44,4.4,4.35
1994-01-26,5.44,4.4,4.35
1994-02-02,5.5,5,4.35
1994-02-09,5.5,5,4.35
1994-02-16,5.5,5,4.35
1994-02-23,5.5,5.35,4.35
1994-03-02,5.5,5.35,4.35
1994-03-09,5.5,5.35,4.35
1994-03-16,5.5,5.35,4.35
1994-03-23,5.5,5.35,4.35
1994-03-30,6.5,5.5,4.35
1994-04-06,5.31,5.5,4.35
1994-04-13,5.31,5.5,5.01
1994-04-20,5.31,5.5,5.01
1994-04-27,5.31,5.44,5.01
1994-05-04,5.31,5.5,5.01
1994-05-11,5.31,5.5,5.01
1994-05-18,4.87,5.5,4.87
1994-05-25,4.87,5.5,4.87
1994-06-01,4.87,5.5,4.87
1994-06-08,4.87,5.01,4.87
1994-06-15,4.87,5.17,4.87
1994-06-22,4.87,5.17,4.87
1994-06-29,4.87,5.17,4.87
1994-07-06,4.87,5.31,4.87
1994-07-13,4.87,5.03,4.87
1994-07-20,4.87,5.03,4.87
1994-07-27,4.63,4.63,4.41
1994-08-03,4.63,4.63,4.41
1994-08-10,4.75,4.75,4.41
1994-08-17,4.75,4.75,4.41
1994-08-24,4.75,4.75,4.41
1994-08-31,5,4.75,4.41
1994-09-07,5,4.5,4.41
1994-09-14,5,4.85,4.41
1994-09-21,5,4.85,4.41
1994-09-28,5,4.85,4.41
1994-10-05,5,4.85,4.54
1994-10-12,5,4.8,4.38
1994-10-19,5,4.75,4.38
1994-10-26,4.75,4.85,4.38
1994-11-02,4.75,4.85,4.38
1994-11-09,4.75,4.85,4.38
1994-11-16,4.75,4.85,4.38
1994-11-23,4.75,4.85,4
1994-11-30,4.75,4.85,4
1994-12-07,4.75,4.85,4
1994-12-14,4.75,4.85,4
1994-12-21,4.75,4.85,4
1994-12-28,4.75,4.85,4
1995-01-04,4.75,4.85,4
1995-01-11,5.25,5.25,4
1995-01-18,5.07,5.25,4
1995-01-25,5.07,5.25,4
1995-02-01,5.07,5.25,4.08
1995-02-08,5.07,5.25,4.08
1995-02-15,5.07,5.25,4.08
1995-02-22,5.07,5.25,4.32
1995-03-01,4.75,5.25,4.08
1995-03-08,4.75,5.25,4.41
1995-03-15,4.6,5,4.41
1995-03-22,4.6,5,4.41
1995-03-29,4.9,5,4.41
1995-04-05,4.9,5,4.41
1995-04-12,4.8,5.17,4.41
1995-04-19,4.8,5.17,4.41
1995-04-26,4.8,5.17,4.41
1995-05-03,4.8,5.17,4.41
1995-05-10,4.8,5.01,4.41
1995-05-17,4.8,5.01,4.41
1995-05-24,4.8,5.03,4.41
1995-05-31,4.8,4.98,4.41
1995-06-07,4.75,4.65,4.41
1995-06-14,4.75,4.65,4.41
1995-06-21,4.75,4.65,4.41
1995-06-28,4.75,4.65,4.41
1995-07-05,4.49,4.49,4.41
1995-07-12,4.49,4.49,4.41
1995-07-19,4.49,4.49,4.41
1995-07-26,4.49,4.49,4.41
1995-08-02,4.49,4.49,4.08
1995-08-09,4.49,4.49,4.08
1995-08-16,4.49,4.49,4.08
1995-08-23,4.49,4.49,4.3
1995-08-30,4.84,5,4.3
1995-09-06,4.84,5,4.38
1995-09-13,5.12,5.25,4.38
1995-09-20,5.12,5.25,4.38
1995-09-27,5.09,5.28,4.52
1995-10-04,5.14,5.31,4.52
1995-10-11,5.17,5.5,4.57
1995-10-18,5.2,5.5,4.6
1995-10-25,5.25,5.5,4.6
1995-11-01,5.25,5.39,4.6
1995-11-08,5.31,5.44,4.9
1995-11-15,5.31,5.44,4.9
1995-11-22,5.36,5.5,4.9
1995-11-29,5.36,5.5,4.9
1995-12-06,5.44,5.5,5.17
1995-12-13,5.5,5.77,5.44
1995-12-20,5.72,5.77,5.44
1995-12-27,5.61,5.77,5.44
1996-01-03,5.77,5.85,5.72
1996-01-10,5.77,5.85,5.72
1996-01-17,6.07,6.12,5.99
1996-01-24,6.34,6.34,5.99
1996-01-31,6.34,6.34,5.99
1996-02-07,6.26,6.26,5.99
1996-02-14,6.12,6.12,5.99
1996-02-21,6.01,6.07,5.58
1996-02-28,6.01,6.29,5.58
1996-03-06,6.01,6.5,5.58
1996-03-13,6.21,6.5,5.58
1996-03-20,6.26,6.75,5.58
1996-03-27,6.26,6.5,5.58
1996-04-03,6.15,6.64,5.72
1996-04-10,6.07,6.53,5.85
1996-04-17,6.07,6.53,5.85
1996-04-24,6.07,6.53,6.4
1996-05-01,6.07,6.8,6.4
1996-05-08,6.07,6.8,6.48
1996-05-15,6.4,6.8,6.48
1996-05-22,6.53,7.02,6.48
1996-05-29,6.53,7.02,5.99
1996-06-05,6.53,7.02,5.99
1996-06-12,6.53,7.13,5.99
1996-06-19,6.53,7.08,5.99
1996-06-26,6.04,7.02,5.72
1996-07-03,6.04,7.02,5.72
1996-07-10,5.85,6.75,5.5
1996-07-17,5.72,6.53,5.5
1996-07-24,5.72,6.4,5.5
1996-07-31,6.01,6.26,5.5
1996-08-07,6.01,6.26,5.5
1996-08-14,5.93,6.09,5.69
1996-08-21,5.99,6.18,5.52
1996-08-28,5.99,6.26,5.52
1996-09-04,5.99,6.26,5.77
1996-09-11,5.99,6.26,5.77
1996-09-18,5.99,6.26,5.77
1996-09-25,5.9,6.72,5.77
1996-10-02,5.9,6.86,5.77
1996-10-09,5.77,6.86,5.77
1996-10-16,5.77,6.99,5.58
1996-10-23,5.77,6.86,5.58
1996-10-30,5.9,6.91,5.58
1996-11-06,5.6,6.72,5.58
1996-11-13,5.66,6.72,5.36
1996-11-20,5.66,6.72,5.09
1996-11-27,5.82,6.86,5.09
1996-12-04,5.82,6.86,5.09
1996-12-11,5.82,7.35,5.2
1996-12-18,5.82,7.48,5.2
1996-12-25,5.82,7.48,5.2
1997-01-01,5.82,7.48,5.2
1997-01-08,5.77,7.75,5.2
1997-01-15,5.82,7.81,5.31
1997-01-22,5.63,7.94,5.25
1997-01-29,5.63,7.94,5.25
1997-02-05,5.63,7.94,5.25
1997-02-12,5.5,8.22,5.25
1997-02-19,5.5,8.22,5.25
1997-02-26,5.5,8.49,5.25
1997-03-05,5.55,8.49,5.33
1997-03-12,5.55,8.49,5.55
1997-03-19,5.41,8.49,5.55
1997-03-26,5.33,8.49,5.55
1997-04-02,5.28,8.49,5.55
1997-04-09,5.28,8.49,5.55
1997-04-16,5.28,8.49,5.55
1997-04-23,5.82,8.49,5.55
1997-04-30,6.18,8.49,5.55
1997-05-07,6.45,8.76,5.82
1997-05-14,6.31,8.76,5.82
1997-05-21,6.31,8.76,5.74
1997-05-28,6.18,8.76,5.63
1997-06-04,6.18,8.76,5.74
1997-06-11,5.9,8.49,5.22
1997-06-18,5.77,6.58,5.22
1997-06-25,5.77,6.58,4.95
1997-07-02,5.5,6.58,4.95
1997-07-09,5.5,6.58,4.95
1997-07-16,5.5,6.58,4.38
1997-07-23,5.36,5.77,4.38
1997-07-30,5.36,5.77,4.38
1997-08-06,5.36,5.9,4.38
1997-08-13,5.36,5.9,4.38
1997-08-20,5.36,5.9,4.38
1997-08-27,5.22,5.9,4.27
1997-09-03,5.22,5.9,4.27
1997-09-10,5.22,5.9,4.27
1997-09-17,5.09,6.58,4.27
1997-09-24,5.09,6.58,4.27
1997-10-01,5.09,6.86,4.13
1997-10-08,5.09,6.86,4.13
1997-10-15,5.01,6.58,4.13
1997-10-22,4.87,6.45,4.13
1997-10-29,4.82,6.45,4.08
1997-11-05,4.73,6.37,3.94
1997-11-12,4.73,6.37,3.94
1997-11-19,4.9,6.45,3.94
1997-11-26,5.11,6.45,4.54
1997-12-03,4.98,6.18,4.54
1997-12-10,4.98,6.18,4.54
1997-12-17,4.87,6.18,4.54
1997-12-24,4.87,6.18,4.54
1997-12-31,4.87,6.18,4.54
1998-01-07,5.03,6.5,4.59
1998-01-14,5.03,6.77,4.59
1998-01-21,5.14,6.5,4.59
1998-01-28,5.14,6.5,4.59
1998-02-04,5.19,6.36,4.59
1998-02-11,5.19,6.36,4.59
1998-02-18,5.19,6.36,4.59
1998-02-25,5.25,6.23,4.54
1998-03-04,5.08,6.17,4.38
1998-03-11,5.03,5.95,4.29
1998-03-18,5.03,5.95,4.29
1998-03-25,5.03,5.95,4.29
1998-04-01,4.87,5.27,4.05
1998-04-08,4.87,5.27,4.05
1998-04-15,4.73,5.27,3.91
1998-04-22,4.73,5.27,3.91
1998-04-29,4.81,5.27,3.64
1998-05-06,4.81,5.27,3.64
1998-05-13,4.81,5.27,3.64
1998-05-20,4.81,5.41,3.64
1998-05-27,4.87,5.68,3.64
1998-06-03,4.87,5.68,3.64
1998-06-10,4.87,5.68,3.64
1998-06-17,4.73,5.14,3.64
1998-06-24,4.65,5,3.64
1998-07-01,4.65,5,3.64
1998-07-08,4.65,5,3.64
1998-07-15,4.59,4.81,3.5
1998-07-22,4.46,4.73,3.5
1998-07-29,4.05,4.46,3.37
1998-08-05,3.91,4.32,3.23
1998-08-12,3.64,3.99,3.1
1998-08-19,3.64,3.99,3.1
1998-08-26,3.64,3.99,3.1
1998-09-02,3.59,3.86,2.96
1998-09-09,3.59,3.86,2.96
1998-09-16,3.53,3.72,2.96
1998-09-23,3.53,3.72,2.96
1998-09-30,3.53,3.72,2.96
1998-10-07,3.59,3.72,2.96
1998-10-14,3.69,3.72,3.04
1998-10-21,3.69,3.72,3.04
1998-10-28,3.75,3.78,3.26
1998-11-04,4.05,4.05,3.31
1998-11-11,4.05,4.05,3.31
1998-11-18,4.05,4.05,3.31
1998-11-25,4.16,4.16,3.45
1998-12-02,4.05,4.05,3.45
1998-12-09,4.13,4.13,3.5
1998-12-16,4.13,4.13,3.5
1998-12-23,4.13,4.05,3.5
1998-12-30,4.13,4.05,3.5
1999-01-06,4.16,4.16,3.5
1999-01-13,4.05,4.05,3.5
1999-01-20,3.97,3.89,3
1999-01-27,3.97,3.89,3
1999-02-03,3.97,3.89,3
1999-02-10,3.97,3.7,3
1999-02-17,3.97,3.7,3
1999-02-24,3.97,3.7,3
1999-03-03,4.9,4.63,3
1999-03-10,4.11,3.65,3
1999-03-17,4.11,3.65,3
1999-03-24,4.11,3.65,3
1999-03-31,4.11,3.65,3
1999-04-07,4.11,3.65,3
1999-04-14,4.6,4.03,3
1999-04-21,4.6,3.92,3
1999-04-28,4.6,3.92,3
1999-05-05,4.68,3.81,3.42
1999-05-12,5.28,3.81,3.36
1999-05-19,5.03,3.81,3.36
1999-05-26,5.03,3.81,3.36
1999-06-02,4.95,3.81,3.36
1999-06-09,4.95,3.81,3.36
1999-06-16,4.82,3.81,3.36
1999-06-23,4.68,3.65,3.36
1999-06-30,4.68,3.65,3.36
1999-07-07,4.33,3.51,3.36
1999-07-14,4.33,3.51,3.13
1999-07-21,4.05,3.51,3.13
1999-07-28,4.05,3.51,3.13
1999-08-04,3.78,3.37,3.13
1999-08-11,3.65,3.37,3.13
1999-08-18,3.65,3.37,3.13
1999-08-25,3.65,3.32,3.13
1999-09-01,3.59,3.32,3.13
1999-09-08,3.59,3.32,3.13
1999-09-15,3.59,3.32,3.13
1999-09-22,3.59,3.32,3.13
1999-09-29,3.78,3.32,3.13
1999-10-06,3.78,3.32,3.13
1999-10-13,3.92,3.32,3.13
1999-10-20,3.84,3.64,3.13
1999-10-27,4.14,3.92,3.13
1999-11-03,4.14,4.07,3.13
1999-11-10,4.2,4.05,3.13
1999-11-17,4.2,4.05,3.13
1999-11-24,4.19,4.03,3.13
1999-12-01,4.19,4.07,3.13
1999-12-08,4.11,4.03,3.13
1999-12-15,4.03,3.99,3.13
1999-12-22,4.03,3.99,3.13
1999-12-29,3.99,4,3.13
2000-01-05,3.99,4,3.13
2000-01-12,3.98,3.97,3.13
2000-01-19,3.98,3.97,3.13
2000-01-26,3.94,3.95,3.13
2000-02-02,4,3.97,3.13
2000-02-09,3.95,3.97,3.13
2000-02-16,3.95,3.97,3.13
2000-02-23,3.95,3.93,3.13
2000-03-01,4,3.93,3.13
2000-03-08,4,3.96,3.13
2000-03-15,4.04,4,3.13
2000-03-22,4.04,4,3.33
2000-03-29,4.04,4,3.25
2000-04-05,4.04,4,3.25
2000-04-12,4.06,4.04,3.25
2000-04-19,4.1,4.04,3.25
2000-04-26,4.1,4.04,3.25
2000-05-03,4.1,4.04,3.25
2000-05-10,4.12,4.02,3.25
2000-05-17,4.08,3.97,3.25
2000-05-24,4.03,4,3.17
2000-05-31,4,3.99,3.17
2000-06-07,3.9,3.98,3.17
2000-06-14,3.82,3.9,3.17
2000-06-21,3.81,3.88,3.08
2000-06-28,3.83,3.9,3.12
2000-07-05,3.83,3.9,3.17
2000-07-12,3.78,3.86,3.17
2000-07-19,3.78,3.86,3.17
2000-07-26,3.69,2.38,3.07
2000-08-02,3.69,2.38,3.08
2000-08-09,3.34,3.42,3.02
2000-08-16,3.29,3.34,3.02
2000-08-23,2.11,2.14,2.93
2000-08-30,3.41,3.35,2.92
2000-09-06,3.25,3.35,2.83
2000-09-13,3.25,3.25,2.92
2000-09-20,3.25,3.27,2.92
2000-09-27,3.27,3.46,2.92
2000-10-04,3.27,3.5,2.83
2000-10-11,3.27,3.45,2.87
2000-10-18,3.2,3.44,2.87
2000-10-25,3.37,3.44,2.87
2000-11-01,3.4,3.5,2.87
2000-11-08,3.45,3.53,2.87
2000-11-15,3.73,4,2.87
2000-11-22,3.79,4,2.87
2000-11-29,3.99,4.25,2.87
2000-12-06,4.03,4.25,3.08
2000-12-13,4.2,4.5,3.25
2000-12-20,4.2,4.5,3.25
2000-12-27,,,
2001-01-03,4.2,4.5,3.38
2001-01-10,4.2,4.5,3.38
2001-01-17,4.25,4.5,3.38
2001-01-24,4.19,4.65,3.35
2001-01-31,4.04,4.65,3.35
2001-02-07,3.93,4.5,3.38
2001-02-14,3.98,4.5,3.38
2001-02-21,4.06,4.6,3.3
2001-02-28,4.18,4.75,3.3
2001-03-07,4.18,4.8,3.3
2001-03-14,4.35,4.8,3.5
2001-03-21,4.46,4.85,3.5
2001-03-28,4.48,4.85,3.45
2001-04-04,4.53,4.75,3.38
2001-04-11,4.53,4.8,3.38
2001-04-18,4.53,5,3.33
2001-04-25,4.53,5,3.33
2001-05-02,4.53,5,3.25
2001-05-09,4.61,5,3.25
2001-05-16,4.61,5,3.43
2001-05-23,4.73,5,3.43
2001-05-30,4.83,5,3.43
2001-06-06,4.86,5,3.38
2001-06-13,4.86,5,3.38
2001-06-20,4.88,5,3.38
2001-06-27,4.81,5,3.38
2001-07-04,4.73,4.75,3.38
2001-07-11,4.63,4.75,3.5
2001-07-18,4.75,5,3.5
2001-07-25,4.63,5,3.38
2001-08-01,4.68,4.75,3.36
2001-08-08,4.68,4.75,3.36
2001-08-15,4.68,5.25,3.44
2001-08-22,5.05,5.5,3.5
2001-08-29,5.05,5.6,3.5
2001-09-05,5.5,5.5,3.67
2001-09-12,5.28,5.5,3.75
2001-09-19,5.31,5.75,3.75
2001-09-26,5.31,5.75,3.83
2001-10-03,5.41,6.25,4.07
2001-10-10,5.41,6.35,4.07
2001-10-17,5.53,6.5,4.07
2001-10-24,5.48,6.5,4.07
2001-10-31,5.41,5.97,4.15
2001-11-07,5.85,6.33,4.15
2001-11-14,5.85,6.38,4.15
2001-11-21,5.95,6.55,4.15
2001-11-28,6.13,6.63,4.13
2001-12-05,6.3,6.7,4.13
2001-12-12,6.3,6.7,4.13
2001-12-19,6.38,6.78,4.22
2001-12-26,6.38,6.83,4.22
2002-01-02,6.38,6.83,4.22
2002-01-09,6.38,6.83,4.22
2002-01-16,6.75,7,4.22
2002-01-23,6.68,6.95,4.22
2002-01-30,6.43,6.7,4.22
2002-02-06,6.48,6.62,4.32
2002-02-13,6.43,6.67,4.32
2002-02-20,6.3,6.67,4.3
2002-02-27,6.3,6.51,4.3
2002-03-06,6.05,6.42,4.3
2002-03-13,5.8,6.25,4.3
2002-03-20,5.55,6.25,4.3
2002-03-27,5.55,6.25,4.3
2002-04-03,5.43,6,4.3
2002-04-10,5.43,6,4.3
2002-04-17,5.43,5.87,4.3
2002-04-24,5.63,5.92,4.23
2002-05-01,5.63,5.95,4.23
2002-05-08,5.63,5.95,4.23
2002-05-15,5.63,5.88,3.83
2002-05-22,5.63,5.88,3.83
2002-05-29,5.63,5.92,3.83
2002-06-05,5.6,6,3.83
2002-06-12,5.52,5.83,3.83
2002-06-19,5.3,5.43,3.75
2002-06-26,5.33,5.46,3.75
2002-07-03,5.33,5.7,3.75
2002-07-10,5.4,5.78,3.67
2002-07-17,5.4,5.78,3.67
2002-07-24,5.4,6.03,3.67
2002-07-31,5.58,6.42,3.67
2002-08-07,5.9,6.8,3.67
2002-08-14,6.18,7.28,3.75
2002-08-21,6.18,7.34,4
2002-08-28,6.18,7.65,4.17
2002-09-04,6.18,7.65,4.3
2002-09-11,6.3,8.2,4.3
2002-09-18,6.3,8.12,4.3
2002-09-25,6.3,8.12,4.3
2002-10-02,6.75,8.35,4.33
2002-10-09,6.75,8.35,4.33
2002-10-16,6.75,8.35,4.33
2002-10-23,7.05,8.35,4.33
2002-10-30,7.18,8.67,4.25
2002-11-06,7.18,8.95,4.33
2002-11-13,7.18,9.03,4.33
2002-11-20,7.18,9.03,4.33
2002-11-27,7.18,9.12,4.33
2002-12-04,7.28,9.28,4.33
2002-12-11,7.1,9.28,4.33
2002-12-18,7,9.2,4.33
2002-12-25,7,9.2,4.33
2002-12-31,,,
2003-01-01,,,
2003-01-08,7.13,9.03,4.33
2003-01-15,7.13,9.12,4.33
2003-01-22,6.8,9.08,4.33
2003-01-29,6.63,9.08,4.33
2003-02-05,6.63,9.08,4.33
2003-02-12,6.63,9.08,4.33
2003-02-19,6.63,9.08,4.33
2003-02-26,6.53,9.08,4.33
2003-03-05,6.18,8.5,4.33
2003-03-12,5.98,8.17,4.25
2003-03-19,5.45,7.94,4.25
2003-03-26,5.45,7.99,4.25
2003-04-02,5.45,8,4.08
2003-04-09,5.2,8.17,4.08
2003-04-16,5.35,8.17,4.08
2003-04-23,5.35,7.92,4.08
2003-04-30,5.35,7.58,3.7
2003-05-07,5.2,7.4,3.63
2003-05-14,4.63,6.81,3.63
2003-05-21,4.7,6.78,3.63
2003-05-28,4.63,6.78,3.63
2003-06-04,4.63,6.63,3.63
2003-06-11,4.63,6.63,3.78
2003-06-18,4.4,6.08,3.43
2003-06-25,4.4,5.92,3.27
2003-07-02,4.4,5.92,3.27
2003-07-09,4.4,5.92,3.21
2003-07-16,4.38,4.7,3.38
2003-07-23,4.13,4.7,3.13
2003-07-30,4.13,4.93,3.13
2003-08-06,4.13,5.17,3.13
2003-08-13,4.4,5.17,3.5
2003-08-20,4.4,5.43,3.47
2003-08-27,4.43,5.45,3.67
2003-09-03,4.8,5.83,3.75
2003-09-10,4.8,5.88,4
2003-09-17,4.43,6.13,3.92
2003-09-24,4.43,6,3.92
2003-10-01,4.9,6.38,3.92
2003-10-08,4.8,6.33,3.92
2003-10-15,4.8,6.33,3.92
2003-10-22,4.8,6,3.92
2003-10-29,4.9,5.9,3.92
2003-11-05,4.9,5.9,3.92
2003-11-12,4.9,5.88,4
2003-11-19,4.9,5.83,4
2003-11-26,4.9,5.83,4
2003-12-03,4.9,5.4,4
2003-12-10,4.9,5.42,4
2003-12-17,4.9,5.55,4
2003-12-24,4.9,5.55,4
2003-12-31,4.9,5.59,4
2004-01-01,4.9,5.59,4
2004-01-07,4.9,5.63,4
2004-01-14,4.9,5.63,4
2004-01-21,4.9,5.57,4.13
2004-01-28,4.9,5.78,4.13
2004-02-04,4.93,5.75,4.13
2004-02-11,4.95,5.75,4.19
2004-02-18,4.95,5.88,4.19
2004-02-25,5.35,5.88,4.19
2004-03-03,5.35,5.73,4.19
2004-03-10,5.35,5.63,4.19
2004-03-17,5.13,5.68,4.19
2004-03-24,5.13,5.68,4.19
2004-03-31,5.13,5.8,4.25
2004-04-07,5.35,5.78,4.25
2004-04-14,5.35,6.18,4.25
2004-04-21,5.85,6.3,4.38
2004-04-28,5.85,6.43,4.38
2004-05-05,5.85,6.43,4.33
2004-05-12,5.63,6.43,4.33
2004-05-19,5.85,6.43,4.33
2004-05-26,5.65,6.25,4.33
2004-06-02,5.63,6.05,4.33
2004-06-09,5.35,5.58,4.25
2004-06-16,5.13,5.6,4.25
2004-06-23,5.13,5.68,4.25
2004-06-30,5.13,5.75,4.25
2004-07-07,4.95,5.63,4.25
2004-07-14,4.9,5.4,4.08
2004-07-21,4.63,5.4,4.08
2004-07-28,4.63,4.93,4.08
2004-08-04,4.6,4.85,3.92
2004-08-11,4.13,4.93,3.83
2004-08-18,4,4.33,3.83
2004-08-25,4,4.43,3.75
2004-09-01,4.13,5.17,3.75
2004-09-08,4.13,5.75,3.75
2004-09-15,4.13,5.98,3.42
2004-09-22,4.63,5.92,3.42
2004-09-29,4.63,5.53,3.42
2004-10-06,4.63,4.95,2.95
2004-10-13,4.4,4.83,2.87
2004-10-20,4.4,4.83,2.88
2004-10-27,3.9,4.67,2.78
2004-11-03,3.9,4.67,2.78
2004-11-10,3.9,4.67,2.78
2004-11-17,3.9,4.67,2.78
2004-11-24,3.9,4.56,2.47
2004-12-01,3.9,4.67,2.42
2004-12-08,3.63,4.67,2.42
2004-12-15,3.63,4.67,2.42
2004-12-22,3.63,4.67,2.42
2004-12-29,3.63,4.67,2.42
2005-01-01,3.63,4.67,2.42
2005-01-05,3.63,4.67,2.42
2005-01-12,3.68,4.67,2.42
2005-01-19,3.68,4.62,2.42
2005-01-26,3.68,4.62,2.42
2005-02-02,3.68,4.62,2.42
2005-02-09,3.68,4.57,2.48
2005-02-16,3.6,4.42,2.48
2005-02-23,3.58,4.47,2.48
2005-03-02,3.6,4.42,2.58
2005-03-09,3.6,4.42,2.58
2005-03-16,3.6,4.4,2.58
2005-03-23,3.6,4.4,2.58
2005-03-30,3.6,4.4,2.67
2005-04-06,3.65,4.45,2.67
2005-04-13,3.63,4.47,2.67
2005-04-20,3.63,4.47,2.67
2005-04-27,3.63,4.47,2.58
2005-05-04,3.63,4.47,2.67
2005-05-11,3.63,4.45,2.67
2005-05-18,3.63,4.4,2.67
2005-05-25,3.63,4.4,2.67
2005-06-01,3.63,4.4,2.75
2005-06-08,3.65,4.42,2.75
2005-06-15,3.9,4.42,2.75
2005-06-22,3.9,4.37,2.75
2005-06-29,3.9,4.37,2.75
2005-07-06,3.9,4.28,2.75
2005-07-13,3.9,4.28,2.75
2005-07-20,3.9,3.95,2.67
2005-07-27,3.9,3.79,2.58
2005-08-03,3.9,3.7,2.55
2005-08-10,3.68,3.51,2.48
2005-08-17,3.4,3.43,2.48
2005-08-24,3.68,3.43,2.48
2005-08-31,3.68,3.5,2.47
2005-09-07,3.68,3.58,2.47
2005-09-14,3.4,3.58,2.47
2005-09-21,3.2,3.58,2.47
2005-09-28,3.2,3.58,2.47
2005-10-05,3.4,3.58,2.38
2005-10-12,3.4,3.58,2.38
2005-10-19,3.45,3.58,2.38
2005-10-26,3.4,3.58,2.38
2005-11-02,3.4,3.58,2.38
2005-11-09,3.4,3.58,2.38
2005-11-16,3.4,3.58,2.38
2005-11-23,3.4,3.58,2.38
2005-11-30,3.4,3.58,2.38
2005-12-07,3.2,3.58,2.38
2005-12-14,3.2,3.58,2.38
2005-12-21,3.2,3.58,2.38
2005-12-28,3.2,3.58,2.38
2006-01-04,3.2,3.58,2.38
2006-01-11,3.33,3.5,2.38
2006-01-18,3.33,3.5,2.38
2006-01-25,3.33,3.5,2.38
2006-02-01,3.33,3.43,2.38
2006-02-08,3.33,3.43,2.38
2006-02-15,3.33,3.4,2.25
2006-02-22,3.33,3.4,2.25
2006-03-01,3.33,3.4,2.25
2006-03-08,3.33,3.47,2.25
2006-03-15,3.35,3.47,2.25
2006-03-22,3.35,3.47,2.25
2006-03-29,3.4,3.47,2.25
2006-04-05,3.53,3.58,2.25
2006-04-12,3.53,3.58,2.25
2006-04-19,3.58,3.63,2.25
2006-04-26,3.58,3.63,2.25
2006-05-03,3.75,3.63,2.38
2006-05-10,3.83,3.63,2.38
2006-05-17,3.83,3.63,2.38
2006-05-24,3.83,3.63,2.38
2006-05-31,3.83,3.65,2.38
2006-06-07,3.9,3.6,2.88
2006-06-14,3.9,3.58,2.88
2006-06-21,3.73,3.58,2.75
2006-06-28,3.8,3.54,2.75
2006-07-05,3.7,3.67,2.75
2006-07-12,3.7,3.67,2.75
2006-07-19,3.7,3.67,2.75
2006-07-26,3.7,3.52,2.75
2006-08-02,3.5,3.5,2.71
2006-08-09,3.5,3.45,2.71
2006-08-16,3.5,3.53,2.82
2006-08-23,3.53,3.53,2.82
2006-08-30,3.53,3.62,2.87
2006-09-06,3.58,3.69,2.93
2006-09-13,3.7,3.75,2.96
2006-09-20,3.78,3.78,3.02
2006-09-27,4.03,3.78,3.02
2006-10-04,4.15,4.13,3.12
2006-10-11,4.21,4.17,3.12
2006-10-18,4.21,4.17,3.12
2006-10-25,4.21,4.28,3.12
2006-11-01,4.21,4.28,3.13
2006-11-08,4.46,4.67,3.23
2006-11-15,4.46,4.67,3.08
2006-11-22,4.46,4.75,3.45
2006-11-29,4.5,4.75,3.44
2006-12-06,4.5,4.75,3.5
2006-12-13,4.5,4.75,3.5
2006-12-20,4.54,4.78,3.59
2006-12-27,4.54,4.78,3.62
2007-01-03,4.63,4.88,3.68
2007-01-10,4.83,5.06,3.85
2007-01-17,4.95,5.15,3.85
2007-01-24,5.08,5.21,3.85
2007-01-31,5.4,5.33,3.85
2007-02-07,5.4,5.43,3.87
2007-02-14,5.6,5.68,3.87
2007-02-21,5.8,5.72,3.87
2007-02-28,6.08,6.08,3.87
2007-03-07,6.22,6.08,3.95
2007-03-14,6.22,6.18,4.06
2007-03-21,6.67,6.43,4.06
2007-03-28,6.67,6.43,3.95
2007-04-04,6.85,6.7,3.95
2007-04-11,7.1,6.7,3.95
2007-04-18,7.1,6.63,3.95
2007-04-25,7.13,6.63,3.95
2007-05-02,7.13,6.63,3.9
2007-05-09,7.13,6.55,3.9
2007-05-16,7.13,6.67,3.9
2007-05-23,7.13,6.67,3.96
2007-05-30,6.88,6.58,3.86
2007-06-06,6.75,6.58,3.8
2007-06-13,6.75,6.33,3.7
2007-06-20,6.63,6.12,3.42
2007-06-27,6.63,6.08,3.68
2007-07-04,6.63,6.08,3.7
2007-07-11,6.63,6.08,3.91
2007-07-18,6.38,5.92,3.83
2007-07-25,6.38,5.92,4.04
2007-08-01,6.3,6,4.04
2007-08-08,6.3,6.08,3.92
2007-08-15,6.18,6.08,4.05
2007-08-22,6.25,6.17,4.24
2007-08-29,6.25,6.18,4.5
2007-09-05,6.25,6.25,4.66
2007-09-12,6.15,6.53,4.76
2007-09-19,6.53,6.63,4.92
2007-09-26,6.75,6.88,5.19
2007-10-03,6.75,7.06,4.9
2007-10-10,6.7,7.25,5.56
2007-10-17,6.75,7.38,5.72
2007-10-24,6.75,8.17,5.13
2007-10-31,6.85,8.42,5.13
2007-11-07,6.88,9,5.13
2007-11-14,6.85,9.08,4.9
2007-11-21,7.3,9.17,4.9
2007-11-28,7.58,9.17,4.4
2007-12-05,8.2,9.17,4.4
2007-12-12,9,9.17,4.4
2007-12-19,8.4,9.42,4.4
2007-12-26,8.93,9.42,4.4
2008-01-02,8.93,9.42,4.4
2008-01-09,8.93,9.42,4.4
2008-01-16,9.13,9.92,4.4
2008-01-23,9.1,9.92,4.4
2008-01-30,9.53,10,4.4
2008-02-06,9.73,9.88,4.4
2008-02-13,10.13,10.5,4.4
2008-02-20,10.25,10.88,4.4
2008-02-27,10.92,11.5,4.4
2008-03-05,11.38,11.65,4.4
2008-03-12,11.38,11.65,4.9
2008-03-19,11.13,11.45,4.9
2008-03-26,10.55,11.06,4.9
2008-04-02,10.68,11.06,4.9
2008-04-09,10.38,10.88,4.9
2008-04-16,10.38,10.88,4.9
2008-04-23,10.13,10.88,4.9
2008-04-30,10,10.5,4.9
2008-05-07,10,10.75,4.9
2008-05-14,10.13,10.67,4.9
2008-05-21,10.13,10.67,4.9
2008-05-28,10.13,10.67,4.9
2008-06-04,10.48,10.58,4.9
2008-06-11,10.48,10.92,4.9
2008-06-18,10.38,10.61,4.9
2008-06-25,10.25,10.88,4.9
2008-07-02,10.25,10.88,4.9
2008-07-09,9.75,10.58,4.9
2008-07-16,9.98,10.58,5.35
2008-07-23,9.75,10.58,5.35
2008-07-30,8.85,9.92,5.35
2008-08-06,8.6,9.75,5.35
2008-08-13,8.6,9.75,6.5
2008-08-20,7.83,9.75,4.9
2008-08-27,7.74,9.38,4.9
2008-09-03,6.63,8.92,4.9
2008-09-10,6.45,8.95,4.63
2008-09-17,6.55,8.42,4.63
2008-09-24,6.43,8.42,4.63
2008-10-01,6.13,8.42,4.63
2008-10-08,6,8.38,4.63
2008-10-15,6,8.38,4.13
2008-10-22,5.63,8.25,4.88
2008-10-29,5.63,7.88,4.88
2008-11-05,5.5,8,3.9
2008-11-12,5.5,8.25,3.9
2008-11-19,5.88,8.25,3.9
2008-11-26,5.88,8.25,3.9
2008-12-03,5.88,7.75,3.9
2008-12-10,5.35,7.25,3.9
2008-12-17,5.1,6.75,3.9
2008-12-24,4.85,6.75,3.9
2008-12-31,4.85,6.75,3.9
2009-01-07,4.85,6.75,3.9
2009-01-14,5.13,7.25,3.9
2009-01-21,5.63,7.88,3.9
2009-01-28,5.63,8,3.9
2009-02-04,5.63,8,3.9
2009-02-11,5.63,8,3.9
2009-02-18,5.88,8.25,3.9
2009-02-25,5.98,8,3.9
2009-03-04,6.03,8.13,3.9
2009-03-11,6.03,8.38,3.9
2009-03-18,5.98,8.38,3.9
2009-03-25,5.75,8.25,4.25
2009-04-01,5.8,8.25,4.36
2009-04-08,5.95,8.42,5.75
2009-04-15,5.35,8.58,4.52
2009-04-22,5.88,8.59,4.52
2009-04-29,6.13,8.84,4.6
2009-05-06,6.13,8.92,4.58
2009-05-13,6,8.75,4.44
2009-05-20,5.88,8.75,3.9
2009-05-27,6,8.75,3.9
2009-06-03,5.45,8.5,4.24
2009-06-10,5.45,8.75,4.79
2009-06-17,5.63,8.75,4.98
2009-06-24,5.75,8.75,4.93
2009-07-01,5.75,8.6,3.9
2009-07-08,5.75,7.63,4.85
2009-07-15,5.85,8.1,4.85
2009-07-22,5.85,7.63,5.27
2009-07-29,6.35,7.63,5.05
2009-08-05,6.15,7.63,5.11
2009-08-12,6.32,7.63,4.89
2009-08-19,6.35,7.63,4.63
2009-08-26,5.85,7.42,4.03
2009-09-02,5,7.5,3.9
2009-09-09,4.7,7.5,3.24
2009-09-16,4.75,7.5,3.4
2009-09-23,4.38,7.5,3.68
2009-09-30,4.65,7.17,4
2009-10-07,4.73,6.88,3.79
2009-10-14,4.73,7.08,3.4
2009-10-21,4.73,6.88,3.4
2009-10-28,4.73,6.75,3.4
2009-11-04,4.9,6.88,3.4
2009-11-11,5.63,7.25,3.9
2009-11-18,5.63,7.25,3.95
2009-11-25,5.73,7.58,3.4
2009-12-02,5.63,7.38,3.4
2009-12-09,5.45,7.58,4.35
2009-12-16,5.45,7.8,3.4
2009-12-23,5.63,7.8,3.68
2009-12-30,5.63,7.5,3.68
2010-01-06,5.63,7.5,3.68
2010-01-13,5.73,7.5,3.68
2010-01-20,5.63,7.13,3.68
2010-01-27,5.38,7.63,3.68
2010-02-03,5.38,7.63,3.68
2010-02-10,4.9,7.58,3.4
2010-02-17,4.63,7.58,3.4
2010-02-24,4.73,6.58,3.4
2010-03-03,4.83,6.63,3.1
2010-03-10,4.7,6.88,2.95
2010-03-17,4.5,6.88,2.95
2010-03-24,4.52,6.88,2.95
2010-03-31,4.4,7.58,3.1
2010-04-07,4.42,7.58,2.69
2010-04-14,4.24,6.75,2.71
2010-04-21,4.45,6.75,2.71
2010-04-28,4.55,5.67,2.71
2010-05-05,4.5,6.13,2.71
2010-05-12,4.48,6.13,2.71
2010-05-19,4.5,4.67,2.71
2010-05-26,4.5,4.69,2.71
2010-06-02,4.5,4.69,2.71
2010-06-09,4.45,5.13,2.71
2010-06-16,4.4,4.75,2.75
2010-06-23,4.64,4.75,2.71
2010-06-30,4.94,5.06,2.71
2010-07-07,4.94,5.06,2.71
2010-07-14,5.05,5.06,2.71
2010-07-21,5.09,5.06,2.71
2010-07-28,4.91,5.01,2.71
2010-08-04,4.91,5.01,2.71
2010-08-11,4.68,5,2.67
2010-08-18,4.92,5.19,2.71
2010-08-25,4.98,5.38,2.71
2010-09-01,4.96,5.38,2.71
2010-09-08,5.07,5.56,2.71
2010-09-15,5.13,5.69,3.08
2010-09-22,5.33,6.44,3.08
2010-09-29,5.33,6.25,3.08
2010-10-06,5.41,6.25,3.08
2010-10-13,5.56,6.35,3.08
2010-10-20,5.69,6.38,3.08
2010-10-27,5.79,6.73,3.62
2010-11-03,5.98,7.3,3.87
2010-11-10,6.16,7.38,3.87
2010-11-17,5.93,7.38,3.87
2010-11-24,6.36,7.69,4.13
2010-12-01,6.61,7.7,4.06
2010-12-08,5.93,7.5,4.06
2010-12-15,6.43,7.35,4.19
2010-12-22,6.48,7.38,4.19
2010-12-29,6.48,7.38,4.19
2011-01-05,6.48,7.38,4.19
2011-01-12,6.48,7.38,5.54
2011-01-19,7.12,7.38,5.63
2011-01-26,7.06,7.38,5.07
2011-02-02,7.56,7.42,5.63
2011-02-09,7.83,7.83,5.01
2011-02-16,7.89,7.83,5.16
2011-02-23,7.76,7.75,5.16
2011-03-02,7.63,7.75,5.15
2011-03-09,7.51,7.75,5.05
2011-03-16,7.25,6.87,4.55
2011-03-23,7.25,6.87,4.66
2011-03-30,6.92,6.87,4.87
2011-04-06,6.92,6.87,4.79
2011-04-13,6.92,6.87,4.7
2011-04-20,6.43,6.87,4.62
2011-04-27,6.92,6.87,4.55
2011-05-04,6.4,6.84,4.62
2011-05-11,6.83,6.84,4.37
2011-05-18,7.17,7.09,4.37
2011-05-25,7.33,7.09,4.37
2011-06-01,7.37,7.09,4.49
2011-06-08,7.58,7.34,4.49
2011-06-15,8,7.71,4.74
2011-06-22,8.1,7.96,4.74
2011-06-29,8.7,8.27,4.47
2011-07-06,8.7,8.23,4.62
2011-07-13,8.77,8.02,4.62
2011-07-20,8.77,8.14,4.62
2011-07-27,8.65,8.14,4.62
2011-08-03,8.65,8.02,4.62
2011-08-10,8.47,7.85,4.62
2011-08-17,8.47,7.85,4.62
2011-08-24,,7.68,4.37
2011-08-31,7.89,7.97,4.37
2011-09-07,8.71,7.97,4.37
2011-09-14,8.76,8.3,4.39
2011-09-21,8.94,8.68,4.62
2011-09-28,8.94,8.76,4.87
2011-10-05,8.9,9.01,4.8
2011-10-12,8.84,9.01,4.8
2011-10-19,8.84,8.84,4.8
2011-10-26,8.84,8.68,4.8
2011-11-02,8.84,8.68,4.98
2011-11-09,8.84,8.68,4.99
2011-11-16,8.84,8.68,4.8
2011-11-23,8.84,8.68,4.8
2011-11-30,8.64,8.68,5.05
2011-12-07,8.64,8.68,5.05
2011-12-14,8.49,8.68,5.05
2011-12-21,8.49,8.86,4.83
2011-12-28,8.49,8.68,4.83
2012-01-04,8.49,8.68,4.83
2012-01-11,8.49,8.68,4.83
2012-01-18,8.49,8.8,4.83
2012-01-25,8.08,8.59,4.83
2012-02-01,8.47,8.97,4.83
2012-02-08,8.07,8.97,5.15
2012-02-15,8.49,8.97,4.5
2012-02-22,8.54,8.97,4.98
2012-02-29,8.35,8.8,4.89
2012-03-07,8.58,8.68,4.83
2012-03-14,8.68,9.09,5.01
2012-03-21,8.75,9.51,5.03
2012-03-28,8.75,9.63,5.06
2012-04-04,8.55,9.79,5.02
2012-04-11,8.4,9.9,4.92
2012-04-18,8.58,10.08,4.99
2012-04-25,8.58,10.11,4.83
2012-05-02,8.6,10.26,4.83
2012-05-09,8.66,10.58,4.83
2012-05-16,8.66,10.58,4.83
2012-05-23,8.19,10.9,4.83
2012-05-30,8.19,10.9,4.91
2012-06-06,8.23,10.9,5.05
2012-06-13,9.41,10.86,4.83
2012-06-20,8.08,10.86,4.83
2012-06-27,7.43,9.69,4.5
2012-07-04,7.4,10.54,5.01
2012-07-11,7.4,10.54,4.93
2012-07-18,7.57,10.11,4.93
2012-07-25,8.24,10.11,4.93
2012-08-01,8.12,10.1,5.01
2012-08-08,8.39,10.36,4.93
2012-08-15,8.69,10.22,4.93
2012-08-22,8.83,10.26,4.95
2012-08-29,8.52,10.26,4.99
2012-09-05,8.33,10.33,4.95
2012-09-12,8.39,10.69,4.95
2012-09-19,8.43,10.83,4.95
2012-09-26,8.35,11.01,4.95
2012-10-03,8.23,11.26,5.68
2012-10-10,8.4,11.33,5.68
2012-10-17,8.48,11.47,5.68
2012-10-24,8.48,11.47,5.64
2012-10-31,8.67,11.69,5.64
2012-11-07,8.74,12.01,5.64
2012-11-14,8.57,12.58,5.64
2012-11-21,8.57,12.9,5.62
2012-11-28,8.48,12.97,5.62
2012-12-05,8.44,13.58,5.98
2012-12-12,8.44,13.58,5.98
2012-12-19,8.44,13.58,6.5
2012-12-26,8.44,14.01,6.5
2013-01-02,8.44,14.01,6.5
2013-01-09,8.48,14.11,6.5
2013-01-16,8.53,14.66,6.5
2013-01-23,8.4,14.66,6.5
2013-01-30,8.44,16.06,6.5
2013-02-06,8.48,16.22,6.5
2013-02-13,8.48,16.32,6.5
2013-02-20,8.48,16.32,6.5
2013-02-27,8.61,16.32,6.22
2013-03-06,8.61,16.32,6.22
2013-03-13,8.73,16.32,6.22
2013-03-20,8.73,16.32,6.22
2013-03-27,8.73,16.32,6.22
2013-04-03,8.85,16.22,6.22
2013-04-10,8.76,16.92,6.97
2013-04-17,8.76,16.92,6.97
2013-04-24,8.94,17.02,6.97
2013-05-01,9.06,17.02,6.97
2013-05-08,8.87,17.02,7.11
2013-05-15,8.87,17.02,7.11
2013-05-22,9.03,17.02,7.11
2013-05-29,8.93,17.46,7.11
2013-06-05,9.04,17.46,7.11
2013-06-12,9.08,15.66,7.11
2013-06-19,8.36,15.66,7.11
2013-06-26,8.33,15.46,7.11
2013-07-03,9.09,12.96,6.66
2013-07-10,8.76,12.96,7.11
2013-07-17,8.76,12.96,7.11
2013-07-24,8.63,12.96,7.11
2013-07-31,7.99,12.96,7.11
2013-08-07,7.82,12.96,7.11
2013-08-14,7.69,12.46,7.11
2013-08-21,7.28,12.46,7.11
2013-08-28,7.04,9.26,6.66
2013-09-04,6.64,9.26,6.51
2013-09-11,6.84,9.26,6.66
2013-09-18,6.43,9.76,6.36
2013-09-25,6.43,9.76,6.36
2013-10-02,6.63,9.96,6.36
2013-10-09,6.58,10.56,6.36
2013-10-16,6.58,11.46,6.36
2013-10-23,6.58,11.46,6.36
2013-10-30,6.58,11.46,6.36
2013-11-06,7.03,12.46,6.36
2013-11-13,6.63,12.46,6.36
2013-11-20,6.55,12.06,6.36
2013-11-27,6.55,12.06,6.36
2013-12-04,6.55,12.06,5.15
2013-12-11,6.27,11.66,5.15
2013-12-18,6.27,11.66,5.15
2013-12-25,5.93,10.46,5.15
2014-01-01,5.93,10.46,5.15
2014-01-08,5.83,10.66,5.15
2014-01-15,5.83,10.56,5.15
2014-01-22,5.83,10.56,5.15
2014-01-29,5.4,9.76,5.15
2014-02-05,5.53,10.16,5.15
2014-02-12,5.53,10.96,5.15
2014-02-19,5.53,10.96,5.15
2014-02-26,5.73,11.01,4.28
2014-03-05,5.94,11.46,4.28
2014-03-12,5.94,11.46,4.28
2014-03-19,5.88,11.46,4.28
2014-03-26,5.88,12.96,4.28
2014-04-02,6.19,12.96,4.28
2014-04-09,6.38,12.96,4.28
2014-04-16,6.63,12.96,4.28
2014-04-23,6.63,12.96,4.28
2014-04-30,6.69,12.96,4.28
2014-05-07,6.69,12.96,4.28
2014-05-14,6.69,12.96,4.28
2014-05-21,6.69,12.96,4.28
2014-05-28,6.69,9.76,4.28
2014-06-04,6.69,9.76,4.28
2014-06-11,6.28,9.76,4.28
2014-06-18,6.28,9.76,4.28
2014-06-25,6.43,9.56,4.28
2014-07-02,6.43,9.56,4.28
2014-07-09,6.43,9.56,4.28
2014-07-16,6.43,9.56,4.28
2014-07-23,6.15,9.56,4.28
2014-07-30,6.38,9.26,4.28
2014-08-06,6.19,9.16,4.28
2014-08-13,6.19,8.96,4.28
2014-08-20,6.19,8.96,4.28
2014-08-27,6.19,8.96,4.28
2014-09-03,6.19,7.76,4.28
2014-09-10,6.19,7.66,4.28
2014-09-17,6.19,8.06,4.28
2014-09-24,6.28,8.06,4.03
2014-10-01,6.23,8.06,4.03
2014-10-08,6.48,8.96,4.03
2014-10-15,6.48,8.96,4.03
2014-10-22,6.48,8.96,4.03
2014-10-29,6.48,8.96,4.03
2014-11-05,6.73,9.46,4.03
2014-11-12,6.73,9.46,4.03
2014-11-19,6.73,9.46,4.03
2014-11-26,6.73,9.46,4.03
2014-12-03,6.98,8.56,4.38
2014-12-10,7.11,8.66,4.38
2014-12-17,7.11,8.66,4.38
2014-12-24,7.11,8.66,4.38
2014-12-31,7.11,8.66,4.38
2015-01-07,7.11,8.66,4.38
2015-01-14,7.98,8.66,4.38
2015-01-21,7.98,8.66,4.38
2015-01-28,8.23,9.06,4.78
2015-02-04,8.23,9.06,4.78
2015-02-11,8.44,9.01,4.78
2015-02-18,8.44,9.01,4.78
2015-02-25,8.44,8.56,4.78
2015-03-04,8.44,8.56,4.78
2015-03-11,8.44,8.16,4.78
2015-03-18,8.4,8.16,4.78
2015-03-25,8.36,8.16,4.78
2015-04-01,8.48,8.46,4.78
2015-04-08,8.48,8.06,4.78
2015-04-15,8.48,8.06,4.78
2015-04-22,8.48,8.06,4.78
2015-04-29,8.48,8.46,4.78
2015-05-06,8.48,8.46,4.78
2015-05-13,8.48,8.46,4.78
2015-05-20,8.98,8.06,4.78
2015-05-27,8.98,8.46,4.78
2015-06-03,8.98,8.46,4.78
2015-06-10,8.98,8.46,4.78
2015-06-17,8.98,8.26,4.78
2015-06-24,8.98,8.26,4.78
2015-07-01,8.98,8.26,4.78
2015-07-08,8.98,8.06,4.78
2015-07-15,8.98,8.06,4.78
2015-07-22,8.98,7.66,4.78
2015-07-29,8.98,8.06,4.78
2015-08-05,8.98,7.66,4.78
2015-08-12,8.98,7.66,4.78
2015-08-19,8.78,8.06,4.78
2015-08-26,8.78,8.06,4.78
2015-09-02,8.98,8.06,4.78
2015-09-09,9,8.06,4.78
2015-09-16,9,8.06,4.78
2015-09-23,9,8.06,4.78
2015-09-30,7.73,8.06,4.78
2015-10-07,7.73,8.06,4.78
2015-10-14,7.73,8.06,4.78
2015-10-21,7.73,8.06,4.78
2015-10-28,7.73,8.06,4.78
2015-11-04,7.73,8.06,4.78
2015-11-11,7.73,8.06,4.78
2015-11-18,7.73,8.06,4.78
2015-11-25,9.98,8.71,6.53
2015-12-02,10.48,8.71,6.53
2015-12-09,10.48,8.71,6.53
2015-12-16,10.98,8.96,6.53
2015-12-23,10.98,8.96,6.53
2015-12-30,10.98,8.96,6.53
2016-01-06,11.73,8.96,6.53
2016-01-13,12.07,9.18,6.53
2016-01-20,12.98,9.31,6.53
2016-01-27,12.98,9.31,6.53
2016-02-03,12.98,9.51,6.53
2016-02-10,13.98,9.71,6.53
2016-02-17,13.19,9.71,6.53
2016-02-24,14.07,8.86,6.53
2016-03-02,14.07,8.86,6.53
2016-03-09,14.07,8.76,6.53
2016-03-16,13.07,9.31,6.53
2016-03-23,13.07,9.31,6.53
2016-03-30,13.07,9.31,6.53
2016-04-06,13.07,9.31,6.53
2016-04-13,13.07,9.31,6.53
2016-04-20,13.15,9.31,6.28
2016-04-27,12.73,9.73,6.28
2016-05-04,13.58,9.8,6.28
2016-05-11,13.58,9.8,6.28
2016-05-18,13.08,9.51,6.28
2016-05-25,12.28,9.51,6.28
2016-06-01,12.68,9.31,6.28
2016-06-08,12.48,9.31,6.28
2016-06-15,12.03,9.27,6.28
2016-06-22,10.43,9.51,6.28
2016-06-29,10.43,9.51,6.28
2016-07-06,10.23,9.51,6.28
2016-07-13,9.28,9.27,6.28
2016-07-20,9.28,9.27,6.28
2016-07-27,9.28,9.27,6.28
2016-08-03,7.38,8.41,6.28
2016-08-10,7.58,8.61,6.28
2016-08-17,7.58,8.61,6.28
2016-08-24,7.18,7.71,6.28
2016-08-31,7.31,7.16,6.28
2016-09-07,7.09,7.06,6.28
2016-09-14,7.06,7.06,6.28
2016-09-21,6.99,7.26,6.28
2016-09-28,6.99,7.06,6.28
2016-10-05,6.87,7.06,6.28
2016-10-12,6.94,7.11,6.28
2016-10-19,7.06,7.56,6.28
2016-10-26,7.06,7.56,6.28
2016-11-02,7.49,8.21,6.28
2016-11-09,8.06,8.96,6.28
2016-11-16,8.48,8.96,6.28
2016-11-23,8.48,8.96,7.03
2016-11-30,8.48,8.96,7.03
2016-12-07,8.98,9.06,7.03
2016-12-14,8.98,9.06,7.03
2016-12-21,8.98,9.06,6.78
2016-12-28,8.98,9.06,6.78
2017-01-04,8.98,9.06,6.78
2017-01-11,8.98,9.06,6.78
2017-01-18,8.98,9.01,6.78
2017-01-25,8.98,8.96,6.78
2017-02-01,8.98,8.96,6.78
2017-02-08,8.98,8.96,6.53
2017-02-15,8.98,8.96,5.53
2017-02-22,8.98,8.96,5.53
2017-03-01,8.98,8.96,5.53
2017-03-08,8.33,8.06,5.53
2017-03-15,8.33,8.06,5.53
2017-03-22,8.33,8.06,5.53
2017-03-29,8.33,8.06,5.53
2017-04-05,8.33,8.06,5.53
2017-04-12,8.58,8.31,6.53
2017-04-19,8.58,8.31,6.53
2017-04-26,8.58,8.31,6.53
2017-05-03,8.58,8.31,6.53
2017-05-10,9.08,8.06,6.53
2017-05-17,9.18,8.06,6.53
2017-05-24,9.18,8.06,6.53
2017-05-31,9.33,8.06,6.53
2017-06-07,9.33,8.31,6.53
2017-06-14,9.58,8.31,6.53
2017-06-21,9.58,8.31,6.53
2017-06-28,9.33,8.31,6.53
2017-07-05,9.33,8.31,6.03
2017-07-12,9.33,8.31,6.03
2017-07-19,9.33,8.31,6.03
2017-07-26,9.33,8.06,6.03
2017-08-02,8.83,8.06,6.03
2017-08-09,8.83,8.06,6.03
2017-08-16,7.83,8.06,6.03
2017-08-23,7.83,8.31,6.03
2017-08-30,8.33,8.31,6.03
2017-09-06,8.33,7.86,5.98
2017-09-13,7.83,8.2,6.69
2017-09-20,7.44,8.3,6.12
2017-09-27,7.28,8.2,6.12
2017-10-04,7.2,8.2,6.12
2017-10-11,7.2,8.2,6.12
2017-10-18,7.2,8.2,6.12
2017-10-25,7.6,8.2,6.12
2017-11-01,7.7,8.1,6.82
2017-11-08,5.9,7.7,6.02
2017-11-15,5.9,7.7,6.02
2017-11-22,6,7.7,6.02
2017-11-29,6.38,7.5,6.02
2017-12-06,6.88,7.9,6.02
2017-12-13,6.88,7.9,6.02
2017-12-20,7.13,7.5,6.02
2017-12-27,6.9,7.5,6.02
2018-01-03,6.54,7.5,6.02
2018-01-10,7.13,7.7,6.22
2018-01-17,7.13,7.7,6.22
2018-01-24,6.75,8.1,6.22
2018-01-31,6.75,8.2,6.52
2018-02-07,6.75,8.2,6.52
2018-02-14,6.75,8.05,6.52
2018-02-21,6.75,8.05,6.52
2018-02-28,6.63,8.2,6.52
2018-03-07,6.63,8.2,6.52
2018-03-14,6.63,8.2,6.52
2018-03-21,6.63,8.2,6.52
2018-03-28,6.63,8.2,6.52
2018-04-04,6.63,8.4,6.52
2018-04-11,6.75,8.6,6.52
2018-04-18,6.83,8.6,6.52
2018-04-25,6.75,8.6,6.52
2018-05-02,6.88,8.3,6.42
2018-05-09,6.93,8.5,6.42
2018-05-16,6.93,8.5,6.42
2018-05-23,6.93,8.5,6.42
2018-05-30,6.93,8.5,6.42
2018-06-06,7.3,8.9,6.42
2018-06-13,7.3,8.9,6.42
2018-06-20,7.3,8.9,6.42
2018-06-27,6.93,8.35,6.51
2018-07-04,6.75,8.35,6.51
2018-07-11,6.5,8.18,6.51
2018-07-18,6.5,8.18,6.51
2018-07-25,6.38,8.18,6.51
2018-08-01,6.13,8.18,6.51
2018-08-08,6.13,8.1,6.51
2018-08-15,6,7.5,6.51
2018-08-22,6,7.5,6.21
2018-08-29,6,7.7,6.21
2018-09-05,6.13,7.9,6.21
2018-09-12,6.25,8,6.21
2018-09-19,6.38,8.05,6.21
2018-09-26,6.38,8.13,4.84
2018-10-03,6.38,8.13,4.84
2018-10-10,6.38,8.13,4.84
2018-10-17,6.48,8.18,4.84
2018-10-24,6.48,8.18,4.84
2018-10-31,6.38,8.28,4.84
2018-11-07,6.38,8.6,4.88
2018-11-14,6.5,8.6,4.88
2018-11-21,6.75,9.1,4.88
2018-11-28,6.75,9.1,4.88
2018-12-05,7.13,9.55,4.88
2018-12-12,7.37,9.7,4.55
2018-12-19,7.37,10.1,4.55
2018-12-26,7.37,10.1,4.59
2019-01-02,7.37,10.1,4.59
2019-01-09,7.37,10.5,4.59
2019-01-16,7.37,10.5,4.59
2019-01-23,7.37,10.63,4.59
2019-01-30,7.37,10.63,4.59
2019-02-06,7.37,11.13,4.59
2019-02-13,7.13,11.88,4.59
2019-02-20,7.13,11.88,4.59
2019-02-27,7.13,11.88,4.59
2019-03-06,7.13,11.63,4.93
2019-03-13,6.75,12.13,4.93
2019-03-20,6.55,12.63,4.93
2019-03-27,6.55,12.63,4.93
2019-04-03,6.53,12.13,4.93
2019-04-10,6.63,13.13,4.68
2019-04-17,6.53,11.88,4.68
2019-04-24,6.53,11.88,4.68
2019-05-01,6.45,12.13,4.68
2019-05-08,6.45,12.13,4.68
2019-05-15,6.53,11.63,4.68
2019-05-22,6.53,11.63,4.68
2019-05-29,6.5,11.63,4.68
2019-06-05,6.75,11.63,4.68
2019-06-12,6.75,11.63,6.67
2019-06-19,6.75,11.63,4.68
2019-06-26,6.75,11.63,4.68
2019-07-03,6.75,11.63,4.68
2019-07-10,6.75,9.38,4.68
2019-07-17,6.75,9.38,4.68
2019-07-24,6.63,9.38,4.68
2019-07-31,5.98,7.88,4.61
2019-08-07,6.03,7.88,4.61
2019-08-14,5.78,7.43,4.61
2019-08-21,6.35,7.43,4.03
2019-08-28,6.35,7.43,4.03
2019-09-04,6.35,7.25,4.03
2019-09-11,6.35,7.19,4.03
2019-09-18,6.08,8.13,4.03
2019-09-25,6.08,8.13,4.03
2019-10-02,6.08,8.13,4.03
2019-10-09,6.08,8.13,4.03
2019-10-16,6.08,8.13,4.03
2019-10-23,6.08,8.13,4.03
2019-10-30,6.35,8.63,4.03
2019-11-06,6.18,9.63,4.03
2019-11-13,6.45,10.13,4.03
2019-11-20,6.45,10.13,4.03
2019-11-27,6.35,10.25,4.03
2019-12-04,6.55,10.63,4.03
2019-12-11,6.58,11.63,4.03
2019-12-18,6.58,11.63,4.03
2019-12-25,6.85,11.63,4.03
2020-01-01,6.9,11.93,4.03
2020-01-08,6.9,11.93,4.03
2020-01-15,6.98,11.66,4.03
2020-01-22,6.98,11.66,4.03
2020-01-29,6.85,12.03,4.03
2020-02-05,6.75,12.03,4.03
2020-02-12,6.75,10.63,4.03
2020-02-19,6.75,10.63,4.03
2020-02-26,6.98,10.88,4.03
2020-03-04,6.98,10.88,4.03
2020-03-11,6.98,11.13,4.03
2020-03-18,6.85,11.13,4.03
2020-03-25,6.85,10.44,4.03
2020-04-01,7.3,10.63,4.03
2020-04-08,7.3,10.63,4.03
2020-04-15,7.3,10.63,4.03
2020-04-22,7.48,12.13,4.03
2020-04-29,7.8,11.5,6.15
2020-05-06,7.8,11.38,6.12
2020-05-13,7.8,11.13,
2020-05-20,7.8,10.88,6.86
2020-05-27,7.8,10.88,6.78
2020-06-03,7.8,10.44,6.78
2020-06-10,7.58,9.5,6.77
2020-06-17,7.3,10.63,6.78
2020-06-24,7.3,10.63,6.75
2020-07-01,7.08,9.88,6.68
2020-07-08,6.85,9.63,6.68
2020-07-15,6.85,9.63,6.74
2020-07-22,6.98,8.44,6.71
2020-07-29,6.98,7.88,6.61
2020-08-05,6.98,7.88,6.6
2020-08-12,6.56,7.75,6.69
2020-08-19,6.56,7.63,6.69
2020-08-26,6.62,7.87,6.52
2020-09-02,6.75,7.87,6.45
2020-09-09,6.75,7.87,6.45
2020-09-16,7,7.87,6.43
2020-09-23,7,7.87,6.39
2020-09-30,7.5,8.52,6.51
2020-10-07,7.5,8.52,6.5
2020-10-14,8,8.61,6.5
2020-10-21,8.25,8.95,6.64
2020-10-28,8.75,9.32,6.65
2020-11-04,8.75,9.5,6.65
2020-11-11,9,9.71,6.82
2020-11-18,9,9.79,6.82
2020-11-25,9,9.83,7.5
2020-12-02,9.25,9.83,7.82
2020-12-09,9.25,9.75,7.64
2020-12-16,9.25,9.71,7.49
2020-12-23,9.4,9.44,7.49
2020-12-30,9.4,9.38,7.57
2021-01-06,9.4,9.38,7.57
2021-01-13,9.4,9.03,7.82
2021-01-20,9.75,9,8.27
2021-01-27,10.2,9.21,8.19
2021-02-03,10.5,9.14,8.3
2021-02-10,9.88,9.52,8.3
2021-02-17,10,9.52,8.36
2021-02-24,10.25,9.6,8.46
2021-03-03,10.25,9.48,9.4
2021-03-10,10.25,9.6,8.91
2021-03-17,10.25,9.39,8.96
2021-03-24,10.13,9.57,9.21
2021-03-31,10.13,9.57,9.21
2021-04-07,9.75,9.35,9.05
2021-04-14,9.75,9.27,9.07
2021-04-21,9.58,9.43,9.07
2021-04-28,9.58,9.43,9.07
2021-05-05,9.5,9.46,9.07
2021-05-12,9.5,9.42,8.97
2021-05-19,9.38,9.37,9.16
2021-05-26,9.38,9.37,9.04
2021-06-02,9.75,9.18,9.04
2021-06-09,10,9.23,9.17
2021-06-16,10,9.23,9.17
2021-06-23,10,9.19,9.18
2021-06-30,9.5,9.16,9.18
2021-07-07,9.5,9.16,9.18
2021-07-14,10,9.27,8.57
2021-07-21,10.5,9.35,8.57
2021-07-28,11.25,9.82,8.96
2021-08-04,12,10.41,9.21
2021-08-11,14.5,12.5,9.78
2021-08-18,15,14,10.92
2021-08-25,15,14.7,10.92
2021-09-01,16.5,16.1,10.97
2021-09-08,16,16.38,13.06
2021-09-15,16,16.13,13.06
2021-09-22,16,15.9,12.29
2021-09-29,16,15.88,12.13
2021-10-06,16.5,15.75,12.13
2021-10-13,17.5,16.1,12.59
2021-10-20,17.5,16.1,12.59
2021-10-27,18.5,16.1,14.35
2021-11-03,18,16.5,14.35
2021-11-10,18,16.1,13.73
2021-11-17,18.5,16.1,13.79
2021-11-24,18.5,16.19,13.34
2021-12-01,18.5,16.19,13.34
2021-12-08,18.5,16.08,12.99
2021-12-15,18.5,16.08,12.99
2021-12-22,17.37,16.08,13.92
2021-12-29,17.37,16.08,13.92
2022-01-05,17.51,16.08,13.92
2022-01-12,17.51,16,13.92
2022-01-19,17.26,15.67,13.92
2022-01-26,16.5,14.67,13.49
2022-02-02,15.75,13.33,13.96
2022-02-09,16,13.13,13.7
2022-02-16,16,12.96,14
2022-02-23,16,13.46,14
2022-03-02,16.03,13.46,14.61
2022-03-09,16.17,13.96,12.33
2022-03-16,17.25,14.53,12.33
2022-03-23,17.25,14.34,12.15
2022-03-30,17.25,14.28,12.15
2022-04-06,17.25,14.37,12.15
2022-04-13,17.25,14.2,12.15
2022-04-20,17.24,14.2,11.27
2022-04-27,17.24,14.2,14.12
2022-05-04,17.1,14.2,13.85
2022-05-11,17.05,14.2,13.85
2022-05-18,16.75,14.42,13.79
2022-05-25,16.75,14.38,13.79
2022-06-01,16.75,14.38,13.68
2022-06-08,16.75,14.38,13.68
2022-06-15,15.75,14.08,13.61
2022-06-22,15.73,14.08,12.86
2022-06-29,15.73,13.94,12.86
2022-07-06,15.16,13.75,13.24
2022-07-13,12.5,13.13,13.57
2022-07-20,12.5,13.13,12.66
2022-07-27,12.5,13.13,12.66
2022-08-03,12.03,12.42,11.68
2022-08-10,12.03,12.5,12.58
2022-08-17,11.73,12,11.88
2022-08-24,11.69,11.5,11.47
2022-08-31,11.65,11.75,12.19
2022-09-07,11.65,11.58,11.1
2022-09-14,11.65,11.08,11.25
2022-09-21,11.22,11.92,11.48
2022-09-28,11.13,12.06,11.14
2022-10-05,11.13,12.06,11.14
2022-10-12,12.12,12.25,11.6
2022-10-19,12.12,12.25,11.6
2022-10-26,12.75,12.38,11.77
2022-11-02,12.75,13.5,11.82
2022-11-09,12.75,13.88,12.09
2022-11-16,12.75,14,11.9
2022-11-23,12.75,14,11.9
2022-11-30,12.75,14,11.9
2022-12-07,12.25,13.75,12.44
2022-12-14,12.38,13.75,12.56
2022-12-21,12.25,13.75,12.56
2022-12-28,12.65,13.75,12.56
2023-01-04,12.65,13.75,12.62
2023-01-11,12.71,13.38,12.62
2023-01-18,12.75,13.38,12.5
2023-01-25,12.61,13.75,11.45
2023-02-01,12.44,13.42,12.08
2023-02-08,12.42,13.33,12.11
2023-02-15,12.31,13.19,12.07
2023-02-22,12.2,13.38,12.05
2023-03-01,12.33,13.75,12.14
2023-03-08,12.25,13.63,12.14
2023-03-15,12.38,13.5,12.19
