Date,"Lentils Small Red ($ per cwt)","Lentils Large Green ($ per cwt)","Lentils Small Green ($ per cwt)","Lentils Medium Green ($ per cwt)","Lentils French Green ($ per cwt)"
1992-01-01,,14.75,13,,10
1992-01-08,,14.75,13,,10
1992-01-15,,13.5,12,,10
1992-01-22,,13.5,12,,10
1992-01-29,,13.75,12,,10
1992-02-05,,13.75,12,,10
1992-02-12,,13.75,12,,10
1992-02-19,,13.75,12,,10
1992-02-26,,13.5,12,,10
1992-03-04,,13.5,12,,10
1992-03-11,,13.5,12,,10
1992-03-18,,13,11.5,,10
1992-03-25,,13,11.5,,10
1992-04-01,,13,11.5,,10
1992-04-08,,12,10,,10
1992-04-15,,12,10,,10
1992-04-22,,12.5,,,
1992-04-29,,12,10,,
1992-05-06,,12,10,,
1992-05-13,,12,10,,
1992-05-20,,12,10,,
1992-05-27,,12,10,,
1992-06-03,,12,10,,
1992-06-10,,12,10,,
1992-06-17,,12,10,,
1992-06-24,,12,10,,
1992-07-01,,,10,,
1992-07-08,,12.5,10,,
1992-07-15,,13,10,,
1992-07-22,,12.5,10,,
1992-07-29,,,10,,
1992-08-05,,12,10,,
1992-08-12,,12,10,,
1992-08-19,,12,10,,
1992-08-26,,,,,
1992-09-02,,17,12,,
1992-09-09,,17,12,14,
1992-09-16,,20,13,16,13
1992-09-23,,20,14,20,14
1992-09-30,,20,14,20,14
1992-10-07,,20,14,20,14
1992-10-14,,21,14,20,14
1992-10-21,,21,14,20,14
1992-10-28,,,,20,
1992-11-04,,26,19,20,17
1992-11-11,,,,,
1992-11-18,,23,16,19,15
1992-11-25,,22.5,16,19,15
1992-12-02,,22,16,18,14
1992-12-09,,22.5,16,19,15
1992-12-16,,22.5,16,19,15
1992-12-23,,22.5,16,19,15
1992-12-30,,22.5,16,19,15
1993-01-06,,21.5,17,19,15
1993-01-13,,22,17,19,15
1993-01-20,,18,16.5,19,15
1993-01-27,,18,16.5,19,15
1993-02-03,,15.5,15,19,15
1993-02-10,,15.5,15,19,15
1993-02-17,,16,15,19,15
1993-02-24,,15.5,15,19,15
1993-03-03,,15.5,15,19,15
1993-03-10,,15.5,15,15,15
1993-03-17,,15.5,15,15,15
1993-03-24,,15.5,15,15,15
1993-03-31,,16,15,15,15
1993-04-07,,16,15,15,15
1993-04-14,,16,15,15,15
1993-04-21,,16,15,15,15
1993-04-28,,16.75,15,15,15
1993-05-05,,13,15,15,15
1993-05-12,,14.5,15,15,15
1993-05-19,,14.5,15,15,15
1993-05-26,,14.5,15,15,15
1993-06-02,,15,15,15,15
1993-06-09,,15,15,15,15
1993-06-16,,14.8,15,15,15
1993-06-23,,13.5,13.5,14,14
1993-06-30,,13.5,13.5,14,14
1993-07-07,,13,13,14,14
1993-07-14,,13,13,14,14
1993-07-21,,13,13,14,14
1993-07-28,,14,14,14,14
1993-08-04,,14,14,14,14
1993-08-11,,14,14,14,14
1993-08-18,,14,14,14,14
1993-08-25,,14,14,14,14
1993-09-01,,,,,
1993-09-08,,,,,
1993-09-15,,20,21,,21
1993-09-22,,24,23,,21
1993-09-29,,25,25,,21
1993-10-06,,22,27,,21
1993-10-13,,22,27,,21
1993-10-20,,22,25,,25
1993-10-27,,22,25,,25
1993-11-03,,22,25,,25
1993-11-10,,23,28,,25
1993-11-17,,23,28,,25
1993-11-24,,23,28,,25
1993-12-01,,23,28,,25
1993-12-08,,19,28,,25
1993-12-15,,17.5,28,17.7,25
1993-12-22,,17.5,28,17.7,25
1993-12-29,,17.5,28,17.7,25
1994-01-05,,17.5,28,17.2,25
1994-01-12,,17.5,28,17.2,25
1994-01-19,,17.5,28,17.2,25
1994-01-26,,18,26,17.2,25
1994-02-02,,18,26,17.2,25
1994-02-09,,18,26,17.2,25
1994-02-16,,18,26,17.2,25
1994-02-23,,18,26,17.2,25
1994-03-02,,18,26,17.2,25
1994-03-09,,18,26,17.2,25
1994-03-16,,18,26,17.2,25
1994-03-23,,18,23.8,17.2,25
1994-03-30,,18,22.7,17.2,25
1994-04-06,,18,22.7,17.2,25
1994-04-13,,18,22.7,17.2,25
1994-04-20,,18,22.7,17.2,25
1994-04-27,,18,22.7,17.2,25
1994-05-04,,18,22.7,16.8,25
1994-05-11,,18,22.7,16.8,25
1994-05-18,,18,20.4,16.8,22.7
1994-05-25,,18,20.4,16.8,22.7
1994-06-01,,18,,,22.7
1994-06-08,,18,,,22.7
1994-06-15,,18,10,13.2,22.7
1994-06-22,,18,10,13.2,22.7
1994-06-29,,16.5,10,13.2,22.7
1994-07-06,,16.5,10,13.2,17.2
1994-07-13,,15.5,10,13.2,15.4
1994-07-20,,15.5,10,13.2,15.4
1994-07-27,,15.5,10,13.6,14.5
1994-08-03,,14.5,16.5,15,14.5
1994-08-10,,16,16.5,15,14.1
1994-08-17,,16,16.5,15,14.1
1994-08-24,,16,16.5,15,14.1
1994-08-31,,16,16.5,15,13.6
1994-09-07,,16,16.5,15,13.6
1994-09-14,,17,17,15,13.6
1994-09-21,,17.9,18.1,15,13.6
1994-09-28,,17.9,18.1,15,13.6
1994-10-05,,19,19.5,15,15
1994-10-12,,19.5,19.5,16,14.5
1994-10-19,,18.8,19.5,16.1,14.5
1994-10-26,,17.9,18.1,16.1,14.5
1994-11-02,,18.1,19.3,16.1,14.5
1994-11-09,,18.6,19.3,16.1,14.5
1994-11-16,,18.6,19.3,16.1,14.5
1994-11-23,,18.6,19.3,16.1,14.5
1994-11-30,,18.6,19.3,16.1,14.5
1994-12-07,,18.6,20,16.1,14.5
1994-12-14,,18.6,20,16.1,14.5
1994-12-21,,18.6,20,16.1,14.5
1994-12-28,,19.5,20,16.1,14.5
1995-01-04,,19.5,20,16.1,14.5
1995-01-11,,18.6,18.6,16.1,14.5
1995-01-18,,18.6,18.6,16.1,14.5
1995-01-25,,18.6,18.6,16.1,14.5
1995-02-01,,18.6,18.1,16.1,14.5
1995-02-08,,18.6,17.7,16.1,14.5
1995-02-15,,18.6,17.7,16.1,14.5
1995-02-22,,18.6,18.1,16.1,14.5
1995-03-01,,18.6,18.1,16.1,14.5
1995-03-08,,18.6,17.7,16.1,16
1995-03-15,,18.6,17.7,16.1,16
1995-03-22,,18.6,17.7,16.1,16
1995-03-29,,18.6,17.7,16.1,16
1995-04-05,,18.6,17.7,16.1,16
1995-04-12,,18.6,17,16.1,16
1995-04-19,,18.6,17,16.1,16
1995-04-26,,18.6,17,16.1,16
1995-05-03,,18.6,17,16.1,15
1995-05-10,,20,17,16.1,15
1995-05-17,,20,17,16.1,15
1995-05-24,,20,17,16.1,15
1995-05-31,,20,17,16.1,15
1995-06-07,,20,17,16.1,15
1995-06-14,,20,17,16.1,15
1995-06-21,,20,17,16.1,15
1995-06-28,,20,17,16.1,15
1995-07-05,,20,17,18.1,15
1995-07-12,,20,17,18.1,15
1995-07-19,,20,17,18.1,15
1995-07-26,,20,17,18.1,15
1995-08-02,,20,17,20,15
1995-08-09,,20,17,20,15
1995-08-16,,20,17,20,15
1995-08-23,,20,21,19,15
1995-08-30,,21,21,19,15
1995-09-06,,23,22,22,15
1995-09-13,,23,22,22,15
1995-09-20,,23,22,22,15
1995-09-27,,23,22,22,15
1995-10-04,,23,22,22,15
1995-10-11,,23,22,22,15
1995-10-18,,23,22,22,15
1995-10-25,,23,22,22,15
1995-11-01,,23,22,22,15
1995-11-08,,23,22,22,15
1995-11-15,,23,22,22,15
1995-11-22,,23,22,22,15
1995-11-29,,23,22,22,15
1995-12-06,,23,22,22,15
1995-12-13,,23,22,22,15
1995-12-20,,23,22,22,15
1995-12-27,,23,22,22,15
1996-01-03,,23,22,22,15
1996-01-10,,22,21.6,22,15
1996-01-17,,22,20.6,22,15
1996-01-24,,22,20.6,22,15
1996-01-31,,22,20.6,22,15
1996-02-07,,22,20.6,22,15
1996-02-14,,22,20.4,22,15
1996-02-21,,22,20,22,17
1996-02-28,,22,16,22,17
1996-03-06,,22,16,22,17
1996-03-13,,22,16,22,17
1996-03-20,,22,16,19,17
1996-03-27,,22,16,19,17
1996-04-03,,22,16,19,17
1996-04-10,,22,16,19,17
1996-04-17,,22,15.97,19,17
1996-04-24,,22,15.97,18.96,16.96
1996-05-01,,22,15.97,18.96,16.96
1996-05-08,,22,15.97,18.96,16.96
1996-05-15,,23,18.46,18.96,16.96
1996-05-22,,23,18.46,18.96,16.96
1996-05-29,,23,18.46,18.96,16.96
1996-06-05,,23,19.01,18.96,16.96
1996-06-12,,23,19.01,18.96,16.96
1996-06-19,,23,19.01,18.96,16.96
1996-06-26,,23,19.01,18.96,16.96
1996-07-03,,23,19.01,18.96,16.96
1996-07-10,,23,18.51,18.96,16.96
1996-07-17,,22,18.51,18.96,16.96
1996-07-24,,22,18.51,18.96,16.96
1996-07-31,,22,18.51,18.96,16.96
1996-08-07,,22,17.46,18.96,16.96
1996-08-14,,22,17.46,18.96,16.96
1996-08-21,,22,17.46,18.96,16.96
1996-08-28,,20.96,17.46,18.96,16.96
1996-09-04,,22,16.56,19.05,16.96
1996-09-11,,21.5,16.01,19.05,16.96
1996-09-18,,19.96,15.47,19.05,16.01
1996-09-25,,19.96,14.29,18.14,14.74
1996-10-02,,19.96,13.61,18.14,13.61
1996-10-09,,21,13.61,18.14,13.61
1996-10-16,,21.32,13.61,19.05,13.61
1996-10-23,,21.32,13.61,19.05,13.61
1996-10-30,,21.32,13.61,19.05,13.61
1996-11-06,,20.18,13.15,18.6,12.7
1996-11-13,,19.28,12.93,18.28,12.7
1996-11-20,,19.28,12.47,18.28,12.7
1996-11-27,,19.01,12.47,17.24,12.7
1996-12-04,,18.51,12.02,15.88,10.21
1996-12-11,,18.51,12.02,15.88,10.21
1996-12-18,,18.51,12.02,15.88,10.21
1996-12-25,,18.51,12.02,15.88,10.21
1997-01-01,,18.51,12.02,15.88,10.21
1997-01-08,,18.51,12.02,15.88,10.21
1997-01-15,,18.01,11.11,15.88,10.21
1997-01-22,,16.78,11.02,15.42,9.98
1997-01-29,,16.56,11.02,15.42,9.98
1997-02-05,,16.56,11.02,15.42,9.98
1997-02-12,,16.01,,,
1997-02-19,,16.01,,,
1997-02-26,,15.88,,,
1997-03-05,,15.51,,,
1997-03-12,,14.51,,,
1997-03-19,,14.51,,,
1997-03-26,,14.51,,,
1997-04-02,,14.51,,,
1997-04-09,,14.51,,,
1997-04-16,,14.51,,,
1997-04-23,,14.51,,,
1997-04-30,,14.51,,,
1997-05-07,,15.01,,,
1997-05-14,,15.24,,,
1997-05-21,,15.24,,,
1997-05-28,,15.24,,,
1997-06-04,,14.34,,,
1997-06-11,,13.47,,,
1997-06-18,,13.47,,,
1997-06-25,,13.47,,,
1997-07-02,,13.15,,,
1997-07-09,,13.15,,,
1997-07-16,,13.15,,,
1997-07-23,,13.38,,,
1997-07-30,,13.38,,,
1997-08-06,,13.38,,,
1997-08-13,,13.38,,,
1997-08-20,,14.02,11.57,,
1997-08-27,,15.24,13.61,,
1997-09-03,,15.24,13.61,,
1997-09-10,,15.24,13.61,,
1997-09-17,,14.97,13.61,,
1997-09-24,,14.97,13.61,,
1997-10-01,,13.61,12.7,,
1997-10-08,,13.61,12.7,,
1997-10-15,,14.02,12.7,,
1997-10-22,,14.24,12.7,,
1997-10-29,,14.24,12.7,,
1997-11-05,,14.02,12.7,,
1997-11-12,,14.02,12.7,,
1997-11-19,,13.83,12.7,,
1997-11-26,,13.61,12.25,,
1997-12-03,,13.61,12.25,,
1997-12-10,,13.61,12.25,,
1997-12-17,,12.93,12.47,,
1997-12-24,,12.93,12.47,,
1997-12-31,,12.93,12.47,,
1998-01-07,,13.61,13.02,,
1998-01-14,,13.74,13.52,,
1998-01-21,,14.02,14.06,,
1998-01-28,,14.02,14.06,,
1998-02-04,,14.02,15.01,,
1998-02-11,,14.51,15.01,,
1998-02-18,,14.51,15.01,,
1998-02-25,,15.01,15.01,,
1998-03-04,,15.01,15.01,,
1998-03-11,,15.01,15.01,,
1998-03-18,,15.01,15.01,,
1998-03-25,,15.01,15.01,,
1998-04-01,,15.01,15.01,,
1998-04-08,,15.01,15.01,,
1998-04-15,,15.01,15.01,,
1998-04-22,,15.01,15.01,,
1998-04-29,,15.01,15.01,14.06,
1998-05-06,,15.01,15.01,14.06,
1998-05-13,,15.01,15.01,14.06,
1998-05-20,,15.47,15.01,14.97,
1998-05-27,,18.14,17.46,17.46,
1998-06-03,,18.14,16.56,16.78,
1998-06-10,,19.01,16.56,17.46,15.42
1998-06-17,,19.01,16.56,17.46,15.42
1998-06-24,,18.01,16.56,16.56,15.42
1998-07-01,,18.01,16.56,16.56,15.42
1998-07-08,,18.01,16.56,16.56,15.42
1998-07-15,,17.55,16.56,16.56,15.42
1998-07-22,,17.01,16.01,16.01,15.42
1998-07-29,,17.46,16.01,16.01,15.42
1998-08-05,,17.46,16.01,16.01,15.42
1998-08-12,,17.01,16.1,15.42,15.42
1998-08-19,,17.01,16.1,15.42,15.42
1998-08-26,,17.01,15.65,15.01,14.97
1998-09-02,,16.56,15.79,15.01,14.97
1998-09-09,,16.56,15.79,15.01,14.97
1998-09-16,,16.33,15.56,14.06,14.51
1998-09-23,,16.51,15.56,14.06,14.51
1998-09-30,,16.51,15.56,14.06,14.51
1998-10-07,,16.01,15.51,14.06,14.51
1998-10-14,,16.51,15.51,14.51,14.51
1998-10-21,,17.01,17.01,14.51,14.51
1998-10-28,,17.01,17.01,15.01,14.51
1998-11-04,,17.24,18.01,15.01,14.51
1998-11-11,,17.24,18.01,15.01,14.51
1998-11-18,,17.24,18.01,15.01,14.51
1998-11-25,,18.01,20,16.33,14.51
1998-12-02,,18.01,20,16.33,14.51
1998-12-09,,17.51,22.23,16.33,14.51
1998-12-16,,17.51,22.23,16.33,14.51
1998-12-23,,17.01,22.23,16.33,16.56
1998-12-30,,17.01,22.23,16.33,16.56
1999-01-06,25.04,17.01,22.23,16.33,16.56
1999-01-13,25.04,17.01,22.23,16.33,16.56
1999-01-20,23.61,17.25,22.12,16.33,16.26
1999-01-27,23.14,17.1,22.35,16.37,16.61
1999-02-03,21.94,16.9,23.35,16.17,16.61
1999-02-10,21.94,17.19,23.35,16.41,16.61
1999-02-17,21.94,17.19,23.35,16.41,16.61
1999-02-24,21.48,17.11,23.35,16.31,16.52
1999-03-03,21.85,16.89,23.06,15.96,17.03
1999-03-10,21.1,16.27,22.31,15.83,17.03
1999-03-17,21.1,16.21,21.55,15.63,17.03
1999-03-24,21.1,16.21,21.3,15.63,16.53
1999-03-31,18.58,15.97,19.79,15.06,16.06
1999-04-07,18.58,15.97,19.79,15.06,16.06
1999-04-14,18.58,16.88,19.79,15.5,16.06
1999-04-21,18.99,17.88,18.91,16.02,15.94
1999-04-28,18.99,17.88,18.91,16.02,15.94
1999-05-05,19,17.88,19.14,16.27,15.94
1999-05-12,20.42,19.5,19.26,17.03,16.65
1999-05-19,20.72,19.75,19.65,17.46,16.54
1999-05-26,20.59,19.61,19.51,17.46,16.54
1999-06-02,20.59,19.68,19.64,17.5,16.75
1999-06-09,20.97,20.25,20.5,17.64,16.92
1999-06-16,20.97,20.46,20.5,17.93,16.92
1999-06-23,20.91,20.75,20.64,18.07,17.09
1999-06-30,20.91,20.75,20.64,18.07,17.09
1999-07-07,20.09,19.76,20.44,17.65,16.67
1999-07-14,20.14,19.9,20.12,17.89,16.86
1999-07-21,19.73,19.48,20.01,17.67,16.86
1999-07-28,19.73,19.48,20.01,17.62,16.86
1999-08-04,19.79,19.54,20.12,17.62,17.14
1999-08-11,19.79,19.54,20.12,17.68,17.55
1999-08-18,19.92,20.45,19.72,18.3,17.48
1999-08-25,19.86,20.44,19.94,18.3,17.29
1999-09-01,20.41,21.36,19.71,18.26,17.85
1999-09-08,20.34,22.15,20.28,18.19,17.66
1999-09-15,19.65,21.07,20.75,18,17.09
1999-09-22,19.48,21.21,20.75,18.07,17.37
1999-09-29,19.59,21.21,20.75,18.07,17.37
1999-10-06,19.72,21.21,20.85,18.07,17.37
1999-10-13,19.77,21.5,21.29,18.14,17.31
1999-10-20,19.77,21.36,21.51,18.15,17.31
1999-10-27,19.76,21.56,21.86,18.29,17.59
1999-11-03,19.66,22.01,22.23,18.44,17.67
1999-11-10,19.51,22.06,22.54,18.59,17.59
1999-11-17,18.94,21.64,22.56,18.44,17.59
1999-11-24,18.36,21.32,22.23,18.64,17.85
1999-12-01,18.36,21.35,22.23,18.64,17.85
1999-12-08,17.78,20.93,21.79,18.64,17.85
1999-12-15,17.5,20.57,22,18.35,17.71
1999-12-22,17.36,20.5,21.86,18.29,17.71
1999-12-29,17,20.36,21.71,18.14,17.71
2000-01-05,17.14,20.5,21.71,18.14,17.71
2000-01-12,17.07,20.5,21.71,18.14,17.71
2000-01-19,16.95,20.55,21.07,18.01,17.5
2000-01-26,16.94,20.52,21.07,18,17.5
2000-02-02,16.94,20.49,21.07,17.93,17.5
2000-02-09,16.94,20.28,20.86,17.64,17.5
2000-02-16,16.94,20.21,20.57,17.64,17.5
2000-02-23,16.9,19.64,19.86,17.49,16.92
2000-03-01,16.9,19.57,20,17.35,16.92
2000-03-08,16.97,19.5,20.22,17.29,16.92
2000-03-15,16.85,19.5,19.72,16.64,16.92
2000-03-22,16.84,19.63,19.63,16.75,16.92
2000-03-29,16.91,19.63,19.5,16.75,16.85
2000-04-05,16.91,19.63,19.5,16.75,16.85
2000-04-12,16.83,19.84,18.93,16.69,16
2000-04-19,16.83,20.03,19.12,16.75,15.93
2000-04-26,16.83,20.09,19.25,16.75,15.92
2000-05-03,16.64,19.96,19.38,16.75,15.92
2000-05-10,16.65,19.92,19.4,16.76,15.92
2000-05-17,16.2,19.78,19.4,16.69,15.92
2000-05-24,16.23,19.58,19.4,16.69,15.92
2000-05-31,16.2,19.39,19.45,16.73,15.57
2000-06-07,16.08,19.01,19.31,16.73,15.08
2000-06-14,16.08,18.7,19.18,16.44,15.08
2000-06-21,15.96,17.15,19.12,16.44,15
2000-06-28,16.09,18.14,18.87,16.26,14.5
2000-07-05,16.21,18.06,18.75,16.15,14.42
2000-07-12,16.21,18.05,18.75,16.15,14.42
2000-07-19,16.15,17.69,17.45,16.08,14.42
2000-07-26,16.22,17.14,16.14,15.66,14.42
2000-08-02,16.16,16.86,15.76,15.54,14.42
2000-08-09,15.94,16.49,15.82,15.48,14.33
2000-08-16,15.91,16.17,15.45,15.14,14.33
2000-08-23,15.69,15.76,14.95,14.93,13.6
2000-08-30,15.17,15.36,14.86,14.21,13.25
2000-09-06,15.28,15.3,14.73,14.2,13.25
2000-09-13,15.28,15.73,15.01,14.42,13.25
2000-09-20,15.29,15.9,15.14,14.48,13.25
2000-09-27,15.2,16.07,15.83,14.64,13.33
2000-10-04,15.46,16.19,15.9,14.7,13.33
2000-10-11,15.4,16.13,15.9,14.64,13.33
2000-10-18,15.45,16.09,16.24,14.7,13.25
2000-10-25,14.99,15.86,15.99,14.39,13.25
2000-11-01,14.89,15.75,16.14,14.64,13.25
2000-11-08,14.89,15.63,15.76,14.58,13
2000-11-15,14.83,15.59,15.65,14.58,12.92
2000-11-22,15.14,15.93,15.65,14.58,12.83
2000-11-29,16.03,15.84,15.59,14.46,12.92
2000-12-06,16.03,15.83,15.46,14.46,12.92
2000-12-13,15.97,15.83,15.27,14.4,12.92
2000-12-20,15.72,15.73,15.47,14.43,12.92
2000-12-27,,,,,
2001-01-03,15.69,15.73,15.47,14.37,12.92
2001-01-10,15.65,15.58,15.47,14.37,12.92
2001-01-17,15.64,15.63,15.27,14.47,12.92
2001-01-24,15.61,15.21,14.84,14.13,12.58
2001-01-31,15.45,15.21,14.78,14.13,12.58
2001-02-07,15.2,15.09,14.72,14.09,12.58
2001-02-14,15.09,14.69,13.88,13.8,12.58
2001-02-21,15.03,14.63,13.75,13.69,12.58
2001-02-28,14.97,14.89,13.63,13.64,12.58
2001-03-07,15.02,14.71,13.63,13.64,12.5
2001-03-14,15.09,14.71,13.25,13.64,12.5
2001-03-21,15.46,14.64,13.38,13.65,12.5
2001-03-28,15.61,14.45,13.19,13.55,12.33
2001-04-04,15.79,14.14,13.19,13.52,12.33
2001-04-11,15.7,14.4,13.19,13.51,12.33
2001-04-18,15.7,14.39,13.19,13.51,12.33
2001-04-25,15.76,14.31,13.19,13.51,12.25
2001-05-02,16.04,14.31,13,13.38,12.25
2001-05-09,16.01,14.13,13,13.32,12.33
2001-05-16,15.84,14.23,12.79,13.32,12.33
2001-05-23,15.72,14.36,12.86,13.26,12.17
2001-05-30,15.47,14.46,12.93,13.26,12.17
2001-06-06,15.47,14.46,13.09,13.26,12.17
2001-06-13,15.47,14.76,13.09,13.26,12.17
2001-06-20,15.16,14.7,12.86,13.26,11.75
2001-06-27,15.03,14.58,12.76,13.07,12.08
2001-07-04,15.03,14.58,12.67,13.07,12.25
2001-07-11,13.6,14.47,12.34,12.83,12.92
2001-07-18,13.72,14.47,12.34,12.88,13.5
2001-07-25,13.72,13.83,12.17,12.88,13.5
2001-08-01,13.5,13.99,12.29,12.94,13.9
2001-08-08,13.41,14.02,12.29,13.01,13.9
2001-08-15,13.42,14.33,12.45,13.41,13.9
2001-08-22,13.31,15.34,12.65,13.89,13.7
2001-08-29,13.83,17.21,13.1,14.14,14
2001-09-05,13.68,18.35,13.28,14.68,14.5
2001-09-12,13.73,18.1,13.32,14.66,14.5
2001-09-19,13.95,17.69,13.04,14.52,14.5
2001-09-26,14.1,17.46,12.82,14.53,14.5
2001-10-03,14.25,17.35,12.87,14.39,14.5
2001-10-10,14.66,17.59,13.09,14.37,14.5
2001-10-17,14.8,17.52,13.09,14.45,14.5
2001-10-24,14.8,17.66,13.09,14.45,14.5
2001-10-31,14.59,17.8,13.03,14.66,14.88
2001-11-07,14.45,17.62,12.94,14.66,14.88
2001-11-14,14.3,17.48,12.87,14.66,14.88
2001-11-21,14.23,17.28,12.89,15.03,14.88
2001-11-28,14.44,17.1,12.78,15.1,16.25
2001-12-05,14.16,16.81,12.78,15.09,16.25
2001-12-12,13.94,16.67,12.78,14.94,16.25
2001-12-19,13.94,16.8,12.8,15.01,16.5
2001-12-26,13.94,16.59,12.66,14.87,17.5
2002-01-02,13.98,16.63,12.64,14.8,17.75
2002-01-09,14.01,16.66,12.62,14.73,18
2002-01-16,13.87,16.51,12.59,14.73,18.38
2002-01-23,13.71,16.73,12.59,14.94,20.13
2002-01-30,13.71,16.59,12.5,15.01,20.13
2002-02-06,13.79,16.59,12.58,15.16,20.13
2002-02-13,14.05,16.07,12.13,15.09,20.13
2002-02-20,14.12,16,11.88,14.94,20.13
2002-02-27,14.14,16.07,11.88,15.01,20.13
2002-03-06,14.31,16.07,11.88,15.01,20.13
2002-03-13,14.31,16.07,11.88,15.09,20.13
2002-03-20,14.55,16.3,11.88,15.09,21.38
2002-03-27,14.59,16.3,11.5,15.01,21.38
2002-04-03,14.48,16.3,11.5,15.01,21.38
2002-04-10,14.44,16.28,11.5,15.01,21.38
2002-04-17,14.44,16.24,11.38,15.16,20.88
2002-04-24,14.66,16.24,11.5,15.16,20.88
2002-05-01,14.76,16.24,11.75,15.16,20.88
2002-05-08,14.73,16.3,11.83,15.23,20.63
2002-05-15,14.8,16.44,12.24,15.37,20.63
2002-05-22,14.8,16.51,12.21,15.37,20.63
2002-05-29,14.8,16.73,12.22,15.66,20.63
2002-06-05,14.5,16.73,12.32,15.66,20.63
2002-06-12,14.21,16.37,12.1,15.73,20.63
2002-06-19,13.79,16.23,12,15.39,20.63
2002-06-26,13.87,16.17,12,15.17,20.63
2002-07-03,13.8,16.17,12,15.1,20.63
2002-07-10,13.94,16.34,11.63,15.34,20.13
2002-07-17,13.94,16.55,11.8,15.34,20.13
2002-07-24,13.87,16.55,11.74,15.37,20.13
2002-07-31,13.87,16.98,12.02,15.66,20.13
2002-08-07,13.96,17.55,12.02,15.96,19.88
2002-08-14,14.59,19.51,13.92,17.01,21.5
2002-08-21,14.94,20.3,14.42,17.8,22.25
2002-08-28,15.52,21.23,15.22,18.8,22.25
2002-09-04,15.84,21.73,16.02,19.16,22.25
2002-09-11,17.14,25.8,18.62,21.23,23
2002-09-18,17.45,29.48,19.97,22.84,23.25
2002-09-25,17.51,30.29,20.22,23.23,23.25
2002-10-02,17.79,30.51,20.82,23.66,25.5
2002-10-09,17.86,30.37,20.82,24.3,25.5
2002-10-16,17.86,30.23,21.12,25.01,26.25
2002-10-23,17.89,30.8,21.22,25.16,29.25
2002-10-30,17.91,32.16,22.22,27.59,29.75
2002-11-06,17.91,32.37,22.42,27.87,31
2002-11-13,18.05,33.09,23.6,29.16,31.88
2002-11-20,18.12,33.51,22.62,30.01,32.13
2002-11-27,18.23,33.51,23.02,30.3,34.25
2002-12-04,18.09,33.51,22.42,30.16,34.25
2002-12-11,17.51,32.94,21.8,29.3,34.25
2002-12-18,17.34,32.8,21.4,29.3,35.38
2002-12-25,17.34,32.8,21.4,29.3,35.38
2002-12-31,,,,,
2003-01-01,,,,,
2003-01-08,17.19,32.66,21.52,29.44,37.38
2003-01-15,17.19,32.66,21.52,29.16,38.38
2003-01-22,16.62,32.93,21.52,29.16,38.38
2003-01-29,16.69,32.27,21.52,28.87,38.38
2003-02-05,16.87,32.27,21.52,28.87,38.38
2003-02-12,17.01,32.77,21.52,28.87,37.88
2003-02-19,17.09,33,21.82,28.87,37.88
2003-02-26,17.09,33.65,21.82,29.51,37.88
2003-03-05,16.98,33.23,21.62,30.09,37.88
2003-03-12,16.82,32.37,20.8,29.5,37.88
2003-03-19,16.63,31.51,20.62,29.16,37.88
2003-03-26,16.63,31.3,20.5,29.3,37.88
2003-04-02,16.82,31.16,20.3,29.3,37.88
2003-04-09,16.89,31.09,20.1,29.16,37.88
2003-04-16,16.93,31.8,20.1,29.16,37.88
2003-04-23,16.97,31.8,19.9,29.16,35.3
2003-04-30,17.03,31.8,19.9,29.16,32.1
2003-05-07,17.09,31.23,19.71,28.79,32.67
2003-05-14,16.63,29.66,19.29,27.64,28.5
2003-05-21,16.81,29.29,19.21,27.07,28.5
2003-05-28,16.61,28.7,19.21,26.43,28.5
2003-06-04,16.34,27,19.07,26.29,27.5
2003-06-11,15.83,27.25,19,24.75,26.5
2003-06-18,15.4,25.5,19,23.8,22.5
2003-06-25,15.42,24.25,18.67,22.5,19.5
2003-07-02,15.42,24.25,18.67,22.5,19.5
2003-07-09,15.49,19.25,17.17,18.5,19
2003-07-16,15.12,19.7,16.65,18.5,19.67
2003-07-23,15.82,19.83,16.65,18.79,20.5
2003-07-30,15.72,20.07,16.4,18.79,20.6
2003-08-06,15.82,19.93,16.4,18.79,20.6
2003-08-13,16.82,21.2,16.39,18.76,20.5
2003-08-20,16.9,20.76,16.64,18.64,21.35
2003-08-27,16.47,20.39,16.42,18.42,21.45
2003-09-03,16.37,20.36,16.26,18.45,20.65
2003-09-10,16.28,20.48,16.14,18.58,20.65
2003-09-17,16.37,20.17,16.44,18.87,21.06
2003-09-24,16.03,19.45,16.08,18.54,21.06
2003-10-01,16.15,19.39,16.01,18.36,20.56
2003-10-08,16.32,19.44,16.01,18.34,20.92
2003-10-15,16.32,19.16,16.05,18.34,19.33
2003-10-22,16.12,19.09,16.23,18.59,19.13
2003-10-29,15.82,18.73,16.09,18.16,19
2003-11-05,15.72,18.66,16.01,18.09,19
2003-11-12,15.72,18.68,16.18,18.1,19
2003-11-19,15.42,18.43,15.92,17.85,19.67
2003-11-26,15.22,18.43,15.75,17.77,19.33
2003-12-03,15.32,18.6,15.68,17.77,19.33
2003-12-10,15.42,18.27,15.77,17.85,19.33
2003-12-17,15.47,18.52,15.85,17.85,19.33
2003-12-24,15.72,18.78,15.95,17.78,19.33
2003-12-31,15.72,18.82,15.99,17.82,19.42
2004-01-01,15.72,18.82,15.99,17.82,19.42
2004-01-07,15.72,18.85,16.02,17.85,19.5
2004-01-14,15.92,18.85,16.02,17.85,19.5
2004-01-21,15.97,19.1,16.1,17.93,19.5
2004-01-28,16.3,19.35,16.27,18.02,19.5
2004-02-04,17.92,19.39,16.52,18.6,19.33
2004-02-11,17.92,19.43,16.52,18.77,19.33
2004-02-18,18.22,19.89,16.52,19.02,19
2004-02-25,18.22,20.06,16.68,19.23,19
2004-03-03,18.37,20.64,16.93,19.89,19
2004-03-10,18.47,21.52,16.93,19.93,19.33
2004-03-17,18.42,22.35,17.1,20.68,19.33
2004-03-24,18.92,24.18,18.35,22.6,19.33
2004-03-31,19.03,24.68,19.52,23.02,19
2004-04-07,19.03,25.02,20.27,23.35,19
2004-04-14,18.53,25.02,20.43,23.35,19
2004-04-21,18.53,24.68,21.27,23.35,19
2004-04-28,19.37,24.58,22.02,24.17,19
2004-05-05,19.03,24.02,21.52,23.27,19
2004-05-12,18.78,23.85,22.22,22.93,19
2004-05-19,18.78,23,22.4,22.67,19
2004-05-26,18.78,22.1,22.22,21.77,19
2004-06-02,18.53,21.43,21.85,21.43,19
2004-06-09,18.4,21.52,21.43,20.93,19
2004-06-16,17.4,20.43,19.77,19.27,18.67
2004-06-23,17.4,19.83,19.08,19,19
2004-06-30,16.65,20.43,18.85,18.93,18.33
2004-07-07,16.28,20.43,18.93,18.77,18.33
2004-07-14,15.78,20.17,18.5,18.17,17.67
2004-07-21,15.65,18,17.08,16.33,17.33
2004-07-28,15.53,17.75,16.83,16.17,15.5
2004-08-04,15.53,17.75,14.5,16.08,15.5
2004-08-11,15.53,15.92,15.17,14.92,15.5
2004-08-18,15.62,15.58,15.33,14.75,14.5
2004-08-25,16.42,17.68,17.18,16.27,14.5
2004-09-01,17.42,21.68,19.35,19.85,16
2004-09-08,18.22,22.6,20.1,20.33,17
2004-09-15,18.4,22.82,22.02,20.82,22
2004-09-22,18.4,22.02,22.32,19.82,22
2004-09-29,18.53,21.52,22.52,19.42,22
2004-10-06,18.4,21.22,22.92,19.02,22
2004-10-13,18.4,21.22,23.17,18.7,22
2004-10-20,18.4,21.5,23.12,18.7,22
2004-10-27,18.15,21.72,23.12,18.6,22
2004-11-03,18.4,21.6,23.12,18.8,22
2004-11-10,18.65,21.6,23.12,18.6,21
2004-11-17,18.4,21.22,23.32,18.6,21
2004-11-24,18.34,20.02,23.22,18.22,21.83
2004-12-01,18.84,19.9,23.22,18.1,21.83
2004-12-08,18.67,19.2,23.42,17.8,21.83
2004-12-15,18.62,19.2,23.42,17.8,21.83
2004-12-22,18.64,19.2,23.42,17.8,21.83
2004-12-29,18.64,19.2,23.42,17.8,22.17
2005-01-01,18.64,19.2,23.42,17.8,22.17
2005-01-05,18.64,19.2,23.42,17.8,22.17
2005-01-12,18.92,19.52,23.82,17.8,22.17
2005-01-19,18.92,18.97,24.02,17.4,21.83
2005-01-26,18.62,18.25,24.62,16.6,21.83
2005-02-02,18.62,18.1,24.1,16.6,22.17
2005-02-09,18.62,17.9,23.7,16.4,22.17
2005-02-16,18.42,17.52,23.2,15.9,22.17
2005-02-23,18.32,16.92,22.5,15.52,22.17
2005-03-02,18.32,16.72,22.5,15.52,22.17
2005-03-09,17.6,16.32,22.75,15.62,22.17
2005-03-16,17.4,16.32,22.75,15.62,21.5
2005-03-23,17.2,16.1,22.75,15.4,20.83
2005-03-30,16.8,16,22.75,15.4,20.83
2005-04-06,16.2,16,22.25,15.2,20.83
2005-04-13,17.12,16.12,22.25,14.8,20.83
2005-04-20,17.32,16.44,22.25,14.8,20.83
2005-04-27,17.62,16.52,22.9,14.8,20.83
2005-05-04,17.62,16.44,22.9,14.8,20.83
2005-05-11,17.62,16.44,22.9,15,20.83
2005-05-18,17.9,16.44,22.9,15.24,20.83
2005-05-25,17.9,16.52,22.9,15.24,20.83
2005-06-01,17.9,16.42,23.3,15.04,20.83
2005-06-08,17.8,16.32,23.3,14.84,20.83
2005-06-15,17.6,16.2,23.2,14.62,20.83
2005-06-22,16.88,16.1,22.65,14.22,20.83
2005-06-29,16.88,15.9,22.65,14.22,20.83
2005-07-06,16.63,16.13,22.65,14.03,20.83
2005-07-13,16.7,16.13,23.3,13.88,20.83
2005-07-20,15.67,16.5,23.73,13.83,21.25
2005-07-27,15.59,16.33,20.67,13.84,21.25
2005-08-03,15.03,15.53,18.03,13.67,21.25
2005-08-10,14.42,14.72,14.52,13.2,12.8
2005-08-17,14.32,14.62,14.27,12.9,12.8
2005-08-24,14.35,14.52,14.12,13.22,13.25
2005-08-31,13.84,14.12,13.65,13.4,13.25
2005-09-07,13.87,14.25,13.8,12.9,12.8
2005-09-14,13.72,13.75,13.42,12.3,11.75
2005-09-21,13.53,13.5,13.13,11.88,11.5
2005-09-28,13.22,12.3,12.9,11.3,10.38
2005-10-05,13.37,12.17,12.58,11.2,8.9
2005-10-12,13.32,11.75,12.77,10.25,7.8
2005-10-19,13.32,12.42,12.77,10.17,7.8
2005-10-26,13.43,12.58,12.43,10.67,8.8
2005-11-02,13.48,11.77,11.77,10.5,8.8
2005-11-09,13.52,11.77,11.43,10.33,8.8
2005-11-16,13.62,12,11.92,10.3,8.8
2005-11-23,13.6,12.4,12.9,10.4,8.8
2005-11-30,12.97,11.9,12.68,10.2,8.8
2005-12-07,12.77,11.35,12.25,10.13,8.3
2005-12-14,12.62,11.35,12.13,10.13,8.8
2005-12-21,12.05,11.35,12.06,10.13,8.8
2005-12-28,12.05,11.35,12.06,10.13,8.8
2006-01-04,12.05,11.1,12.06,9.7,8.3
2006-01-11,12.25,11.15,11.81,9.4,8.3
2006-01-18,12.25,11.15,11.81,9.4,8.3
2006-01-25,12.4,10.6,12,9,8.3
2006-02-01,12.4,10.6,12,9,7.8
2006-02-08,11.75,10.55,12,9,7.8
2006-02-15,11.3,10.55,10.45,8.75,7.8
2006-02-22,11.2,10.05,9.88,8.75,7.8
2006-03-01,11.4,9.8,9.63,8.5,7.8
2006-03-08,11.2,9.8,9.63,8.5,7.8
2006-03-15,11.2,10.1,9.63,7.8,7.8
2006-03-22,12.25,10.1,9.63,7.8,7.8
2006-03-29,13.15,9.9,9.9,8.4,7.8
2006-04-05,13.75,10.1,10.3,8.4,7.8
2006-04-12,13.85,10.1,10.4,8.4,7.8
2006-04-19,13.55,10.1,10.4,8.4,7.8
2006-04-26,13.55,10.05,10.4,8.8,7.8
2006-05-03,13.25,10.15,10.4,9.15,7.8
2006-05-10,13.1,10.15,10.45,9.15,7.8
2006-05-17,13.1,10.15,10.45,8.8,7.8
2006-05-24,13.2,10.25,10.65,8.8,7.87
2006-05-31,13.35,10.67,10.5,8.8,8.67
2006-06-07,13.19,10.35,10.5,8.8,8.67
2006-06-14,12.31,10.45,10.95,9.05,8.5
2006-06-21,11.08,10.55,11.19,9.1,8.5
2006-06-28,11.92,10.5,11.31,9.1,8.83
2006-07-05,11.92,10.5,11.31,9.1,8.83
2006-07-12,11.92,10.5,11.31,9.1,8.83
2006-07-19,11.92,10.5,11.31,9.1,8.83
2006-07-26,11.92,10.55,11.81,9.1,8.83
2006-08-02,11.17,11.15,12.25,9.1,9.17
2006-08-09,11.42,12.25,12.95,9.1,9.17
2006-08-16,11.25,13.42,14.08,9.1,9.17
2006-08-23,11.06,13.42,13.94,9.45,9.17
2006-08-30,11.83,13.31,13.69,9.75,9.83
2006-09-06,11.83,13.35,13.65,10.35,10.83
2006-09-13,11.94,13.55,13.75,10.7,11.17
2006-09-20,12.44,13.4,13.75,10.7,11.17
2006-09-27,12.44,13.65,13.75,10.7,11.17
2006-10-04,13.56,13.65,13.35,11.65,10.83
2006-10-11,13.81,13.65,13.35,11.75,11.17
2006-10-18,13.94,13.65,13.65,11.85,11.17
2006-10-25,14.06,14.05,13.75,11.75,11.17
2006-11-01,14.06,14.05,13.75,11.75,11.17
2006-11-08,14.56,14.55,14.05,13,11.17
2006-11-15,14.56,14.55,14.05,13,11.17
2006-11-22,14.56,14.55,13.9,13,11.17
2006-11-29,14.56,14.2,13.85,13,10.88
2006-12-06,13.75,14.2,13.85,13,10.88
2006-12-13,13.75,14.2,13.85,13,10.88
2006-12-20,13.88,14.1,13.75,13,11.67
2006-12-27,13.88,14.1,13.75,13,11.67
2007-01-03,13.69,14.1,13.6,13,11.67
2007-01-10,14.63,14.4,13.55,12.9,12.8
2007-01-17,14.63,14.4,13.55,12.9,12.8
2007-01-24,14.5,14.2,13.5,12.6,12.5
2007-01-31,14.5,14.6,13.8,12.4,12.5
2007-02-07,14.5,14.6,13.7,12.4,12.5
2007-02-14,14.5,15.1,13.9,12.4,12.5
2007-02-21,15,15.1,13.8,12.4,12.5
2007-02-28,15,14.9,13.8,12.4,12.75
2007-03-07,15.5,15.1,14,12.2,12.5
2007-03-14,15.63,15.1,14,12.2,12.5
2007-03-21,16.75,15.2,14.2,12.9,12.5
2007-03-28,17.5,15.4,14.4,13.1,12.5
2007-04-04,17.94,15.55,14.25,13.05,13.25
2007-04-11,18.19,15.55,14.45,13.35,13.25
2007-04-18,18.06,16.15,14.45,13.69,13.25
2007-04-25,18.06,16.35,14.75,14.19,13.25
2007-05-02,18.19,16.56,15.31,14.44,13.27
2007-05-09,18.56,16.56,15.31,14.69,13.27
2007-05-16,18.38,16.56,15.31,15.06,13.27
2007-05-23,18.5,16.56,15.31,15.06,13.27
2007-05-30,18.67,16.83,15.17,15.08,13.27
2007-06-06,18.5,16.75,15.17,15.25,13.27
2007-06-13,18.13,16.5,15.17,14.83,13.27
2007-06-20,18.5,16.5,15.25,14.83,13.27
2007-06-27,18.5,16.5,15.25,14.83,13.27
2007-07-04,18.5,16.5,15.25,14.83,13.25
2007-07-11,19.06,16.5,15.5,14.83,13.25
2007-07-18,19.31,16.75,15.75,15,13.25
2007-07-25,19.31,16.5,15.42,15,13.25
2007-08-01,19.19,16.83,15.42,15.08,13.25
2007-08-08,19.06,16.83,15.67,15.08,13.25
2007-08-15,20.75,18.33,17.33,16.33,15.2
2007-08-22,21.29,19.94,17.56,17.06,14.67
2007-08-29,22.38,20.25,18.25,18.35,15.33
2007-09-05,22.33,20.35,18.35,18.65,15.33
2007-09-12,22.25,20.95,18.65,19.05,15.33
2007-09-19,22.42,22.05,19.85,19.45,15.33
2007-09-26,21.71,22.45,19.65,19.45,15.5
2007-10-03,22,22.75,19.85,20.05,15.5
2007-10-10,22.17,22.75,20.05,20.25,15.5
2007-10-17,22.33,22.85,20.15,20.25,15.83
2007-10-24,22.25,23.25,20.15,20.85,15.83
2007-10-31,22.55,23.65,20.25,21.25,16.17
2007-11-07,22.55,23.85,20.35,21.25,17.33
2007-11-14,22.4,24.05,20.65,22.15,18.67
2007-11-21,22.4,24.15,20.4,22.15,18.67
2007-11-28,22.7,24.15,20.4,22.35,18.67
2007-12-05,22.8,24.16,20.4,22.45,18.67
2007-12-12,22.8,24.45,20.4,22.45,18.67
2007-12-19,22.8,24.65,20.55,22.45,18.67
2007-12-26,23,25.3,20.7,24.3,19.25
2008-01-02,23,25.3,20.7,24.3,19.25
2008-01-09,23.5,25.3,20.7,24.3,19.25
2008-01-16,26.1,26.7,21.1,24.7,19.75
2008-01-23,26.05,26.45,21.05,25.05,19.75
2008-01-30,27.25,26.65,21.05,25.25,20.5
2008-02-06,24.45,27.45,21.4,25.45,14.5
2008-02-13,32.3,29.95,22.45,28.5,22.17
2008-02-20,33.65,30.65,23.65,27.4,22.17
2008-02-27,34.25,35.17,25.25,29.5,22.5
2008-03-05,35.21,34.25,26.75,32.1,24.83
2008-03-12,34.71,33.95,26.63,31.7,24.83
2008-03-19,34.54,33.65,26.5,31.4,24.83
2008-03-26,32.65,33.45,26.1,30.6,24.7
2008-04-02,32.45,33.3,25.7,30.3,24.7
2008-04-09,32.25,32.65,25.7,30.15,24.5
2008-04-16,32.25,32.5,25.7,30,24.5
2008-04-23,32.3,33.06,26.13,29.56,24.5
2008-04-30,39.45,34.31,25.63,30.31,24.5
2008-05-07,40.35,36.75,28.44,31.31,24.5
2008-05-14,48.2,39.2,31.25,35.25,24.5
2008-05-21,48.2,39.2,31.25,35.25,24.5
2008-05-28,48.2,39.2,31.25,35.25,24.5
2008-06-04,46.7,40.8,33.75,40.25,24.5
2008-06-11,52.25,44.25,36.63,42.25,24.5
2008-06-18,49.9,43.25,33.38,38.38,
2008-06-25,48.3,40.25,33.88,38.25,26.08
2008-07-02,51,40.25,34.25,38.25,26.08
2008-07-09,46.6,40.25,33.75,36.25,26.08
2008-07-16,45.1,38.1,33.75,34.88,26.08
2008-07-23,45.25,36.2,33.75,33.75,26.08
2008-07-30,45.25,34.2,33.75,33.75,24.63
2008-08-06,44.5,34.3,35,33.38,24.63
2008-08-13,44.63,34.3,35,33.38,24.63
2008-08-20,42.5,35.1,35.38,34.38,24.63
2008-08-27,38.25,34.8,33.5,35.13,29.25
2008-09-03,36,36.7,33,35.5,29.25
2008-09-10,33.4,34.6,31.66,36,29.25
2008-09-17,31.8,35.4,32,33.88,29.25
2008-09-24,32.1,35,30.7,35.38,26.25
2008-10-01,33.05,35.2,30.8,34.06,26.57
2008-10-08,33.25,35.1,30.8,33.81,26.57
2008-10-15,33.1,33.2,30.4,31.25,26.57
2008-10-22,33.1,33,28.67,29.25,25.35
2008-10-29,33.1,32.6,28.67,29.25,25.35
2008-11-05,33.1,32.6,28.67,29.25,25.35
2008-11-12,32.13,29,26.6,28.25,23.4
2008-11-19,31.38,27.9,25.8,27.75,23.4
2008-11-26,29.31,27.3,24.15,26.69,24.5
2008-12-03,29.69,28.5,24.95,27.69,23.4
2008-12-10,26.19,24.25,22.75,22.69,23.4
2008-12-17,24.81,22.75,22.75,22.19,23.4
2008-12-24,24.81,21.95,22.75,22.06,23.4
2008-12-31,24.81,23.6,22.75,22.06,23.4
2009-01-07,24.81,21.95,22.75,22.06,23.4
2009-01-14,31.06,25.33,21.5,22.06,23.4
2009-01-21,34.06,27.3,22.7,23.56,23.4
2009-01-28,30.6,26.15,24.6,24.3,22.88
2009-02-04,30.6,26.45,24.45,24.3,22.88
2009-02-11,30.6,26.45,24.45,24.3,22.88
2009-02-18,34.1,29.15,22.75,26.81,21.45
2009-02-25,34.5,29.35,23.25,26.81,21.45
2009-03-04,36.6,27.95,23.25,26.56,21.45
2009-03-11,36.2,27.95,23.25,26.56,21.45
2009-03-18,34.9,29.35,23.95,28.19,21.63
2009-03-25,37.05,31.29,24.46,30.25,21.63
2009-04-01,37.6,31.29,24.83,28.7,21.63
2009-04-08,37.65,31.67,25.33,29.35,21.63
2009-04-15,38.5,32,25.5,29.55,21.63
2009-04-22,38.5,35.25,25.5,29.55,21.63
2009-04-29,37.54,36.58,29.5,35.4,21.63
2009-05-06,37.54,37.08,26.83,30.7,21.63
2009-05-13,37.54,39.75,28.75,32.15,21.75
2009-05-20,38.5,37.58,27.5,32.1,21.63
2009-05-27,37.38,40.25,28.42,39.6,21.1
2009-06-03,36.21,39.17,31.17,36,26.35
2009-06-10,38.96,38.13,30.9,35.7,26.35
2009-06-17,45.21,38.13,34.4,35.7,29.98
2009-06-24,43.95,37.15,32.9,34.5,29.98
2009-07-01,42.3,35.85,32.6,33.7,29.03
2009-07-08,42.3,36.65,32.6,34.1,29.25
2009-07-15,41.5,38.25,33,35.3,29.25
2009-07-22,38.5,37.85,30.2,34.9,24.4
2009-07-29,36.5,37.05,29.7,31.7,23.18
2009-08-05,32.3,35.05,29.3,31.7,22.18
2009-08-12,29.3,32.65,28.5,30.1,23.18
2009-08-19,32.25,34.55,28.1,32,23.18
2009-08-26,29.15,32.65,28.9,30.1,25.13
2009-09-02,26.9,31,27.8,28.13,21.45
2009-09-09,26.3,29.5,26.6,26.63,21.38
2009-09-16,25.15,28.3,25.8,24.75,21.38
2009-09-23,24.95,26.13,23.75,23.25,18.55
2009-09-30,24.7,25.95,23.4,23.5,19.5
2009-10-07,25.1,26.25,23.3,23.5,18.55
2009-10-14,25.15,27.7,23.2,23.35,20.5
2009-10-21,25.75,27.6,23.75,24.25,21.13
2009-10-28,26.9,29.5,23.5,25.7,21.38
2009-11-04,27.3,30.55,24.35,27.15,21.38
2009-11-11,27.6,31.85,25.25,28.25,24
2009-11-18,28.25,32.85,26.15,28.95,24.83
2009-11-25,28.45,33.15,26.35,28.95,25.17
2009-12-02,31.4,32.45,28.58,29.92,25.17
2009-12-09,32.55,36.13,29.7,32.1,26.25
2009-12-16,32.95,34.4,29.6,34,26.08
2009-12-23,34.55,34.8,30.4,34,27.42
2009-12-30,34.5,36.9,30.4,34,27.42
2010-01-06,34.55,36.5,30.1,34,27.42
2010-01-13,35.45,37.6,31.2,34,28.08
2010-01-20,37.7,37.8,31.45,34.55,28.42
2010-01-27,36.5,36.8,30.7,33.3,27.92
2010-02-03,35.7,36,30.5,33.3,27.58
2010-02-10,33.2,34.58,29.1,30.1,29.25
2010-02-17,27.6,32.45,26.4,26.83,24.58
2010-02-24,27.9,31.35,28.35,27.95,26.08
2010-03-03,28.7,32.45,28.15,28.85,26.17
2010-03-10,27.5,32.45,27.1,28.4,24.92
2010-03-17,28.05,32.45,27,28.4,25.25
2010-03-24,28.55,32.45,26.45,28.4,23.25
2010-03-31,29.55,31.75,26.15,28.55,23.25
2010-04-07,29.35,31.75,26.15,28.55,23.25
2010-04-14,27.4,31.75,26.75,29.15,24.25
2010-04-21,27.4,30.4,26.85,28.45,23.25
2010-04-28,26.8,29.2,25,26.83,21.5
2010-05-05,23.5,29.2,25.45,26.7,21.38
2010-05-12,24.1,29.2,23.83,26.7,20.5
2010-05-19,24.2,26.45,22.83,25.45,19.5
2010-05-26,24.6,27.54,22.83,25.71,19.5
2010-06-02,23.4,28.92,22.83,25.45,19
2010-06-09,21.8,28.75,23.4,26.29,19
2010-06-16,22.25,30.1,23.35,28.05,21.83
2010-06-23,23.45,31.3,23.95,29.25,22.83
2010-06-30,24.75,33.3,25.5,32.25,22.25
2010-07-07,24.75,33.3,24.25,32.25,22.25
2010-07-14,24.15,31.65,25.05,29.29,21.5
2010-07-21,22.55,31.2,24.45,29.85,20
2010-07-28,22.55,31.2,24.45,29.85,20
2010-08-04,22.55,31.2,24.45,29.85,20
2010-08-11,22.35,26.1,22.7,23.45,19.75
2010-08-18,23.2,27.85,22.85,23.5,19.5
2010-08-25,23.56,27.85,24.25,25.1,20.75
2010-09-01,24.55,29.45,25.3,27.25,21.75
2010-09-08,25.57,33.38,25.65,30.37,22.25
2010-09-15,26.29,36,28.9,31.17,23.38
2010-09-22,30,39,31.71,35,27.38
2010-09-29,38.71,39.13,31.75,35.04,26.38
2010-10-06,25.88,37,32.04,33.65,24.5
2010-10-13,26.83,36.17,31.9,33.5,24.88
2010-10-20,26.83,38.1,32.25,33.75,25.75
2010-10-27,25.96,38.5,31.83,34.33,29.5
2010-11-03,26.13,39,31.65,34.33,29.5
2010-11-10,24.13,39.67,31.67,34.17,28.83
2010-11-17,24.13,39.67,31.67,34.17,28.83
2010-11-24,23.33,40.33,32.17,34,28.83
2010-12-01,22.67,38.33,32.17,34,28.83
2010-12-08,23.17,38.33,32.83,33.33,29.42
2010-12-15,24.29,38.17,30.45,32.25,28.5
2010-12-22,25.63,38.05,30.45,32.25,29.17
2010-12-29,25.79,37.88,30.45,32.25,29.17
2011-01-05,25.79,37.86,30.45,32.25,29.17
2011-01-12,25.79,37.88,30.83,32.85,29.17
2011-01-19,24.79,40.54,30.88,34.83,28.83
2011-01-26,24.96,40.54,31.38,34.83,29.08
2011-02-02,25.75,40.75,32.75,35.75,29.17
2011-02-09,24.29,39.71,32.33,34,29.08
2011-02-16,24.13,39,32.23,32.71,29.08
2011-02-23,24.13,39,32.33,32.71,29.08
2011-03-02,24.13,39,32.33,33.21,29.08
2011-03-09,21.13,39,30.5,33.71,27.25
2011-03-16,19.9,38.38,29.7,31.5,26.58
2011-03-23,19.9,37.71,30.21,31.5,25.58
2011-03-30,19.9,37.38,30.17,31.5,24.25
2011-04-06,20.5,35.71,30.04,30.3,23.83
2011-04-13,20.5,35.71,29.71,30.3,23.75
2011-04-20,20.71,35.83,29.04,30.3,23.42
2011-04-27,20.5,35.71,30.04,30.3,23.83
2011-05-04,20.38,35.83,27.67,28.7,19.38
2011-05-11,19.92,36,27.45,27.88,19.38
2011-05-18,19.92,36,27.65,28.65,19.38
2011-05-25,19.75,36,28.45,27.88,19.88
2011-06-01,20.5,35.65,28.63,27.88,20.38
2011-06-08,20.71,35.65,27.63,27.88,19.88
2011-06-15,20.71,35.65,27.63,27.88,19.88
2011-06-22,20.71,35.65,27.63,28.63,19.88
2011-06-29,20.88,35.65,27.65,28.63,19.88
2011-07-06,21.04,35.65,29.83,28,20.75
2011-07-13,21.04,35.67,29.67,28.33,20.75
2011-07-20,20.54,35.67,29.17,28.33,20
2011-07-27,20.54,35.67,29.67,27.83,20.38
2011-08-03,20.54,33.17,29.67,27.83,20.38
2011-08-10,20.04,32.67,30.33,29.33,21.38
2011-08-17,20.04,32.67,30.5,29.33,28.56
2011-08-24,20.21,32.17,29.38,28.63,28.88
2011-08-31,18.54,30.83,28.67,28.67,30.83
2011-09-07,17.88,30.57,29.29,29.67,33.89
2011-09-14,18.75,29.71,28.14,28.88,34.04
2011-09-21,18.88,29.71,28.14,28.5,36.64
2011-09-28,19.5,31.29,29.14,29.96,35.64
2011-10-05,20,30.82,29.29,29.96,37.14
2011-10-12,19,29.96,29,29.25,41.9
2011-10-19,19,29.75,29,28.54,41.9
2011-10-26,18.04,29.21,28.82,28.21,42.88
2011-11-02,18.04,29.21,28.96,27.64,43.1
2011-11-09,18.54,29.39,28.39,27.36,43.1
2011-11-16,17.68,28.54,28.25,27.36,41.1
2011-11-23,17.32,28.11,28.11,26.93,40.3
2011-11-30,16.93,27.39,27.71,26.3,39.5
2011-12-07,16.79,27.39,27.54,26.3,39.5
2011-12-14,15.79,27.68,26.68,24.7,39.1
2011-12-21,15.94,27.54,27.39,24.7,39.5
2011-12-28,15.94,27.65,27.39,24.7,39.5
2012-01-04,15.94,27.65,27.39,24.7,39.5
2012-01-11,15.94,27.54,27.39,24.7,39.5
2012-01-18,16.19,28.11,27.96,24.7,39.5
2012-01-25,16.95,27.21,28.82,24.7,39.3
2012-02-01,17.11,26.5,28.25,24.5,43.2
2012-02-08,15.65,25.36,28.04,23,41.67
2012-02-15,16.43,26.18,28.04,23,41.67
2012-02-22,16.43,25.86,28.04,23,41.67
2012-02-29,17.68,25.15,27.61,23.7,41.67
2012-03-07,17.54,24.61,28.68,23.5,42.67
2012-03-14,17.46,24.5,29.29,23.5,42.33
2012-03-21,17.46,24.5,29.46,23.5,41
2012-03-28,17.25,24.64,30.04,23.7,35.55
2012-04-04,17.54,24.89,30.75,23.7,35.55
2012-04-11,17.54,25.18,30.75,23.7,35.55
2012-04-18,17.89,25.18,29,24.5,35.55
2012-04-25,17.89,25.18,29,24.5,35.55
2012-05-02,18.75,25.14,31.25,24.9,35.5
2012-05-09,19.32,25.43,31.14,24.9,35.5
2012-05-16,19.25,24.81,31.94,23.83,35.5
2012-05-23,19.03,25.19,32.38,23.08,35.67
2012-05-30,18.47,24.56,32.38,20.58,31.67
2012-06-06,18.34,24.44,32.38,20.25,31.67
2012-06-13,17.91,23.81,27.88,20.25,27.67
2012-06-20,17.91,23.81,27.88,20.25,27.67
2012-06-27,18.03,23.81,27.25,20.25,24.67
2012-07-04,16.34,20.91,24.17,19.08,24.67
2012-07-11,17.09,21.47,24.17,19.42,24.7
2012-07-18,18.16,21.31,24.17,19.42,27.65
2012-07-25,18.16,21.31,24.17,19.42,27.65
2012-08-01,18.16,21.03,24.17,19.42,27.65
2012-08-08,18.78,21.31,24.58,19.42,27.65
2012-08-15,19.28,20.87,24.56,20.61,27.65
2012-08-22,19.34,22.29,24.56,20.61,27.65
2012-08-29,19.39,22.69,24.29,20.61,27.65
2012-09-05,19.34,22.68,24.39,20.6,27.65
2012-09-12,19.22,23.09,24.39,21.85,25.68
2012-09-19,18.97,23.13,24.39,22.12,25.68
2012-09-26,17.91,23.09,34.39,21.62,25.68
2012-10-03,19.75,22.67,23.96,20.81,30
2012-10-10,17.95,22.23,23.64,20.81,30
2012-10-17,17.83,21.15,23.64,21.43,30.68
2012-10-24,17.83,21.15,23.64,20.93,30.68
2012-10-31,17.83,21.15,23.64,18.7,30.68
2012-11-07,17.45,20.34,23.36,20.93,33.32
2012-11-14,17.95,21.68,23.72,20.93,33.32
2012-11-21,18.22,21.31,22.65,18.9,35.29
2012-11-28,18.28,20.37,22.65,18.9,35.29
2012-12-05,18.38,20.62,23.21,18.9,32.61
2012-12-12,18.38,20.62,23.31,18.9,32.61
2012-12-19,17.88,20.62,23.12,18.9,32.61
2012-12-26,17.99,20.62,23.15,18.92,32
2013-01-02,17.99,20.62,23.15,18.92,32
2013-01-09,18.09,20.57,23.12,19.19,32
2013-01-16,19.38,20.57,23.28,19.19,32
2013-01-23,18.88,20.57,23.28,19.19,32
2013-01-30,19.06,20.4,23.22,18.43,32
2013-02-06,19.09,19.73,22.59,18.31,32
2013-02-13,19.09,20.5,22.03,18.43,32
2013-02-20,19.09,20.5,22.03,18.43,32
2013-02-27,19.72,20.5,22.5,18.43,32.68
2013-03-06,19.72,20.5,22.5,18.43,32.68
2013-03-13,20.09,20.75,22.44,18.43,62.68
2013-03-20,20.09,20.75,22.63,18.43,32.68
2013-03-27,20.09,20.75,22.63,18.43,32.68
2013-04-03,20.86,21.47,22.69,18.39,29.63
2013-04-10,23.36,21.92,22.88,18.5,29.63
2013-04-17,23.36,21.92,22.88,18.5,29.63
2013-04-24,25.82,22.91,23,19.38,29.63
2013-05-01,24.36,22.91,23.13,19.21,29.63
2013-05-08,24.32,24.03,23.13,18.5,22.73
2013-05-15,24.32,24.03,23.13,18.5,22.73
2013-05-22,22.71,24.88,22.53,18.71,22.73
2013-05-29,24.31,25.25,22.54,19.21,29.63
2013-06-05,23.91,24.33,22.34,19.21,28.65
2013-06-12,23.72,24.33,21.97,20.3,26.93
2013-06-19,23.78,24.19,22.06,20.3,29.93
2013-06-26,23.88,24.41,21.97,20.79,29.93
2013-07-03,24.59,24.19,22.14,20.3,23.93
2013-07-10,23.56,24.83,22.14,19.7,23.93
2013-07-17,23.44,23.1,22.14,19.7,23.5
2013-07-24,23.44,23.1,22.14,19.7,23.5
2013-07-31,22.72,23.1,21.61,17.3,22.5
2013-08-07,22.25,20.85,21.5,18.35,22.5
2013-08-14,21.44,17.94,20.61,17.21,20.77
2013-08-21,22.31,22.71,20.61,17,24.33
2013-08-28,20.78,21.64,20.14,19.94,26.2
2013-09-04,19.46,20.93,19.13,20.36,25.4
2013-09-11,19.04,23.38,19.13,20.36,25.4
2013-09-18,19.36,22.8,18.75,19.61,25.4
2013-09-25,19.36,21.41,18.75,19.61,25.4
2013-10-02,18.93,21.41,18.75,19.61,25.4
2013-10-09,19.13,22.88,18.75,19.61,25.4
2013-10-16,18.64,21.38,18.5,19.61,25.4
2013-10-23,18.57,21,18.14,18.96,25.7
2013-10-30,18.57,21,18.14,18.96,25.7
2013-11-06,19.39,20.36,17.29,18.42,21.63
2013-11-13,19.39,20.36,17.29,18.42,21.63
2013-11-20,19.54,20.56,17.29,19.17,24.5
2013-11-27,19.54,20.97,17.29,18.92,24.5
2013-12-04,19.54,20.97,17.29,18.54,23.5
2013-12-11,19.54,20.59,17.43,18.54,23.5
2013-12-18,19.54,20.59,17.43,18.54,23.5
2013-12-25,19.11,20.59,17.5,18.29,19.5
2014-01-01,19.11,20.59,17.5,18.29,19.5
2014-01-08,19.75,20.63,17.41,18.1,18.78
2014-01-15,19.39,20.63,17.16,18.1,18.78
2014-01-22,19.61,20.63,17.16,18.1,18.78
2014-01-29,19.18,20.5,16.63,18.1,18.78
2014-02-05,19.61,20.38,16.75,18.1,18.78
2014-02-12,19.32,19.71,16.93,16.9,20.5
2014-02-19,19.32,19.71,16.93,16.9,20.5
2014-02-26,20.57,19.57,16.32,16.9,20.5
2014-03-05,21.04,19.29,15.79,16.9,20.5
2014-03-12,21.46,19.29,15.71,16.4,19.25
2014-03-19,21.96,19.79,15.86,17.4,20
2014-03-26,22.18,19.5,15.81,18,20
2014-04-02,22.18,19.38,16.28,18.7,19.75
2014-04-09,22.39,19.38,16.28,18.2,19.75
2014-04-16,22.64,20.38,16.38,19.3,21.5
2014-04-23,23.5,21.44,16.81,18.9,21.5
2014-04-30,25.39,21.69,16.69,18.9,21.5
2014-05-07,24.96,21.69,16.36,19.1,20.67
2014-05-14,24.96,21.69,16.36,19.1,20.67
2014-05-21,24.96,21.69,16.36,19.1,20.67
2014-05-28,25.68,21.88,16.81,19.1,20.67
2014-06-04,25.82,22.06,16.69,19.1,20.67
2014-06-11,24.18,22.06,16.69,19.9,20.67
2014-06-18,24.18,22.06,16.69,19.9,20.67
2014-06-25,24.71,20.53,16.36,19.9,20.88
2014-07-02,24.39,20.88,16.36,19.9,20.88
2014-07-09,24.39,20.88,16.36,19.9,20.88
2014-07-16,24.68,20.88,16.36,19.9,20.88
2014-07-23,24.75,20.88,16.36,19.9,20.88
2014-07-30,25.57,22.43,17.14,19.5,21.38
2014-08-06,26.04,22.43,16.36,19.5,21.38
2014-08-13,26.04,22.43,16.93,19.5,21.38
2014-08-20,26.04,22.43,16.93,19.5,21.38
2014-08-27,26.04,22.43,16.93,19.5,21.38
2014-09-03,26.39,24.13,19.56,22.3,23
2014-09-10,26.96,28.75,24.56,23.75,24.6
2014-09-17,28.54,29.38,25.06,25.25,27.5
2014-09-24,30,34,28.38,26.5,26
2014-10-01,28.89,34.13,30.16,26.5,26
2014-10-08,29.29,35.63,30.31,28.58,26
2014-10-15,29.29,35.25,30.41,27.88,26
2014-10-22,29.29,35.25,30.41,27.88,26
2014-10-29,29.29,35.25,30.41,27.88,26
2014-11-05,30,38.88,30.41,31.08,26
2014-11-12,30,35.53,30.41,31.08,26
2014-11-19,30,35.53,30.41,31.08,26
2014-11-26,30,35.53,30.41,31.08,26
2014-12-03,30,36.28,30.41,31.58,26
2014-12-10,28.18,36.31,29.44,28.28,24.6
2014-12-17,28.18,36.31,29.44,28.28,24.6
2014-12-24,27.32,36.41,29.16,32.7,24.6
2014-12-31,27.32,36.41,29.16,32.7,24.6
2015-01-07,27.32,36.41,29.16,32.7,24.6
2015-01-14,29.75,39.19,31.44,35.58,24.6
2015-01-21,29.75,39.19,31.44,35.58,24.6
2015-01-28,29.82,39.44,31.44,35.58,24.6
2015-02-04,29.82,39.44,31.44,35.58,24.6
2015-02-11,34.04,39.81,31.69,35.58,24.6
2015-02-18,34.04,39.81,31.69,35.58,24.6
2015-02-25,33.61,39.44,31.69,35.58,24.6
2015-03-04,33.32,39.31,31.56,35.58,24.6
2015-03-11,33.32,41.06,31.81,33.75,24.6
2015-03-18,33.32,41.06,31.81,33.75,24.6
2015-03-25,31.75,41.31,31.81,33.75,24.6
2015-04-01,32.75,41.44,30.69,33.75,24.6
2015-04-08,33.32,41.69,31.19,36.58,24.6
2015-04-15,33.32,41.69,31.19,36.58,24.6
2015-04-22,34.32,42.19,31.44,36.58,24.6
2015-04-29,33.75,42.19,32.19,37.58,24.6
2015-05-06,32.19,42.69,32.19,37.58,24.6
2015-05-13,34.18,42.69,32.19,37.58,24.6
2015-05-20,38.32,45.06,35.21,37.36,24.6
2015-05-27,38.32,44.81,33.93,38.21,23.6
2015-06-03,38.32,44.81,33.93,38.21,23.6
2015-06-10,38.61,44.94,34.21,38.21,23.6
2015-06-17,38.61,44.69,33.93,38.21,23.6
2015-06-24,38.61,44.69,33.93,38.21,23.6
2015-07-01,38.61,44.69,33.93,38.21,23.6
2015-07-08,37.18,44.94,33.64,38.21,23.6
2015-07-15,37.18,44.94,33.64,38.21,23.6
2015-07-22,35.75,44.94,33.64,37.93,23.6
2015-07-29,36.18,44.44,33.64,37.36,23.6
2015-08-05,34.72,38.19,32.06,32.94,25.33
2015-08-12,34.72,38.19,32.06,32.94,25.33
2015-08-19,33.66,37.31,33.06,33.94,25.33
2015-08-26,33.66,37.31,33.06,33.94,25.33
2015-09-02,36.03,42.44,35.06,37.06,26.57
2015-09-09,32.75,45.31,36.25,39.44,30
2015-09-16,32.75,45.31,36.25,39.44,30
2015-09-23,32.75,45.31,36.25,39.44,30
2015-09-30,33.75,44.56,35.38,39.94,28.25
2015-10-07,33.75,44.56,35.38,39.94,28.25
2015-10-14,33.75,44.56,35.38,39.94,28.25
2015-10-21,33.75,44.56,35.38,39.94,28.25
2015-10-28,33.75,44.56,35.38,39.94,28.25
2015-11-04,33.75,44.56,35.38,39.94,28.25
2015-11-11,33.75,44.56,35.38,39.94,28.25
2015-11-18,33.75,44.56,35.38,39.94,28.25
2015-11-25,44.78,59.38,46.83,51.61,38
2015-12-02,45.91,58.39,47.94,52.67,38
2015-12-09,47.91,59.5,48.61,54.72,37.6
2015-12-16,50.16,64.72,52.89,59.78,38
2015-12-23,50.16,64.72,52.89,59.78,38
2015-12-30,50.16,64.72,52.89,59.78,38
2016-01-06,50.91,65.83,53.78,59.78,39
2016-01-13,52.28,68.94,55.89,62.44,42.2
2016-01-20,51.28,70.61,54.5,52.13,43.2
2016-01-27,51.28,70.61,58,64.44,43.2
2016-02-03,49.78,71.72,58,64.13,43
2016-02-10,48.66,72.39,58.44,65,43.25
2016-02-17,48.66,71.83,58.44,65,40.75
2016-02-24,45.28,71.83,58.67,64.13,43.25
2016-03-02,41.03,75.17,59.83,65.94,42.75
2016-03-09,41.41,75.17,61.17,65.94,42.75
2016-03-16,42.28,75.06,61.61,65.94,42.75
2016-03-23,42.78,75.06,61.61,65.94,40.5
2016-03-30,44.53,75.94,61.94,65.94,39.75
2016-04-06,44.53,75.94,61.94,65.94,39.75
2016-04-13,44.53,75.94,61.94,65.94,39.75
2016-04-20,45.28,76.06,62.06,65.94,44.5
2016-04-27,47.03,74.83,61.61,65.06,38.4
2016-05-04,46.66,74.83,61.61,65.5,38.4
2016-05-11,46.66,74.83,61.61,65.5,38.4
2016-05-18,45.91,70.72,61.06,62.94,35.75
2016-05-25,44.91,69.69,61.7,62.31,35.75
2016-06-01,43.16,69.69,61.1,62.31,35.75
2016-06-08,42.28,65.94,62.13,62.36,34.75
2016-06-15,39.78,65.06,60.3,60.36,34.5
2016-06-22,38.28,59.5,53.5,52.56,34.5
2016-06-29,38.28,59.5,53.5,52.56,34.5
2016-07-06,33.66,55.5,41.58,45.79,33.5
2016-07-13,32.91,53.28,40.64,45.79,33.5
2016-07-20,32.91,53.28,40.64,45.79,33.5
2016-07-27,32.91,53.28,40.64,45.79,33.5
2016-08-03,31.66,46.17,36.5,40.81,32.75
2016-08-10,30.16,44.72,38.06,42.56,35.38
2016-08-17,30.16,44.72,38.06,42.56,35.38
2016-08-24,30.78,45.94,38.17,43.44,37.88
2016-08-31,28.72,46.5,39.06,42.39,36.88
2016-09-07,25.78,48.17,39.83,43.5,36.88
2016-09-14,25.89,48.61,40.06,43.5,36.88
2016-09-21,25.96,48.28,40.94,44.61,36.88
2016-09-28,26.46,48.06,40.94,44.61,38.88
2016-10-05,27.32,50.72,41.94,40.44,39.38
2016-10-12,28.39,51.17,42.06,42.94,39.38
2016-10-19,29.61,52.85,42.61,43.56,38.38
2016-10-26,29.61,52.85,42.61,43.56,38.38
2016-11-02,30.46,54.85,44.83,44.31,38.38
2016-11-09,32.04,59.28,52.61,48.56,40.13
2016-11-16,31.46,62.17,57.56,48.06,47.63
2016-11-23,31.58,63.28,59.06,52.31,54.38
2016-11-30,31.58,63.61,60.31,53.81,54.38
2016-12-07,29.75,63.94,62.31,53.69,54.38
2016-12-14,29.32,66.75,63.56,53.69,54.38
2016-12-21,28.18,66.39,64.06,55.36,54.38
2016-12-28,28.18,66.39,64.06,55.36,54.38
2017-01-04,27.89,66.39,63.81,55.56,54.38
2017-01-11,27.89,66.39,63.81,55.56,54.38
2017-01-18,28.18,66.39,63.19,55.93,54.38
2017-01-25,27.32,66.17,62.56,55.93,54.38
2017-02-01,27.32,66.17,62.56,55.93,54.38
2017-02-08,27.46,64.81,61.94,55.07,49.13
2017-02-15,26.89,64.81,60.69,55.07,49.13
2017-02-22,23.75,55.22,51.55,51.64,47.75
2017-03-01,22.53,55.06,45.75,38.79,47.7
2017-03-08,22.18,49.43,44.07,39.6,47.63
2017-03-15,22.18,49.43,44.07,39.6,52.25
2017-03-22,22.18,48.29,44.19,39.6,50.25
2017-03-29,22.75,48.29,44.19,39.6,44.25
2017-04-05,23.18,48.86,45.44,39.6,44.25
2017-04-12,24.89,48.86,44.94,45.2,44.25
2017-04-19,24.89,48.86,44.94,45.2,44.25
2017-04-26,25.09,48.57,44.94,45.2,39.63
2017-05-03,25.09,48.57,44.94,45.2,39.63
2017-05-10,25.09,48.57,43.44,45.2,39.63
2017-05-17,24.89,48.57,42.44,45.2,39.63
2017-05-24,24.89,48.57,42.44,45.2,39.63
2017-05-31,24.68,45.71,41.19,45.2,39.63
2017-06-07,23.92,46.29,39.94,45.2,39.63
2017-06-14,23.72,46.29,39.94,43.6,39.63
2017-06-21,23.72,46.29,39.94,43.6,39.63
2017-06-28,21.64,44.67,37.07,37.62,39.63
2017-07-05,21.41,44.67,37.36,37.62,37.63
2017-07-12,21.78,44.67,37.36,37.62,37.63
2017-07-19,21.78,44.67,37.36,37.62,39.63
2017-07-26,23.09,44,34.83,34,39.63
2017-08-02,23.28,43.42,36.67,36.4,39.63
2017-08-09,23.28,43.42,36.67,36.4,39.63
2017-08-16,22.28,43.42,37.17,37.2,37.63
2017-08-23,22.03,42.64,37.83,37.2,40.5
2017-08-30,22.41,42.64,37.43,37.2,40.5
2017-09-06,22.28,43.43,36.71,37.2,40.5
2017-09-13,22.03,43,36.25,37.83,40.5
2017-09-20,21.28,40.75,34.21,37.2,41.33
2017-09-27,21.28,39.88,34,36.67,39.33
2017-10-04,21.28,40.38,34,35.17,43.67
2017-10-11,20.66,39.75,33.14,33.83,40.67
2017-10-18,20.53,38.25,32.86,33.83,40.67
2017-10-25,20.16,37.88,32.71,34.8,40.67
2017-11-01,19.41,37.69,31.14,30.4,40.67
2017-11-08,16.04,35.6,28.8,28.72,41.3
2017-11-15,16.04,35.6,28.8,28.72,41.3
2017-11-22,16.66,35.33,29,28.8,40
2017-11-29,16.31,34,29,28.8,35.55
2017-12-06,17.42,33.83,27.39,27.77,39.5
2017-12-13,17.72,33.33,27.39,27.77,35.55
2017-12-20,18.03,33.14,27.39,27.2,36.25
2017-12-27,17.82,34,27.5,27.2,36.25
2018-01-03,17.72,34,27.5,27.6,36.25
2018-01-10,17.72,34.17,28,27.2,31.75
2018-01-17,17.34,34.17,28,27.2,31.75
2018-01-24,17.84,34,27,26.67,36.25
2018-01-31,17.75,33.67,27.29,27.33,33.25
2018-02-07,17.38,32.43,26.43,27.33,33.25
2018-02-14,17.56,32.57,26.29,27.33,28.75
2018-02-21,17.47,32.57,26.14,26.67,28.75
2018-02-28,17.59,31.43,26.29,26.67,28.5
2018-03-07,16.91,31.29,26.57,27,26.74
2018-03-14,16.91,31.29,26.14,27,26.74
2018-03-21,16.91,31.42,26.14,25.2,26.74
2018-03-28,16.91,30.36,25.86,23.6,27.72
2018-04-04,16.72,30.08,24.43,23.6,25.25
2018-04-11,16.72,27.08,24.43,23.6,25.25
2018-04-18,16.91,26.5,23.57,23.6,25.25
2018-04-25,16.81,26.5,24,23.6,25.25
2018-05-02,17.03,26.5,24,23.5,28.75
2018-05-09,17.03,25.86,24,23.5,28.75
2018-05-16,17.03,25.86,24,23.5,28.75
2018-05-23,17.03,25.57,24,23.5,28.75
2018-05-30,17.03,25.57,24,23.5,28.75
2018-06-06,16.39,25.43,23.71,23,29.25
2018-06-13,16.41,25,23.71,23,25.5
2018-06-20,16.41,24.71,23.14,22.43,25.5
2018-06-27,15.91,25.25,22.38,22,24.5
2018-07-04,15.72,25.13,22,21.88,24.5
2018-07-11,14.63,23.14,20.4,21.33,22.25
2018-07-18,14.63,23.14,20.4,21.33,22.25
2018-07-25,14.72,21.86,19.6,20.5,21.75
2018-08-01,14.34,21.86,19.6,20.5,21.75
2018-08-08,14.53,20.43,19.6,20.5,21.75
2018-08-15,14.25,19.14,18.8,20.5,21.25
2018-08-22,14.53,19,18.6,19.83,21.25
2018-08-29,14.59,19,18,18.33,21.25
2018-09-05,14.59,18.43,17.33,16.67,15.25
2018-09-12,14.78,20.5,16.17,15.36,15.25
2018-09-19,14.91,19.86,16.42,15.36,19.25
2018-09-26,14.91,18.86,16.42,16.17,21.25
2018-10-03,14.91,18.29,16.5,16.17,21.25
2018-10-10,14.72,17.86,16.25,16.64,21.25
2018-10-17,14.84,18,16,16.64,21.25
2018-10-24,14.84,18,16,16.64,21.25
2018-10-31,14.91,18,16,16.64,20.5
2018-11-07,14.91,18.86,16.42,16.43,20.5
2018-11-14,15.13,18.43,16.25,16.21,20.5
2018-11-21,16.16,19.21,16.83,17.21,20.5
2018-11-28,16.16,19.07,16.83,17.21,20.5
2018-12-05,17.19,21.71,17.42,17.71,21
2018-12-12,18.09,21.29,17.92,18.86,21
2018-12-19,18.28,22.57,18.5,18.86,21
2018-12-26,18.09,22.5,18.5,18.86,21
2019-01-02,18.09,22.5,18.5,18.86,21
2019-01-09,18.34,22.43,18.5,18.86,19.5
2019-01-16,18.84,23.13,18.17,18.71,19.5
2019-01-23,18.91,22.36,18.17,18.71,19.5
2019-01-30,19.16,22.43,18.17,18.71,19.5
2019-02-06,19.53,22.86,18.17,18.71,19.5
2019-02-13,18.97,22.29,18.17,18.71,19.5
2019-02-20,18.97,22.29,18.17,18.71,19.5
2019-02-27,18.97,21.14,18,18.14,19.5
2019-03-06,18.97,21.07,17.92,18.14,19.5
2019-03-13,17.53,20.5,17.92,18.14,19
2019-03-20,17.22,19.36,17.33,18.14,19
2019-03-27,17.22,19.36,17.33,18.14,18.25
2019-04-03,17.03,18,16.75,16.14,18.25
2019-04-10,18.34,17.86,16.67,16.14,17.5
2019-04-17,17.38,19.86,16.8,17.33,18
2019-04-24,17.38,19.86,16.8,17.33,18
2019-05-01,17.38,19.71,16.42,17.33,16.5
2019-05-08,17.38,19.73,16.42,17.33,16.5
2019-05-15,18.16,19.88,16.17,17.33,16.5
2019-05-22,18.16,20.17,16.6,17.33,16.5
2019-05-29,18.19,20.79,17.4,17.5,16.5
2019-06-05,18.5,20.71,17.4,17.5,16.6
2019-06-12,18.5,21.14,17.42,17.25,16.5
2019-06-19,18.5,22.07,17.17,16.83,16.5
2019-06-26,18.5,22.07,17.17,16.83,16.5
2019-07-03,18.5,22.29,17.85,17.67,15
2019-07-10,18.31,22.64,18.17,17.67,14.75
2019-07-17,18.31,22.64,18.17,17.67,14.75
2019-07-24,17.66,23.19,17.25,17,15.25
2019-07-31,17.38,21.14,16.67,16,15
2019-08-07,17.25,20.86,16.86,16,15
2019-08-14,17.03,20.13,16.64,15.64,15
2019-08-21,16.28,20.75,16.64,15.64,19
2019-08-28,15.97,20.63,16.21,15.21,19.5
2019-09-04,15.97,20.38,16.21,18.43,19.5
2019-09-11,15.53,21,17.21,18.5,16.84
2019-09-18,15.53,21.36,17.21,18.5,17.5
2019-09-25,16.06,22.5,17.57,18.5,17.5
2019-10-02,16.21,22.94,18,15,17.5
2019-10-09,16.5,23.13,18.14,15.33,18.25
2019-10-16,17.5,24.58,18.86,15,19
2019-10-23,17.86,24.5,19.29,15,19
2019-10-30,17.86,24,19.19,15,19
2019-11-06,18,24.07,19.31,15.2,19
2019-11-13,18.36,24.33,19.44,15.2,17.82
2019-11-20,18.36,24.67,19.57,15.2,17.82
2019-11-27,18.36,24.67,19.57,15.2,17.82
2019-12-04,18.5,24.86,20.14,15.2,17.82
2019-12-11,18.57,25,20.21,21.3,17.82
2019-12-18,18.86,25,20.21,21.3,17.82
2019-12-25,18.86,25.43,20.21,21.3,17.82
2020-01-01,20.43,25.57,20.36,21.3,18.78
2020-01-08,20.43,25.57,20.36,21.3,18.78
2020-01-15,21.14,26,20.75,21.3,18.78
2020-01-22,21.29,26,20.75,21.3,18.78
2020-01-29,21.07,25.38,20.64,21.5,20.75
2020-02-05,20.93,25.38,20.31,21.5,20.75
2020-02-12,20.14,25.57,20.38,21.5,20.7
2020-02-19,20.29,24.43,20.58,21.5,20.75
2020-02-26,20.29,24.17,20.5,21.5,20.75
2020-03-04,20.29,24.17,20.5,21.5,20.75
2020-03-11,20.71,24.13,20.19,21.4,19.8
2020-03-18,20.61,23.17,20.36,18.85,19.8
2020-03-25,21.29,23.97,20.61,18.65,19.25
2020-04-01,22.75,24.19,20.43,18.85,19.25
2020-04-08,23.75,26.09,22.71,18.85,19.25
2020-04-15,24.17,27.32,23.86,21.82,19.8
2020-04-22,26.17,30.43,25.38,24.8,21.25
2020-04-29,28.33,31.29,26.13,24.8,21.25
2020-05-06,28.33,31.29,26.63,24.8,21.25
2020-05-13,26.67,30.86,27.38,25.78,21.25
2020-05-20,27.17,30.86,27.38,25.78,21.78
2020-05-27,27.17,30.5,27.22,25.78,21.78
2020-06-03,26.89,31.63,26.89,24.8,21.25
2020-06-10,29,30.69,26.56,24.8,21.25
2020-06-17,29.33,31.38,27.57,25.78,21.78
2020-06-24,28.83,32.5,27.71,25.78,21.78
2020-07-01,28.83,31.14,27.71,25.78,21.78
2020-07-08,28.33,31.14,27.71,26.4,21.78
2020-07-15,27.71,31.14,27.71,26.4,21.78
2020-07-22,26.67,30.13,26.93,24.4,20.25
2020-07-29,26.57,29.75,26.93,24.4,20.25
2020-08-05,25.36,29.43,26.21,24.4,21.75
2020-08-12,24.83,29.43,25.79,23.36,21.75
2020-08-19,24.75,29.5,25.63,23.64,21.75
2020-08-26,24.43,29.38,22.6,24,21
2020-09-02,24,27.25,22.73,22,21.5
2020-09-09,23.88,27.14,22.73,22,21.5
2020-09-16,25.06,29.75,22.5,21.8,21.5
2020-09-23,24.93,29.21,22.5,21.8,21.5
2020-09-30,26.86,31.14,22.5,23.25,22.5
2020-10-07,27,33.57,24.5,26.38,22.5
2020-10-14,26.92,34.29,24.5,26.94,22.5
2020-10-21,27.17,34.71,24.5,28.63,23.5
2020-10-28,27.67,36.29,26.5,30.06,24.5
2020-11-04,28.33,36.5,26.5,29.81,24.5
2020-11-11,28.8,36.38,27.4,30,26.5
2020-11-18,28.8,35.89,27.4,30,26.5
2020-11-25,26.2,34.5,27,29.13,23.6
2020-12-02,27.4,34.86,28.2,29.38,24.6
2020-12-09,24.5,33.25,26.4,28.38,24.6
2020-12-16,25.25,33.63,26.4,27.38,24.6
2020-12-23,25.5,32.94,25.8,27.25,24.6
2020-12-30,25.5,33.5,25.8,27.38,24.6
2021-01-06,25.5,33.44,25.8,27.38,24.6
2021-01-13,25.5,33.5,26.6,27.75,26.5
2021-01-20,26,33.81,26.6,28,26.5
2021-01-27,27.25,34.5,26.2,28.38,26.5
2021-02-03,27.75,34.17,27,29.17,26.5
2021-02-10,27.75,34.5,27,29.83,26.5
2021-02-17,27.75,34.67,27,29.92,26.5
2021-02-24,28,35.43,27,31,27
2021-03-03,28,36.67,27,32.33,28
2021-03-10,28,36.83,27,32.33,28
2021-03-17,28,36.83,27,32.21,28
2021-03-24,29.5,36,28,32.08,28
2021-03-31,29.25,36,28,32.08,28
2021-04-07,29.25,35.21,28,32.42,28
2021-04-14,29.25,34.75,28,32.83,29
2021-04-21,31,35.5,28,31.75,29
2021-04-28,31,35.5,28,31.75,29
2021-05-05,29.5,36,28,31.75,29
2021-05-12,31.5,36,28,31.25,30
2021-05-19,33,36.92,28,32,30
2021-05-26,33,36.92,28,32,30
2021-06-02,33.5,37.17,28,32.23,30
2021-06-09,33.5,36.2,28,31.5,30
2021-06-16,32.5,36,28,31,30
2021-06-23,31.5,35,27,30.6,28.67
2021-06-30,31.5,34.14,27,30.17,28.67
2021-07-07,31.5,34.14,27,30.17,28.67
2021-07-14,33,34.57,27.67,30.33,28.67
2021-07-21,33,35.71,27.67,30.75,28.67
2021-07-28,34.75,36.8,30.6,32.67,31
2021-08-04,35.25,37.75,30.6,33,33
2021-08-11,37.5,44,31.5,37.8,33
2021-08-18,39.25,48.75,43,44.5,33
2021-08-25,44,53.25,43,47.75,33
2021-09-01,49,59.8,59,57,36.67
2021-09-08,47.5,60.2,57,58,37
2021-09-15,47.5,59.83,57,57.33,37
2021-09-22,57.5,60.33,57,57.33,63
2021-09-29,47,62,57,59.4,63
2021-10-06,47,62.3,57,60,77.5
2021-10-13,47.5,62,55,59.8,77.5
2021-10-20,47,61.33,55,59.17,77.5
2021-10-27,46,60.83,54,59.17,77.5
2021-11-03,45.5,60.5,5,58.67,77.5
2021-11-10,45.5,60.83,55,59.17,77.5
2021-11-17,43.5,60.83,53,59.4,77.5
2021-11-24,43,61.83,56,59.4,77.5
2021-12-01,43,61.83,56,59.4,77.4
2021-12-08,45,62.25,56,60,77.5
2021-12-15,45,62.25,56,60,77.5
2021-12-22,45.5,63.33,56,59,80
2021-12-29,45.5,63.33,56,59,80
2022-01-05,45.5,63.33,56,59,80
2022-01-12,45.5,63.25,58,59.83,80
2022-01-19,45,61.33,57,59,80
2022-01-26,40,57.67,52,56.75,80
2022-02-02,39,56.75,51,54,80
2022-02-09,35,51.67,44,46.33,80
2022-02-16,34.5,49.5,44,45,80
2022-02-23,34.5,50.25,44,45,80
2022-03-02,35.25,50.5,44,43.75,80
2022-03-09,36,52,44,47.5,80
2022-03-16,38,55.67,50.5,49.38,80
2022-03-23,38.5,57.13,50.5,50,86
2022-03-30,38.75,56.75,50.5,49.67,86
2022-04-06,38.75,55.38,50.5,49.67,86
2022-04-13,39.5,53.75,48,49.5,86
2022-04-20,39.5,53.5,48,50,80
2022-04-27,39,53.5,48,47.75,80
2022-05-04,39.25,53,48,47.75,80
2022-05-11,39.25,53,48,47.75,80
2022-05-18,42,53,47,48.75,80
2022-05-25,42,53,43.5,49.25,90
2022-06-01,42,55.17,50.5,51.5,85
2022-06-08,42,55.17,50.5,51.5,85
2022-06-15,39.5,54.75,48,50.67,80
2022-06-22,37.5,52.25,48,49,75
2022-06-29,37.5,51,48,49.25,75
2022-07-06,36.5,48.67,43,46.67,55
2022-07-13,32,45,41,44,50
2022-07-20,32,45,41,44,50
2022-07-27,32,45,41,44,50
2022-08-03,31.5,41.5,34,43.5,50
2022-08-10,32,41,34,40.5,50
2022-08-17,32,40,32.5,40.33,50
2022-08-24,32,40,37.67,39.75,45
2022-08-31,31.5,42,38.5,40,45
2022-09-07,31.5,42.5,39.33,40.25,45
2022-09-14,31.5,42,39.33,39.67,65
2022-09-21,30.5,42,39.38,40.33,72.33
2022-09-28,30.5,42,41,41.17,72.67
2022-10-05,30.5,42,39.38,41.17,72.67
2022-10-12,32.25,49,42.33,46,72.67
2022-10-19,32.25,49,42.33,46,72.67
2022-10-26,34.5,52.5,47,47.67,85
2022-11-02,33.5,52.5,47,47.67,85
2022-11-09,34.5,52.5,47,47.67,85
2022-11-16,34,51.5,46.67,46.33,85
2022-11-23,34,51.5,46.67,46.33,85
2022-11-30,34,51.5,46.67,46.33,85
2022-12-07,34,51,46.33,46.33,85
2022-12-14,34.5,51,46.33,46.67,85
2022-12-21,31,49,46.33,46,85
2022-12-28,33.5,49.5,46.33,46.33,88.33
2023-01-04,33.5,49.5,46.33,46.33,88.33
2023-01-11,33.5,49,46.33,46.67,88.33
2023-01-18,33.5,49,46.33,46.67,88.33
2023-01-25,32,49,46.33,46,90
2023-02-01,31.5,49,46,48.25,100
2023-02-08,31.5,49,46,48,100
2023-02-15,30,48.5,46,47.25,100
2023-02-22,30,48.75,46,47,100
2023-03-01,33,50,46,48,100
2023-03-08,33,50.5,44,48,100
2023-03-15,34.25,51.75,44,48,100
