Date,"Mustard 1CAN - Yellow ($ per cwt)","Mustard 1CAN - Brown ($ per cwt)","Mustard 1CAN - Oriental ($ per cwt)"
1992-01-01,8,8,9.5
1992-01-08,8,8,9.5
1992-01-15,9,8.75,9.5
1992-01-22,9,8.75,9.5
1992-01-29,9,8.75,9.5
1992-02-05,9,8.75,9.5
1992-02-12,9,8.75,9.5
1992-02-19,9,8.75,9.5
1992-02-26,9,8.75,9.5
1992-03-04,,8.75,9.5
1992-03-11,,8.75,9.5
1992-03-18,,8.75,9.5
1992-03-25,,8.75,9.5
1992-04-01,,8.75,9.5
1992-04-08,,8.75,9.5
1992-04-15,,8.75,9.5
1992-04-22,,8.75,9.5
1992-04-29,,8.75,9.5
1992-05-06,,8.75,9.5
1992-05-13,,8.75,9.5
1992-05-20,,9,10
1992-05-27,,9,10
1992-06-03,,9,10
1992-06-10,,9,10
1992-06-17,,9,10
1992-06-24,,9,10
1992-07-01,,9,10
1992-07-08,,9,10
1992-07-15,,9,10
1992-07-22,,9,10
1992-07-29,,9,10
1992-08-05,,9,10
1992-08-12,,9,10
1992-08-19,,9,10
1992-08-26,,9,10
1992-09-02,,9,9
1992-09-09,9,9,11
1992-09-16,9,12.5,13
1992-09-23,11,12.5,13
1992-09-30,,,
1992-10-07,10,10,10
1992-10-14,10,10,10
1992-10-21,10,10,10
1992-10-28,10,10,10
1992-11-04,10,10,10
1992-11-11,10,,
1992-11-18,10,9,9
1992-11-25,10,9,9
1992-12-02,,9,9
1992-12-09,,9,9
1992-12-16,10,9,9
1992-12-23,10,9,9
1992-12-30,10,9,9
1993-01-06,10,9,9
1993-01-13,10,9,9
1993-01-20,10,9,9
1993-01-27,10,9,9
1993-02-03,10,9,9
1993-02-10,10,9,9
1993-02-17,10,9,9
1993-02-24,10,9,9
1993-03-03,10,9,9
1993-03-10,10,9,9
1993-03-17,10,9,9
1993-03-24,10,9,9
1993-03-31,10,9,9
1993-04-07,10,9,9
1993-04-14,10,9,9
1993-04-21,10,9,9
1993-04-28,10,9,9
1993-05-05,10,9,9
1993-05-12,10,9,9
1993-05-19,10,9,9
1993-05-26,10,9,9
1993-06-02,10,9,9
1993-06-09,10,9,9
1993-06-16,9,9,9
1993-06-23,9,9,9
1993-06-30,9,9,9
1993-07-07,9,9,9
1993-07-14,9,9,9
1993-07-21,9,8.5,9
1993-07-28,9,8,9
1993-08-04,9,8,9
1993-08-11,10,8,9
1993-08-18,10,8,9
1993-08-25,10,8,9
1993-09-01,10,8,9
1993-09-08,10,8,9
1993-09-15,10,8,9
1993-09-22,10,8,9
1993-09-29,10,9,9
1993-10-06,10,9,9
1993-10-13,10,9.5,10
1993-10-20,10.7,10,10
1993-10-27,10.7,10,10
1993-11-03,10.7,10,10
1993-11-10,10.7,10,10
1993-11-17,10.7,10,10
1993-11-24,10.7,10,10
1993-12-01,10.7,10,10
1993-12-08,10.7,10,10
1993-12-15,10.7,10,10
1993-12-22,10.7,10,10
1993-12-29,11.3,10,10
1994-01-05,11.3,10,10
1994-01-12,11.3,10,10
1994-01-19,11.3,10.5,10.5
1994-01-26,11.3,10.5,10.5
1994-02-02,11.3,10.5,10.5
1994-02-09,11.3,10.5,10.5
1994-02-16,11.8,11.3,11.3
1994-02-23,11.8,11.3,11.3
1994-03-02,12,11.3,11.3
1994-03-09,12,11.3,11.3
1994-03-16,12,11.3,11.3
1994-03-23,12,11.3,11.3
1994-03-30,13,12,12
1994-04-06,14.5,13,13
1994-04-13,14.5,13,13
1994-04-20,14.5,13,13
1994-04-27,14.5,13,13
1994-05-04,15,13,13
1994-05-11,15.3,13,13
1994-05-18,15.3,13,13
1994-05-25,15.3,13,13
1994-06-01,15.3,13,13
1994-06-08,15.3,13,13
1994-06-15,15.3,13,13
1994-06-22,15.3,12.5,13
1994-06-29,15.9,11.3,13
1994-07-06,15.9,10.9,13
1994-07-13,15.9,10.9,13
1994-07-20,13.2,10.9,12.2
1994-07-27,13.2,10.9,12.2
1994-08-03,13,12,12
1994-08-10,13,12,12
1994-08-17,13,12,12
1994-08-24,13,12,12
1994-08-31,12,11,11.5
1994-09-07,12,11,11.5
1994-09-14,12,11,11.5
1994-09-21,12,11,11.5
1994-09-28,12.5,11.5,11.5
1994-10-05,13,11.5,11.5
1994-10-12,13,11.5,11.5
1994-10-19,13,11.5,11.5
1994-10-26,12.8,11,11.5
1994-11-02,12.5,11,11.5
1994-11-09,12.5,11,11.5
1994-11-16,12.5,11,11.5
1994-11-23,12.5,11,11.5
1994-11-30,12.5,11.5,11.5
1994-12-07,13,11.5,11.5
1994-12-14,13,11.5,11.5
1994-12-21,13,11.5,11.5
1994-12-28,13,11.5,11.5
1995-01-04,13,12,12
1995-01-11,13,12,12
1995-01-18,,,
1995-01-25,13.5,13.3,13.1
1995-02-01,14,14,14
1995-02-08,14,14,14
1995-02-15,14,14,14
1995-02-22,14,14,14
1995-03-01,13,13,12
1995-03-08,13,13,12
1995-03-15,13,13,12
1995-03-22,13,13,12
1995-03-29,13,13,13
1995-04-05,13,13.7,13
1995-04-12,13,13.7,13
1995-04-19,13,13.7,13
1995-04-26,13.5,13.5,13.5
1995-05-03,13.5,13.5,13.5
1995-05-10,13.5,13.5,13.5
1995-05-17,13.5,13.5,13.5
1995-05-24,13.5,13.5,13.5
1995-05-31,13.5,13.5,13.5
1995-06-07,13.5,13.5,13.5
1995-06-14,13.5,13.5,13.5
1995-06-21,13.5,13,13
1995-06-28,13.5,13,13
1995-07-05,13.5,13,13
1995-07-12,13.5,13,13
1995-07-19,13.5,13,13
1995-07-26,13.5,13,13
1995-08-02,15,13.4,13.4
1995-08-09,15,13.4,13.4
1995-08-16,15,13.4,13.4
1995-08-23,15,13.4,13.4
1995-08-30,15,13.4,13.4
1995-09-06,15.6,13.6,14
1995-09-13,15.6,13.6,14
1995-09-20,15.6,13.6,14
1995-09-27,15.6,13.6,14
1995-10-04,15.6,14,14.5
1995-10-11,15.6,14,14.5
1995-10-18,15.6,14,14.5
1995-10-25,15.6,14,14.5
1995-11-01,15.6,14,14.5
1995-11-08,15.6,14,14.5
1995-11-15,15.6,14,14.5
1995-11-22,15.6,15.1,15.1
1995-11-29,15.6,15.1,15.1
1995-12-06,15.6,15.1,15.1
1995-12-13,16.5,16,16
1995-12-20,17.2,16.7,16.7
1995-12-27,17.2,16.7,16.7
1996-01-03,17.2,17.2,17.2
1996-01-10,17.2,17.2,17.2
1996-01-17,19.5,17.2,17.9
1996-01-24,19.5,17.2,17.9
1996-01-31,19.5,17.2,17.9
1996-02-07,19.5,17.2,17.9
1996-02-14,19.5,17.2,17.9
1996-02-21,19.5,18,17.9
1996-02-28,20.5,18,17.9
1996-03-06,22.5,18,17.9
1996-03-13,24.4,18,17.9
1996-03-20,25.4,18,17.5
1996-03-27,26.4,18.5,18
1996-04-03,26.4,18.5,18
1996-04-10,26.4,18.5,18
1996-04-17,28.44,18.46,17.96
1996-04-24,29.44,18.96,18.46
1996-05-01,29.44,18.96,18.46
1996-05-08,31.48,18.96,18.46
1996-05-15,31.48,19.46,18.96
1996-05-22,31.48,19.46,18.96
1996-05-29,31.48,19.46,18.96
1996-06-05,31.48,19.46,18.96
1996-06-12,40.46,20.46,18.96
1996-06-19,40.46,20.46,18.96
1996-06-26,40.46,20.46,18.96
1996-07-03,40.46,20.46,18.96
1996-07-10,35.47,20.46,17.96
1996-07-17,35.47,20.46,17.96
1996-07-24,35.47,20.46,17.96
1996-07-31,35.47,20.46,17.96
1996-08-07,35.47,19.46,17.96
1996-08-14,32.43,19.46,17.46
1996-08-21,30.44,19.46,17.46
1996-08-28,30.44,19.46,17.46
1996-09-04,30.44,19.46,17.46
1996-09-11,29.94,19.46,17.46
1996-09-18,30.44,19.46,17.46
1996-09-25,30.44,19.46,17.46
1996-10-02,30.44,19.46,17.46
1996-10-09,30.44,19.46,17.46
1996-10-16,36.47,19.46,17.46
1996-10-23,36.47,19.46,16.47
1996-10-30,42.41,19.46,16.47
1996-11-06,40.96,19.46,16.47
1996-11-13,40.96,18.46,16.47
1996-11-20,40.46,18.46,16.47
1996-11-27,40.46,18.46,16.47
1996-12-04,40.46,18.46,16.47
1996-12-11,40.46,18.46,16.47
1996-12-18,40.46,18.46,15.97
1996-12-25,40.46,18.46,15.97
1997-01-01,40.46,18.46,15.97
1997-01-08,40.46,17.96,15.97
1997-01-15,40.46,17.96,15.97
1997-01-22,40.46,17.46,15.97
1997-01-29,40.46,17.46,15.97
1997-02-05,40.46,17.46,15.97
1997-02-12,,16.42,14.47
1997-02-19,,16.42,14.92
1997-02-26,,16.42,14.92
1997-03-05,,17.46,14.92
1997-03-12,,17.46,14.92
1997-03-19,,17.46,14.92
1997-03-26,,17.46,14.92
1997-04-02,,17.46,14.92
1997-04-09,,17.46,14.92
1997-04-16,,17.46,14.92
1997-04-23,,17.46,14.92
1997-04-30,,16.96,14.92
1997-05-07,,16.96,14.92
1997-05-14,,16.96,14.92
1997-05-21,,16.96,14.92
1997-05-28,,16.96,14.92
1997-06-04,,16.96,14.92
1997-06-11,,15.47,14.97
1997-06-18,,15.47,14.97
1997-06-25,,15.47,14.97
1997-07-02,,15.47,14.47
1997-07-09,,15.47,14.47
1997-07-16,,16.47,14.19
1997-07-23,18.41,16.47,14.19
1997-07-30,18.41,16.47,14.19
1997-08-06,20.45,17.46,14.47
1997-08-13,20.45,17.46,14.47
1997-08-20,20.45,17.46,14.47
1997-08-27,20.45,17.46,13.97
1997-09-03,20.45,17.46,13.97
1997-09-10,20.45,17.46,13.97
1997-09-17,20.45,17.46,13.97
1997-09-24,20.45,17.46,13.97
1997-10-01,19.95,17.46,13.97
1997-10-08,19.95,17.46,13.97
1997-10-15,19.95,17.46,13.97
1997-10-22,19.95,17.46,13.97
1997-10-29,19.5,17.46,13.97
1997-11-05,18.46,16.46,14.24
1997-11-12,18.46,16.46,14.24
1997-11-19,18.46,16.46,14.24
1997-11-26,18.46,16.46,14.24
1997-12-03,18.46,16.46,14.56
1997-12-10,18.46,16.46,14.56
1997-12-17,18.46,16.46,14.56
1997-12-24,18.46,16.46,14.56
1997-12-31,18.46,16.46,14.56
1998-01-07,18.96,16.46,15.19
1998-01-14,18.96,16.46,15.65
1998-01-21,19.46,16.46,16.1
1998-01-28,19.46,16.46,16.1
1998-02-04,19.46,16.46,16.1
1998-02-11,19.46,16.46,16.45
1998-02-18,19.46,16.46,16.45
1998-02-25,19.95,17.01,16.45
1998-03-04,19.95,17.01,16.45
1998-03-11,20.45,17.01,16.92
1998-03-18,20.45,17.01,16.92
1998-03-25,20.45,17.01,16.92
1998-04-01,19.95,17.01,16.92
1998-04-08,19.95,17.01,16.92
1998-04-15,19.95,17.01,16.92
1998-04-22,19.95,17.01,16.92
1998-04-29,19.95,17.01,16.92
1998-05-06,19.95,17.01,16.92
1998-05-13,19.95,17.01,16.92
1998-05-20,19.95,17.46,17.46
1998-05-27,20.45,18.45,18.5
1998-06-03,20.45,18.45,18.5
1998-06-10,21.95,18.45,18.5
1998-06-17,21.95,18.45,18.5
1998-06-24,20.95,18.45,18.5
1998-07-01,20.95,18.45,18.5
1998-07-08,20.95,18.45,18.5
1998-07-15,19.95,16.92,16.42
1998-07-22,19.46,16.92,16.42
1998-07-29,19.46,16.92,16.42
1998-08-05,18.95,16.45,14.95
1998-08-12,18.95,16.45,14.95
1998-08-19,18.95,16.45,14.95
1998-08-26,18.95,16.45,14.95
1998-09-02,17.7,16.45,15.46
1998-09-09,17.7,16.45,15.46
1998-09-16,17.7,16.45,15.46
1998-09-23,17.7,16.45,16.46
1998-09-30,17.7,16.45,16.46
1998-10-07,17.7,16.45,16.46
1998-10-14,17.7,16.45,16.46
1998-10-21,17.7,16.96,17.46
1998-10-28,17.7,17.69,17.91
1998-11-04,17.7,17.69,17.91
1998-11-11,17.7,17.69,17.91
1998-11-18,17.7,17.69,17.91
1998-11-25,17.7,18.59,18.59
1998-12-02,17.7,18.59,18.59
1998-12-09,17.7,18.59,18.59
1998-12-16,17.7,18.59,18.59
1998-12-23,17.7,18.59,19.45
1998-12-30,17.7,18.59,19.45
1999-01-06,17.7,18.59,19.45
1999-01-13,17.7,18.59,19.45
1999-01-20,17.42,17.55,18.33
1999-01-27,17.38,17.7,18.5
1999-02-03,17.38,17.7,18.5
1999-02-10,16.67,17.25,18.07
1999-02-17,16.67,17.25,18.07
1999-02-24,16.67,16.79,17.17
1999-03-03,16.33,16.33,16.33
1999-03-10,16.33,15.42,15.42
1999-03-17,16.33,15.42,15.42
1999-03-24,16.33,15.42,15.42
1999-03-31,14.51,14.51,14.51
1999-04-07,14.51,14.51,14.51
1999-04-14,14.51,14.51,14.51
1999-04-21,14.51,14.51,14.51
1999-04-28,14.51,14.51,14.51
1999-05-05,13.61,13.61,13.61
1999-05-12,13.61,13.61,13.61
1999-05-19,15.31,13.61,13.81
1999-05-26,15.31,13.61,13.81
1999-06-02,15.31,13.61,13.81
1999-06-09,15.31,13.61,13.81
1999-06-16,15.31,13.61,16.51
1999-06-23,15.31,13.61,15.01
1999-06-30,15.31,13.61,15.01
1999-07-07,15.31,13.61,14.51
1999-07-14,15.15,14.7,14.75
1999-07-21,14.65,13.2,13.9
1999-07-28,13.87,13.2,13.87
1999-08-04,13.87,13.2,13.87
1999-08-11,12.56,11.81,11.81
1999-08-18,12.78,12.03,12.03
1999-08-25,12.78,12.03,12.03
1999-09-01,12.78,12.03,12.24
1999-09-08,12.78,12.03,12.24
1999-09-15,12.78,12.03,12.9
1999-09-22,12.81,12.43,13.15
1999-09-29,12.81,12.43,13.26
1999-10-06,12.81,12.43,13.26
1999-10-13,12.81,12.43,13.35
1999-10-20,12.81,12.43,13.35
1999-10-27,12.81,12.43,13.51
1999-11-03,12.81,12.64,13.51
1999-11-10,12.81,12.64,13.51
1999-11-17,12.81,12.64,13.51
1999-11-24,12.81,12.64,13.51
1999-12-01,11.74,12.03,13.26
1999-12-08,11.74,11.99,12.99
1999-12-15,11.74,11.99,12.99
1999-12-22,11.74,11.99,12.99
1999-12-29,11.74,11.99,12.99
2000-01-05,11.74,11.99,12.99
2000-01-12,11.74,11.99,12.99
2000-01-19,11.74,11.99,12.74
2000-01-26,11.74,11.99,12.74
2000-02-02,11.74,11.99,12.74
2000-02-09,11.74,11.99,12.53
2000-02-16,11.74,11.99,12.53
2000-02-23,11.74,11.99,12.53
2000-03-01,12.16,11.99,12.53
2000-03-08,11.76,11.51,11.81
2000-03-15,11.76,11.51,11.76
2000-03-22,12.34,11.51,11.76
2000-03-29,13.01,11.51,11.51
2000-04-05,13.01,11.51,11.51
2000-04-12,13.34,11.51,11.67
2000-04-19,13.34,11.51,11.67
2000-04-26,13.84,11.65,11.84
2000-05-03,14,11.76,11.92
2000-05-10,14.5,11.93,12.09
2000-05-17,14.5,11.67,11.76
2000-05-24,14.5,11.67,11.76
2000-05-31,14.67,11.67,11.76
2000-06-07,14.67,11.84,11.92
2000-06-14,14.67,11.84,11.92
2000-06-21,14.67,11.67,11.92
2000-06-28,14.67,11.67,11.84
2000-07-05,14.67,11.34,11.51
2000-07-12,14.67,11.34,11.51
2000-07-19,14.67,11.34,11.51
2000-07-26,14.34,10.9,10.9
2000-08-02,14.34,10.9,10.9
2000-08-09,14.34,10.57,10.57
2000-08-16,14.34,10.51,10.51
2000-08-23,14.34,9.69,9.84
2000-08-30,14.17,9.69,9.84
2000-09-06,14.17,10.06,10.34
2000-09-13,14.01,9.7,9.7
2000-09-20,14.01,9.7,9.7
2000-09-27,14.01,9.38,9.69
2000-10-04,14.17,9.38,9.69
2000-10-11,14.17,9.55,9.85
2000-10-18,14.67,9.7,10.01
2000-10-25,14.67,10.01,10.01
2000-11-01,14.67,10.34,10.34
2000-11-08,14.67,10.34,10.34
2000-11-15,14.63,10.36,10.36
2000-11-22,14.63,10.23,10.23
2000-11-29,14.63,10.36,10.23
2000-12-06,14.88,10.43,10.3
2000-12-13,15.25,10.43,10.3
2000-12-20,15.25,11.05,10.68
2000-12-27,,,
2001-01-03,15.25,11.06,10.68
2001-01-10,15.25,11.19,10.41
2001-01-17,15.44,11.19,10.41
2001-01-24,15.88,11.19,10.41
2001-01-31,15.88,11.26,10.49
2001-02-07,16.38,11.26,10.37
2001-02-14,17.13,11.26,10.31
2001-02-21,17.13,11.13,10.43
2001-02-28,17.13,11.13,10.51
2001-03-07,17.13,11.13,10.51
2001-03-14,17.13,11.27,10.38
2001-03-21,17.38,11.35,10.27
2001-03-28,18.01,11.46,10.27
2001-04-04,18.01,11.46,10.27
2001-04-11,18.01,11.46,10.27
2001-04-18,18,11.46,10.27
2001-04-25,18,11.46,10.27
2001-05-02,18.25,11.62,10.34
2001-05-09,18.25,11.62,10.34
2001-05-16,18.25,11.62,10.34
2001-05-23,18.25,11.62,10.34
2001-05-30,18.25,11.78,10.34
2001-06-06,18.75,11.78,10.34
2001-06-13,18.75,11.78,10.35
2001-06-20,19.25,12.11,10.35
2001-06-27,19.25,12.11,10.35
2001-07-04,19.38,12.11,10.35
2001-07-11,21.38,12.67,10.88
2001-07-18,21.38,12.67,10.88
2001-07-25,21.38,12.67,10.88
2001-08-01,22.5,12.76,11.16
2001-08-08,22.5,13.01,11.16
2001-08-15,22.63,13.64,11.78
2001-08-22,22,13.64,11.78
2001-08-29,21.38,13.89,11.66
2001-09-05,21.5,15.75,12.75
2001-09-12,23.53,15.84,13.18
2001-09-19,23.85,16.17,13.18
2001-09-26,24.21,16.17,13.18
2001-10-03,32.85,16.17,13.35
2001-10-10,35.18,17.17,13.84
2001-10-17,37.5,18.5,13.84
2001-10-24,43.83,23.5,14.33
2001-10-31,43.83,23.5,14.33
2001-11-07,44.17,23.5,14.33
2001-11-14,44.22,23.5,14.83
2001-11-21,44.22,23.67,14.83
2001-11-28,44.22,23.67,14.83
2001-12-05,44.22,23.5,14.83
2001-12-12,44.22,23.5,14.83
2001-12-19,46.17,23.83,14.83
2001-12-26,46.17,23.83,14.83
2002-01-02,46.17,23.83,14.83
2002-01-09,46.17,23.83,14.83
2002-01-16,48.5,23.83,14.83
2002-01-23,49.17,23.83,14.83
2002-01-30,50.17,23.83,15
2002-02-06,50.17,23.83,15
2002-02-13,50.17,23.83,15.17
2002-02-20,50.17,23.83,15.17
2002-02-27,50.17,23.83,15.17
2002-03-06,68.75,30.7,17.05
2002-03-13,59,30.7,18.05
2002-03-20,59,30.7,18.05
2002-03-27,59,24.4,17.55
2002-04-03,53.65,24.4,17.55
2002-04-10,53.65,24.4,17.55
2002-04-17,53.65,24.4,17.05
2002-04-24,59.5,24.4,17.05
2002-05-01,59.5,24.4,17.05
2002-05-08,59.5,18.05,17.05
2002-05-15,59.5,18.05,18.05
2002-05-22,59.5,18.05,18.05
2002-05-29,63.85,19,18.05
2002-06-05,63.85,19,18.05
2002-06-12,63.85,18.05,18.05
2002-06-19,63.85,18.55,17.55
2002-06-26,63.85,18.55,17.55
2002-07-03,63.85,18.55,17.55
2002-07-10,62.4,20,17.55
2002-07-17,62.4,20,17.55
2002-07-24,61.45,20,17.55
2002-07-31,61.45,20.95,17.55
2002-08-07,24.85,20.95,17.55
2002-08-14,24.85,20.95,18.05
2002-08-21,24.85,20.95,18.05
2002-08-28,24.85,20.95,18.05
2002-09-04,23.9,21.75,18.75
2002-09-11,29.03,21.75,18.75
2002-09-18,29.03,21.75,18.75
2002-09-25,29.25,21.75,18.75
2002-10-02,29.75,23.75,18.75
2002-10-09,31.7,23.75,18.75
2002-10-16,36.1,23.75,18.75
2002-10-23,39.5,29.75,19
2002-10-30,42.4,30.7,19.5
2002-11-06,42.4,32.65,20
2002-11-13,44.35,32.65,20
2002-11-20,44.35,32.65,20
2002-11-27,50.2,39.5,22.9
2002-12-04,50.2,39.5,22.9
2002-12-11,44.35,44.35,22.9
2002-12-18,44.35,44.35,22.9
2002-12-25,44.35,44.35,22.9
2002-12-31,,,
2003-01-01,,,
2003-01-08,24.4,44.35,22.9
2003-01-15,31.75,44.35,22.9
2003-01-22,39.5,42.4,20.95
2003-01-29,39,42.4,20.95
2003-02-05,39,42.4,20.95
2003-02-12,39,42.4,20.95
2003-02-19,34.6,41.45,20.95
2003-02-26,34.5,41.45,20.5
2003-03-05,34.5,41.45,20.5
2003-03-12,34.5,41.45,20.5
2003-03-19,28,34.6,20
2003-03-26,28,34.6,20
2003-04-02,26.8,29.75,20
2003-04-09,26.8,29.75,20
2003-04-16,26.8,29.75,20
2003-04-23,27.25,30.25,19.75
2003-04-30,26.25,30.25,18.75
2003-05-07,26.25,30.25,16.6
2003-05-14,21.75,25.25,17.25
2003-05-21,21.75,25.25,17.25
2003-05-28,21.75,23.25,17.75
2003-06-04,22.63,23.6,17.75
2003-06-11,22.63,23,17.75
2003-06-18,22,23,17.75
2003-06-25,21.75,19.5,15.6
2003-07-02,21.25,19.5,15.6
2003-07-09,21.25,20.25,17.25
2003-07-16,20.25,20.25,17.75
2003-07-23,20.25,20.25,17.75
2003-07-30,20.25,20.5,17.75
2003-08-06,20.25,20.5,17.75
2003-08-13,19.75,20.5,16.6
2003-08-20,20.25,20.67,18.25
2003-08-27,20.25,20.67,18.25
2003-09-03,20.25,20,18.25
2003-09-10,19.25,20.25,17.75
2003-09-17,19.25,20.25,18
2003-09-24,19.25,18.75,18
2003-10-01,19.25,18.75,18
2003-10-08,19.25,18.75,18
2003-10-15,19.25,18.75,18
2003-10-22,19.25,18.25,17.75
2003-10-29,18.25,17.55,17.75
2003-11-05,18.25,17.55,17.75
2003-11-12,18.25,17.55,17.75
2003-11-19,18.75,17.75,17.88
2003-11-26,17.55,17.55,17.88
2003-12-03,17.55,17.55,17.88
2003-12-10,17.25,17.25,17.88
2003-12-17,16.23,16.23,18.43
2003-12-24,16.23,16.23,18.43
2003-12-31,16.23,16.23,18.43
2004-01-01,16.23,16.23,18.43
2004-01-07,16.23,16.23,18.43
2004-01-14,16.23,16.23,19.17
2004-01-21,16.67,16.5,19.17
2004-01-28,16.67,16.5,19.17
2004-02-04,16.67,16.5,20.17
2004-02-11,16.67,16.5,20.17
2004-02-18,16.67,16.5,20.17
2004-02-25,16.67,16.5,20.17
2004-03-03,16.8,16.5,20.17
2004-03-10,16.8,16.5,20.17
2004-03-17,16.8,16.5,20.17
2004-03-24,16.8,16.5,20.17
2004-03-31,18.33,17.17,20.17
2004-04-07,18.33,17.17,20.17
2004-04-14,17.5,17.13,20.33
2004-04-21,17.5,17.13,20.33
2004-04-28,17.5,17.13,20.33
2004-05-05,18.33,17.17,20.17
2004-05-12,18.33,17.17,20.17
2004-05-19,18.17,17.17,20.17
2004-05-26,18.17,17.17,20.17
2004-06-02,18.17,17.17,20.17
2004-06-09,18.17,17.17,20.17
2004-06-16,17.83,17.17,20.17
2004-06-23,17.83,17.17,20.17
2004-06-30,17.28,17.17,20.17
2004-07-07,17.2,17.2,20.17
2004-07-14,15.83,16.83,20.17
2004-07-21,15.5,16.23,16.53
2004-07-28,15.5,16.23,16.53
2004-08-04,15.5,16.23,15.23
2004-08-11,14.83,15.73,14.27
2004-08-18,14.83,15.73,14.27
2004-08-25,14.83,15.73,14.33
2004-09-01,15.33,14.67,14.67
2004-09-08,15.33,14.67,14.67
2004-09-15,15.33,14.67,14.67
2004-09-22,14.83,14.83,15.17
2004-09-29,14.83,14.83,15.17
2004-10-06,14.83,14.83,15.17
2004-10-13,13.33,13.33,13.33
2004-10-20,13.33,13.33,13.33
2004-10-27,14,13.67,14.33
2004-11-03,13.88,13.63,14.13
2004-11-10,13.88,13.5,14.13
2004-11-17,13.88,13.5,14.13
2004-11-24,13.88,13.5,14.13
2004-12-01,13.38,13.5,13.63
2004-12-08,13.38,13.5,13.63
2004-12-15,13.38,13.25,13.38
2004-12-22,13.88,13.25,13.88
2004-12-29,13.88,13.25,13.88
2005-01-01,13.88,13.25,13.88
2005-01-05,13.88,13.25,13.88
2005-01-12,13.88,13.25,13.88
2005-01-19,12.13,13.25,13.88
2005-01-26,12.13,13.25,13.88
2005-02-02,11.63,13.25,13.38
2005-02-09,13.38,13.38,13.38
2005-02-16,13.63,13.5,13.33
2005-02-23,13.5,13.5,13.33
2005-03-02,13.5,13.5,13.33
2005-03-09,13.5,13.5,13.33
2005-03-16,14,13.88,13.33
2005-03-23,13.5,13.88,13.67
2005-03-30,13.5,13.88,13.67
2005-04-06,13.5,13.88,13.67
2005-04-13,13.63,13.88,13.5
2005-04-20,13.63,13.88,13.5
2005-04-27,13.63,13.88,13.38
2005-05-04,13.63,13.88,13.25
2005-05-11,13.63,13.88,13.25
2005-05-18,13.63,13.88,13.25
2005-05-25,13.63,13.88,13.25
2005-06-01,13.5,13.88,13.13
2005-06-08,13.63,13.5,12.88
2005-06-15,13.5,13.5,12.88
2005-06-22,13.5,13.5,12.88
2005-06-29,13.38,13.5,12.88
2005-07-06,13.38,13.5,12.88
2005-07-13,13.38,13.5,12.88
2005-07-20,13.13,12.88,12.13
2005-07-27,13,12.75,12.67
2005-08-03,13.33,13.17,13.27
2005-08-10,13,13.17,13.27
2005-08-17,13,13.17,13.27
2005-08-24,13,13.17,13.27
2005-08-31,13.27,13.27,13.27
2005-09-07,13.27,13.27,13.27
2005-09-14,13.27,13.27,13.27
2005-09-21,13.27,13.27,13.27
2005-09-28,13.27,13.27,13.27
2005-10-05,12.83,12.17,12.67
2005-10-12,12.83,12.17,12.67
2005-10-19,12.83,12.17,12.67
2005-10-26,12.83,12.17,12.67
2005-11-02,12.83,12.17,12.67
2005-11-09,12.83,12.17,12.67
2005-11-16,12.83,12.17,12.67
2005-11-23,12.83,12.17,12.67
2005-11-30,12.83,12.17,12.67
2005-12-07,12.35,11.83,12.17
2005-12-14,12.35,11.83,12.17
2005-12-21,12.35,11.83,12.17
2005-12-28,12.35,11.83,12.17
2006-01-04,12.35,11.83,12.17
2006-01-11,12.33,11.5,12
2006-01-18,12.33,11.5,12
2006-01-25,12.33,11.5,11.67
2006-02-01,12.33,11.83,11.67
2006-02-08,12.35,11.5,11.67
2006-02-15,12.35,11.5,11.67
2006-02-22,12.35,11.83,11.67
2006-03-01,12.35,11.83,11.67
2006-03-08,12.33,11.83,11.67
2006-03-15,12.33,11.83,11.67
2006-03-22,12.33,11.83,11.67
2006-03-29,12.33,11.83,11.67
2006-04-05,12.33,11.83,11.67
2006-04-12,12.33,11.83,11.67
2006-04-19,12.35,11.83,11.67
2006-04-26,12.35,12.35,11.67
2006-05-03,12.35,12.35,11.67
2006-05-10,12.35,12.35,11.67
2006-05-17,12.35,12.35,11.67
2006-05-24,12.35,12.35,11.67
2006-05-31,12.35,12.35,11.67
2006-06-07,12.17,12.17,9.88
2006-06-14,12.17,11.5,9.67
2006-06-21,12.17,11.5,9.67
2006-06-28,12.17,11.5,10.17
2006-07-05,12.17,11.5,10.17
2006-07-12,12.17,11.5,10.17
2006-07-19,12.17,11.5,10.17
2006-07-26,12.17,11.5,10.17
2006-08-02,13.17,12,10.67
2006-08-09,13.17,12,10.67
2006-08-16,13.17,12,10.67
2006-08-23,13.17,12,10.67
2006-08-30,13.17,12,10.67
2006-09-06,13.17,12,10.67
2006-09-13,13.67,12.5,10.67
2006-09-20,13.67,12.5,10.67
2006-09-27,13.67,12.5,10.67
2006-10-04,14.67,14,11.17
2006-10-11,15.17,14,11.17
2006-10-18,15.17,14,11.17
2006-10-25,15.17,14,11.17
2006-11-01,15.17,14,11.17
2006-11-08,16.17,15.5,10.67
2006-11-15,16.17,15.5,10.67
2006-11-22,16.17,15.5,10.67
2006-11-29,20.17,16.5,10.67
2006-12-06,20.17,16.5,10.67
2006-12-13,20.17,16.5,14.17
2006-12-20,20.17,16.5,14.17
2006-12-27,20.17,16.5,14.17
2007-01-03,20.17,16.5,14.17
2007-01-10,20.17,16.5,14.17
2007-01-17,22.17,16.5,14.17
2007-01-24,22.17,16.5,14.17
2007-01-31,20.17,18,15.17
2007-02-07,20.17,17,13.67
2007-02-14,20.17,16,12.67
2007-02-21,20.17,16,12.67
2007-02-28,22.17,17.5,15.67
2007-03-07,22.17,17.5,15.67
2007-03-14,22.17,17.5,15.67
2007-03-21,22.17,17.5,15.67
2007-03-28,22.17,17.5,15.67
2007-04-04,22.17,17.5,15.67
2007-04-11,22.17,17.5,15.67
2007-04-18,22.67,17.5,15.67
2007-04-25,22.17,19.5,16.17
2007-05-02,22.17,19.5,16.17
2007-05-09,22.17,19.5,16.17
2007-05-16,22.17,19.5,16.17
2007-05-23,22.17,19.5,16.17
2007-05-30,22.17,19.5,16.17
2007-06-06,24.17,19.5,16.17
2007-06-13,24.17,19.5,16.17
2007-06-20,24.17,19.5,16.17
2007-06-27,24.17,19.5,16.17
2007-07-04,24.17,19.5,16.17
2007-07-11,24.17,19.5,16.17
2007-07-18,24.17,19.5,16.17
2007-07-25,24.17,19.5,16.17
2007-08-01,24.17,19.5,16.17
2007-08-08,24.17,19.5,16.17
2007-08-15,24.17,19.5,15.8
2007-08-22,24.17,19.5,15.8
2007-08-29,27.17,20.83,15.8
2007-09-05,27.17,20.83,16.83
2007-09-12,27.17,20.83,16.83
2007-09-19,27.17,20.83,16.83
2007-09-26,36.17,21.5,16.83
2007-10-03,36.17,26.17,18.17
2007-10-10,49.67,29.67,24.67
2007-10-17,49.67,31.67,24.67
2007-10-24,49.67,31.67,24.67
2007-10-31,49.67,31.67,24.67
2007-11-07,49.67,31.67,24.67
2007-11-14,49.67,31.67,24.67
2007-11-21,50.17,31.67,24.67
2007-11-28,50.17,31.67,24.67
2007-12-05,49.67,35.17,24.67
2007-12-12,49.67,35.17,24.67
2007-12-19,49.67,35.17,24.67
2007-12-26,49.67,35.17,24.67
2008-01-02,49.67,35.17,24.67
2008-01-09,49.67,35.17,24.67
2008-01-16,50.17,37.67,24.67
2008-01-23,50.17,37.67,24.67
2008-01-30,52.17,40.17,24.67
2008-02-06,52.17,40.17,24.17
2008-02-13,52.17,42.17,28.17
2008-02-20,52.17,42.17,28.17
2008-02-27,52.17,42.17,28.17
2008-03-05,55.17,44.17,30.17
2008-03-12,55.17,44.17,30.17
2008-03-19,55.17,44.17,30.17
2008-03-26,52.17,40.17,30.17
2008-04-02,52.17,40.17,30.17
2008-04-09,52.17,40.17,30.17
2008-04-16,52.17,40.17,30.17
2008-04-23,52.17,40.17,30.17
2008-04-30,60.17,42.17,38.17
2008-05-07,60.17,42.17,38.17
2008-05-14,64.67,42.17,39.67
2008-05-21,64,41.5,39
2008-05-28,64,41.5,39
2008-06-04,64,41.75,39.75
2008-06-11,64,41.75,39.75
2008-06-18,63.75,41.75,44.75
2008-06-25,63.75,41.75,44.75
2008-07-02,63.75,41.75,44.75
2008-07-09,49.75,39.5,29.75
2008-07-16,49.75,39.5,29.75
2008-07-23,49.75,44.75,29.75
2008-07-30,49.75,44.75,29.75
2008-08-06,,,41.75
2008-08-13,,,41.5
2008-08-20,,,41.5
2008-08-27,49.5,44.5,41.5
2008-09-03,48.5,44.5,41.5
2008-09-10,49.5,44.5,41.5
2008-09-17,49.5,44.5,41.5
2008-09-24,49.5,44.5,41.5
2008-10-01,49.5,41.75,37.75
2008-10-08,49.5,41.75,37.75
2008-10-15,49.5,39.5,41.5
2008-10-22,49.5,29,41.5
2008-10-29,49.5,29,41.5
2008-11-05,44.75,29.75,34.75
2008-11-12,39.75,29.75,34.75
2008-11-19,39.75,29.75,34.75
2008-11-26,39.75,34.75,37
2008-12-03,46.75,33.75,34.75
2008-12-10,44.75,31.75,37.75
2008-12-17,39.75,27.25,35.75
2008-12-24,39.75,27.25,35.75
2008-12-31,39.75,27.25,35.75
2009-01-07,39.75,27.25,35.75
2009-01-14,43.75,30.25,40.75
2009-01-21,42.75,27.25,39.75
2009-01-28,39.75,29.25,37.75
2009-02-04,39.75,29.25,37.75
2009-02-11,39.75,29.25,37.75
2009-02-18,37.75,27.75,37.75
2009-02-25,37.75,27.75,37.75
2009-03-04,34.76,26.42,40
2009-03-11,34.76,26.42,40
2009-03-18,34.76,25.75,40
2009-03-25,35.76,26.5,39.69
2009-04-01,35.76,26.5,39.69
2009-04-08,35.75,24.5,39.69
2009-04-15,35.75,24.5,39.69
2009-04-22,35,24.5,39.69
2009-04-29,35,24.5,36.33
2009-05-06,38,24.5,39.69
2009-05-13,36.81,24.5,39.69
2009-05-20,36.81,24.5,39.69
2009-05-27,36.81,24.5,39.69
2009-06-03,37.44,25.63,39.69
2009-06-10,37.44,25.63,39.69
2009-06-17,37.44,25.63,39.69
2009-06-24,37.44,26.63,36.81
2009-07-01,37,25.92,36.17
2009-07-08,37,25.92,36.17
2009-07-15,37,26.58,35.83
2009-07-22,37,26.58,35.83
2009-07-29,37,27.25,35.17
2009-08-05,37,27.25,35.17
2009-08-12,34,26.58,34.5
2009-08-19,39,26,27.25
2009-08-26,37.75,25.75,25.58
2009-09-02,34.75,27.75,31.75
2009-09-09,,,
2009-09-16,,,
2009-09-23,14.38,20.75,
2009-09-30,14.38,20.75,
2009-10-07,24.42,20.75,18.93
2009-10-14,28.77,21.4,20.4
2009-10-21,24.75,17.75,19.75
2009-10-28,14.75,14.75,14.75
2009-11-04,14.75,14.75,14.75
2009-11-11,14.75,14.75,14.75
2009-11-18,24.75,19.75,23.5
2009-11-25,24.75,19.75,24.75
2009-12-02,24.75,21,24.75
2009-12-09,24.75,21,24.75
2009-12-16,21.08,20.75,21.87
2009-12-23,21.08,20.75,21.87
2009-12-30,24.75,20.75,22.75
2010-01-06,24.75,20.75,22.75
2010-01-13,24.75,20.75,20.73
2010-01-20,24.75,20.75,22.75
2010-01-27,25.75,19.75,20.9
2010-02-03,25.75,20.75,21.25
2010-02-10,25.33,17.93,16.97
2010-02-17,25.33,17.93,16.97
2010-02-24,25.33,17.93,16.97
2010-03-03,25.33,17.93,16.97
2010-03-10,21.75,14.75,13.03
2010-03-17,21.75,14.75,13.03
2010-03-24,21.75,15.75,14
2010-03-31,21.75,15.75,16.97
2010-04-07,21.75,15.75,16.97
2010-04-14,21.75,16.75,16.97
2010-04-21,21.75,16.75,16.97
2010-04-28,21.75,16.75,16.97
2010-05-05,21.75,16.75,16.97
2010-05-12,21.75,16.75,16.97
2010-05-19,21.75,16.75,16.97
2010-05-26,21.56,16.81,18.17
2010-06-02,21.31,16,18.18
2010-06-09,21.56,14.88,18.17
2010-06-16,21.56,17.06,18.17
2010-06-23,21.75,16.75,16.97
2010-06-30,21.75,16.75,16.97
2010-07-07,21.75,16.75,16.97
2010-07-14,21.75,16.75,16.97
2010-07-21,21.75,16.75,16.97
2010-07-28,21.75,16.75,16.97
2010-08-04,21.75,16.75,16.97
2010-08-11,21.75,16.75,19.75
2010-08-18,22.75,18.25,19.75
2010-08-25,22.75,18.25,19.75
2010-09-01,22,16.75,19.75
2010-09-08,22.75,17.75,19.75
2010-09-15,22,17,19.75
2010-09-22,22.25,17.25,19.75
2010-09-29,22.25,17.25,19.75
2010-10-06,22.75,17.63,19.75
2010-10-13,22.75,17.63,19.75
2010-10-20,23.75,18.75,20.75
2010-10-27,22.75,18.75,19.75
2010-11-03,22.75,18.5,19.75
2010-11-10,22.25,19.25,20.75
2010-11-17,22.25,19.25,20.75
2010-11-24,22.75,20,20.75
2010-12-01,22.75,19.38,20.75
2010-12-08,22.75,19.38,20.75
2010-12-15,22.75,19.38,19.08
2010-12-22,22.75,19.38,19.08
2010-12-29,22.75,19.38,19.08
2011-01-05,22.75,19.38,19.08
2011-01-12,22.75,19.38,19.08
2011-01-19,23.75,18.75,18.08
2011-01-26,24.25,19.5,23.25
2011-02-02,27,20,24.5
2011-02-09,27.5,20.5,24.5
2011-02-16,27.5,21.5,25
2011-02-23,27.5,21.5,25
2011-03-02,27.5,21.5,25
2011-03-09,29,21.5,25
2011-03-16,27.25,24.63,25
2011-03-23,31,27.25,25
2011-03-30,31,27.25,25
2011-04-06,31,27.25,25
2011-04-13,31,26,25
2011-04-20,31,25,25
2011-04-27,31,27.25,21.68
2011-05-04,32.5,27.13,25.75
2011-05-11,33,27,26.5
2011-05-18,33,27,25
2011-05-25,33,27.5,25
2011-06-01,33,29,24.5
2011-06-08,24.15,28.39,18.25
2011-06-15,26.13,30.23,18.68
2011-06-22,26.13,30.23,18.68
2011-06-29,26.38,31.23,18.05
2011-07-06,26.6,31.08,20.7
2011-07-13,26.6,31.08,20.7
2011-07-20,26.6,31.08,20.7
2011-07-27,26.6,31.08,20.7
2011-08-03,26.6,31.08,20.7
2011-08-10,26.35,30.36,
2011-08-17,,30.36,26.37
2011-08-24,26.35,30.36,
2011-08-31,,30.36,
2011-09-07,25.88,31.42,19.73
2011-09-14,25.88,31.42,19.73
2011-09-21,35.03,31.42,
2011-09-28,35.25,32.08,
2011-10-05,35.17,31.08,27.3
2011-10-12,35.17,31.08,27.3
2011-10-19,35.25,31.08,27.3
2011-10-26,35.17,31.08,27.3
2011-11-02,35.17,31.08,27.3
2011-11-09,35.17,31.08,27.3
2011-11-16,35.17,31.08,27.3
2011-11-23,35.17,31.08,27.3
2011-11-30,36.25,31.42,25.25
2011-12-07,36.25,31.42,25.25
2011-12-14,36.25,31.42,25.25
2011-12-21,36.25,31.42,25.25
2011-12-28,36.75,31.42,26.75
2012-01-04,36.75,31.42,26.75
2012-01-11,36.75,31.42,26.75
2012-01-18,36.75,31.42,26.75
2012-01-25,35.17,31.08,23.37
2012-02-01,35.17,31.08,23.37
2012-02-08,35.17,31.42,23.37
2012-02-15,35.17,31.42,23.37
2012-02-22,35.17,31.42,23.37
2012-02-29,35.25,30.08,24.33
2012-03-07,35.25,30.08,24.25
2012-03-14,35.25,29.42,24.25
2012-03-21,35.25,29.42,24.25
2012-03-28,35.25,29.42,24.25
2012-04-04,35.25,29.42,24.25
2012-04-11,35.25,29.42,24.25
2012-04-18,35.25,29.42,24.25
2012-04-25,35.25,29.42,24.25
2012-05-02,36.13,31.36,26.3
2012-05-09,36.13,31.36,26.3
2012-05-16,37.25,31.08,26.25
2012-05-23,37.25,31.42,26.75
2012-05-30,37.25,31.42,26.75
2012-06-06,37.25,31.42,26.75
2012-06-13,37.25,31.42,26.57
2012-06-20,37.25,31.42,26.75
2012-06-27,37.25,31.42,26.75
2012-07-04,35.83,31.08,25.75
2012-07-11,35.83,31.08,25.75
2012-07-18,35.83,31.08,25.75
2012-07-25,35.83,31.08,25.75
2012-08-01,35.83,31.08,25.7
2012-08-08,35.83,35.83,25.75
2012-08-15,35.75,31.23,25.75
2012-08-22,35.75,31.23,25.75
2012-08-29,35.25,30.23,24.13
2012-09-05,35.25,30.23,24.13
2012-09-12,35.25,30.36,24.33
2012-09-19,36.25,31.08,24.33
2012-09-26,36.25,31.08,24.33
2012-10-03,36.25,31.08,24.33
2012-10-10,36.25,31.08,24.33
2012-10-17,36.13,31.36,
2012-10-24,36.13,31.36,
2012-10-31,36.13,31.36,
2012-11-07,38.88,32.83,26.3
2012-11-14,38.88,32.83,26.08
2012-11-21,39.75,34.08,26.3
2012-11-28,39.75,34.08,26.3
2012-12-05,40.25,34.08,27.3
2012-12-12,40.25,34.08,27.3
2012-12-19,40.25,34.08,27.3
2012-12-26,40.25,35.42,27.3
2013-01-02,40.25,35.42,27.3
2013-01-09,40.25,34.75,27.3
2013-01-16,40.25,35.42,27.3
2013-01-23,40.25,35.42,27.3
2013-01-30,40.07,35.42,27.3
2013-02-06,40.07,35.42,27.3
2013-02-13,40.07,35.42,28.27
2013-02-20,40.07,35.42,28.27
2013-02-27,40.07,35.42,28.25
2013-03-06,40.07,35.42,28.25
2013-03-13,40.07,35.42,30.23
2013-03-20,40.07,35.42,30.23
2013-03-27,40.07,35.42,30.23
2013-04-03,40.07,35.42,28.03
2013-04-10,40.07,35.42,30.25
2013-04-17,40.07,35.42,30.25
2013-04-24,40.07,35.42,30.23
2013-05-01,40.07,35.42,28.27
2013-05-08,40.07,35.42,28.27
2013-05-15,40.07,35.42,28.27
2013-05-22,40.07,35.42,28.27
2013-05-29,40.07,35.42,30.23
2013-06-05,39.75,36.42,30.23
2013-06-12,39.75,36.42,30.23
2013-06-19,39.75,36.42,30.23
2013-06-26,39.75,36.75,30.23
2013-07-03,39.75,33.75,30.23
2013-07-10,39.75,36.75,30.23
2013-07-17,39.75,36.42,30.23
2013-07-24,39.75,36.42,30.23
2013-07-31,39.75,36.42,29.27
2013-08-07,39.75,36.42,29.27
2013-08-14,40.38,36.75,29.27
2013-08-21,38.25,36.42,28.27
2013-08-28,38.25,36.42,28.27
2013-09-04,38.25,36.42,28.27
2013-09-11,38.25,36.42,28.27
2013-09-18,37.75,35.75,28.27
2013-09-25,37.75,35.75,28.27
2013-10-02,37.75,35.75,28.27
2013-10-09,38.25,36.42,28.27
2013-10-16,38.25,36.42,28.27
2013-10-23,38.25,36.42,28.27
2013-10-30,38.25,36.42,28.27
2013-11-06,38.25,36.42,28.27
2013-11-13,38.25,36.42,28.27
2013-11-20,38.25,36.42,28.27
2013-11-27,38.25,36.42,28.03
2013-12-04,38.25,36.42,28.03
2013-12-11,38.25,36.42,28.03
2013-12-18,38.25,36.42,28.03
2013-12-25,36.75,35.17,28.03
2014-01-01,36.75,35.17,28.03
2014-01-08,36.25,35.31,28.27
2014-01-15,35.17,34.31,28.27
2014-01-22,35.17,34.31,28.27
2014-01-29,35.17,34.31,28.27
2014-02-05,35.17,34.31,28.27
2014-02-12,35.17,34.31,28.27
2014-02-19,35.17,34.31,28.27
2014-02-26,35.25,33.34,25.33
2014-03-05,35.35,33.34,25.33
2014-03-12,35.25,33.34,25.33
2014-03-19,35.25,33.34,25.33
2014-03-26,35.17,33.34,25.33
2014-04-02,35.88,33.58,25.57
2014-04-09,35.88,33.58,25.57
2014-04-16,35.88,33.58,27.53
2014-04-23,35.88,33.58,27.53
2014-04-30,37.38,33.34,28.27
2014-05-07,37.38,33.34,28.27
2014-05-14,37.38,33.34,28.27
2014-05-21,37.38,33.34,28.27
2014-05-28,37.38,33.34,28.27
2014-06-04,37.37,34.58,28.53
2014-06-11,37.37,34.58,28.53
2014-06-18,37.37,34.58,28.53
2014-06-25,38.5,34.58,29.5
2014-07-02,38.5,34.58,29.5
2014-07-09,38.5,34.58,29.5
2014-07-16,39,34.58,29.5
2014-07-23,39,33.58,29.5
2014-07-30,39,33.58,29.5
2014-08-06,39.38,33.58,30.5
2014-08-13,39.38,33.58,30.5
2014-08-20,38.5,33.58,30.5
2014-08-27,38.5,33.58,30.5
2014-09-03,38.5,33.58,30.5
2014-09-10,32.47,30.63,30.5
2014-09-17,32.47,28.65,30.5
2014-09-24,31.47,28.65,30.5
2014-10-01,31.47,28.65,30.63
2014-10-08,31.47,26.68,30.63
2014-10-15,31.47,26.68,30.63
2014-10-22,31.47,26.68,30.63
2014-10-29,31.47,26.68,30.63
2014-11-05,31.47,26.68,30.63
2014-11-12,31.47,26.68,30.63
2014-11-19,31.47,26.68,30.63
2014-11-26,31.47,26.68,30.63
2014-12-03,31.47,26.68,30.63
2014-12-10,32.47,25.68,31.6
2014-12-17,32.47,25.68,31.6
2014-12-24,32.47,24.7,30.63
2014-12-31,32.47,24.7,30.63
2015-01-07,32.47,24.7,30.63
2015-01-14,32.47,24.7,30.63
2015-01-21,32.47,24.7,30.63
2015-01-28,32.47,24.7,30.63
2015-02-04,32.47,24.7,30.63
2015-02-11,34.25,25.17,30.63
2015-02-18,34.25,25.17,30.63
2015-02-25,34.25,25.17,30.63
2015-03-04,34.25,23.67,32
2015-03-11,34.25,23.67,32
2015-03-18,34.25,23.67,32
2015-03-25,34.25,22.73,33.58
2015-04-01,34.75,23.7,33.58
2015-04-08,34.75,23.7,33.58
2015-04-15,34.75,23.7,33.58
2015-04-22,35.75,25.68,34.58
2015-04-29,35.75,25.68,35.55
2015-05-06,35.75,25.68,35.55
2015-05-13,35.75,25.68,35.55
2015-05-20,36.25,26.68,35.55
2015-05-27,36.25,26.68,35.55
2015-06-03,36.25,26.68,35.55
2015-06-10,36.75,26.68,38.53
2015-06-17,36.75,26.68,38.53
2015-06-24,36.75,26.68,38.53
2015-07-01,36.75,26.68,38.53
2015-07-08,40.33,30.63,38.53
2015-07-15,40.33,30.63,38.53
2015-07-22,40.33,31.6,38.53
2015-07-29,40.33,31.6,38.53
2015-08-05,40.33,31.6,38.53
2015-08-12,40.33,31.6,38.53
2015-08-19,44.27,31.6,35.55
2015-08-26,44.27,31.6,35.55
2015-09-02,45.5,31.67,35.55
2015-09-09,45.5,31.67,35.55
2015-09-16,45.5,31.67,35.55
2015-09-23,45.5,31.67,35.55
2015-09-30,44.5,30.67,42
2015-10-07,44.5,30.67,42
2015-10-14,44.5,30.67,42
2015-10-21,44.5,30.67,42
2015-10-28,44.5,30.67,42
2015-11-04,44.5,30.67,42
2015-11-11,44.5,30.67,42
2015-11-18,44.5,30.67,42
2015-11-25,51,34.67,47.33
2015-12-02,51,34.67,47.33
2015-12-09,51,34.67,47.33
2015-12-16,53,34.67,47.67
2015-12-23,53,34.67,47.67
2015-12-30,53,34.67,47.67
2016-01-06,53,34.67,47.67
2016-01-13,53,34.67,47.67
2016-01-20,54.5,35.33,52.13
2016-01-27,54.5,35.33,52.13
2016-02-03,55,35.33,52.13
2016-02-10,55,35.33,52.13
2016-02-17,55,35.33,52.13
2016-02-24,55,35.33,52.13
2016-03-02,55,35.33,54.1
2016-03-09,57.55,34.43,54.1
2016-03-16,54.6,36.4,54.1
2016-03-23,54.6,36.4,54.1
2016-03-30,54.6,36.4,54.1
2016-04-06,54.6,36.4,54.1
2016-04-13,54.6,36.4,54.1
2016-04-20,44.85,35.4,52.13
2016-04-27,44.85,34.43,50.17
2016-05-04,44.85,35.33,50.17
2016-05-11,44.85,35.33,50.17
2016-05-18,44.85,34.67,48.2
2016-05-25,44.85,34.67,48.2
2016-06-01,44.85,34.67,48.2
2016-06-08,43.9,34.33,46.23
2016-06-15,40,34.33,45.23
2016-06-22,43.9,34.33,42.3
2016-06-29,43.9,34.33,42.3
2016-07-06,43.9,34.33,42.3
2016-07-13,44.85,33.67,38.37
2016-07-20,44.85,33.67,38.37
2016-07-27,44.85,33.67,38.37
2016-08-03,35.5,33.67,33.67
2016-08-10,34.15,33.67,30.5
2016-08-17,34.15,33.67,30.5
2016-08-24,34,32.33,30.5
2016-08-31,34,32.22,30.5
2016-09-07,30.25,32.33,28.53
2016-09-14,30.25,30.5,28.53
2016-09-21,28.3,30.5,25.57
2016-09-28,28.3,28.92,25.57
2016-10-05,28.3,28.92,25.57
2016-10-12,27.3,28.53,29
2016-10-19,28.3,28.53,29.67
2016-10-26,28.3,28.53,29.67
2016-11-02,28.3,29.67,29
2016-11-09,28.5,31.67,28.33
2016-11-16,27.3,30.5,28.33
2016-11-23,28.3,30.5,28.33
2016-11-30,28.3,30.5,28.33
2016-12-07,28.3,30.5,28.53
2016-12-14,30,31.67,29.67
2016-12-21,30.25,32.47,30.5
2016-12-28,30.25,32.47,30.5
2017-01-04,30.25,33.33,30.5
2017-01-11,30.25,33.33,30.5
2017-01-18,28.3,33.33,28.53
2017-01-25,28.3,33.33,28.53
2017-02-01,28.3,33.33,28.53
2017-02-08,28.3,33.33,28.53
2017-02-15,28.3,33.33,28.53
2017-02-22,28.3,33.33,28.53
2017-03-01,28.3,33.33,28.53
2017-03-08,28.3,33.33,28.53
2017-03-15,28.3,33.33,28.53
2017-03-22,28.3,33.67,28.53
2017-03-29,28.3,33.67,28.53
2017-04-05,28.3,33.67,28.53
2017-04-12,30.25,34.43,29.5
2017-04-19,30.25,34.43,29.5
2017-04-26,30.25,34.43,29.5
2017-05-03,30.25,34.43,29.5
2017-05-10,30.25,34.43,29.5
2017-05-17,31.2,34.43,29.5
2017-05-24,29.5,34.43,28.33
2017-05-31,29.5,34.43,28.53
2017-06-07,30.25,35.33,29.67
2017-06-14,30.25,35.33,29.67
2017-06-21,30.25,35.33,29.67
2017-06-28,30.25,36.33,30.5
2017-07-05,31.2,36.55,30.5
2017-07-12,31.2,36.55,29.67
2017-07-19,31.5,36.55,29.67
2017-07-26,32,37.33,29.67
2017-08-02,32,36.88,30.88
2017-08-09,32,36.88,30.88
2017-08-16,34.5,36.38,32.88
2017-08-23,35.5,36.38,33.5
2017-08-30,35.1,36.88,33.5
2017-09-06,35.1,36.88,33.5
2017-09-13,35.1,36.5,34.25
2017-09-20,37.05,38.33,33.5
2017-09-27,37,39.33,33.5
2017-10-04,37.5,39.33,33.5
2017-10-11,37.5,39.33,33.5
2017-10-18,37.5,39.33,33.5
2017-10-25,37.5,39.33,33.5
2017-11-01,39,39.33,32.6
2017-11-08,42.8,37.33,32.6
2017-11-15,42,41,32.6
2017-11-22,42,41,32.6
2017-11-29,40,40.33,32.6
2017-12-06,40,42.17,32.6
2017-12-13,40,42.17,32.6
2017-12-20,42,44,33.25
2017-12-27,42,45.25,33.25
2018-01-03,42,45.25,33.25
2018-01-10,41.95,44.25,32.6
2018-01-17,41.95,44.25,32.6
2018-01-24,40,45.33,32.6
2018-01-31,40,44,30.75
2018-02-07,37,44,30.75
2018-02-14,36.33,44,30.75
2018-02-21,33.5,42.63,28.33
2018-02-28,33.5,42.63,28.33
2018-03-07,34,40.38,28.5
2018-03-14,34,40.38,28.5
2018-03-21,34,40.38,28.5
2018-03-28,34,40.38,28.5
2018-04-04,34,39.5,28.65
2018-04-11,34,39.5,28.65
2018-04-18,34,39.25,28.25
2018-04-25,34,39.25,28.25
2018-05-02,34,39.25,28.25
2018-05-09,34,36.55,28.25
2018-05-16,34,36.55,28.25
2018-05-23,34,36.55,28.25
2018-05-30,34,36.55,28.25
2018-06-06,33.15,36.55,28.13
2018-06-13,33.15,36.55,28.13
2018-06-20,34.15,30.63,27.65
2018-06-27,34.15,30.63,27.65
2018-07-04,34.15,30.63,27.65
2018-07-11,32.2,30.63,26.68
2018-07-18,32.2,30.63,26.68
2018-07-25,32.2,30.63,26.68
2018-08-01,34.15,30.63,26.68
2018-08-08,34.15,32.6,26.68
2018-08-15,34.15,32.6,27.65
2018-08-22,34.15,32.6,27.65
2018-08-29,34.15,32.6,28.65
2018-09-05,34.15,32.6,28.65
2018-09-12,34.5,31.13,28.25
2018-09-19,34.5,31.13,28.65
2018-09-26,34.43,30.63,27.65
2018-10-03,34.15,30.63,27.65
2018-10-10,34.15,23.38,27.65
2018-10-17,33.65,31.1,27.15
2018-10-24,33.65,31.1,27.15
2018-10-31,34.25,31.1,27.15
2018-11-07,34.5,30.13,27.63
2018-11-14,34.15,30.63,28.13
2018-11-21,33.15,28.65,27.15
2018-11-28,33.15,28.65,27.15
2018-12-05,34.15,28.65,25.68
2018-12-12,34.15,28.65,25.68
2018-12-19,35.5,29.5,25.25
2018-12-26,35.5,29.5,25.25
2019-01-02,35.5,29.5,25.25
2019-01-09,34.15,30.63,24.7
2019-01-16,35.5,30.25,25.25
2019-01-23,35.5,30.25,25.25
2019-01-30,35.5,30.25,25.25
2019-02-06,35.5,30.25,25.25
2019-02-13,35.5,30.25,24.5
2019-02-20,35.5,30.25,24.5
2019-02-27,35.1,30.25,24.25
2019-03-06,35.1,30.25,24.25
2019-03-13,35.1,30.25,24.5
2019-03-20,35.1,30.25,24.5
2019-03-27,35.1,30.25,24.5
2019-04-03,35.5,29.5,24.25
2019-04-10,35.5,29.5,23.25
2019-04-17,34.15,29.5,22.73
2019-04-24,34.15,29.5,22.73
2019-05-01,34.15,29.5,22.73
2019-05-08,34.15,29.5,22.73
2019-05-15,35.1,30.25,23.7
2019-05-22,35.1,30.25,23.7
2019-05-29,34.15,30.63,23.7
2019-06-05,34.15,30.63,24.7
2019-06-12,34.15,30.63,25.68
2019-06-19,35.1,30.63,25.68
2019-06-26,35.1,30.63,25.68
2019-07-03,35.1,30.63,25.68
2019-07-10,35.5,29.5,25.25
2019-07-17,35.5,29.5,25.25
2019-07-24,35.4,29.6,23.7
2019-07-31,35.67,29.6,23.83
2019-08-07,35.67,29.6,23.83
2019-08-14,36,30,23.25
2019-08-21,36,30,23.4
2019-08-28,36,30,23.4
2019-09-04,36.33,30,23.75
2019-09-11,36.33,30,23.75
2019-09-18,36.33,30,23.75
2019-09-25,36.33,30.2,23.75
2019-10-02,36.33,29.4,23.75
2019-10-09,36.33,29.4,24.1
2019-10-16,36.5,30.1,24.1
2019-10-23,36.88,30.38,24.63
2019-10-30,37.67,30.38,24.4
2019-11-06,37.37,30.83,24.6
2019-11-13,37.37,30.38,24.6
2019-11-20,37.67,30.2,24.8
2019-11-27,38.67,30.08,24.4
2019-12-04,38.75,30.08,24.67
2019-12-11,39,30,24.75
2019-12-18,39,30.1,24.8
2019-12-25,40.33,29.5,24.8
2020-01-01,40.33,29.5,24.8
2020-01-08,40.33,29.5,24.8
2020-01-15,40.33,29.5,24.8
2020-01-22,40.33,29.5,24.8
2020-01-29,40.5,29.5,24.8
2020-02-05,40.5,29.5,24.83
2020-02-12,39.5,28.2,24.83
2020-02-19,38.33,28.2,25.2
2020-02-26,39.5,27.4,25.75
2020-03-04,39.5,27.4,25.75
2020-03-11,38.5,27.33,25.2
2020-03-18,38.5,27.33,25.2
2020-03-25,38.5,27.2,25.4
2020-04-01,38.5,27.2,25.4
2020-04-08,38.5,27.75,25.4
2020-04-15,38.5,28,26
2020-04-22,38.33,28.17,27
2020-04-29,38.33,28.2,28
2020-05-06,38,28.2,28
2020-05-13,38,28.2,27.8
2020-05-20,38,28.2,27.5
2020-05-27,38,28.75,27.5
2020-06-03,38,28.25,27
2020-06-10,,28.25,26.5
2020-06-17,37.33,28.25,26.5
2020-06-24,38,28.25,26.25
2020-07-01,38,28.75,26.25
2020-07-08,38.67,30,26.25
2020-07-15,38.67,30.67,26.67
2020-07-22,40,30.63,26
2020-07-29,40.5,31,26.75
2020-08-05,40,31,27
2020-08-12,40,31,27
2020-08-19,40.33,31.25,26.67
2020-08-26,40.4,30.63,26
2020-09-02,40.4,30.5,26
2020-09-09,40.4,30.5,26
2020-09-16,40.5,30.5,27.53
2020-09-23,40.5,30.75,26.9
2020-09-30,40.5,30.75,27.3
2020-10-07,40.5,30.75,26.9
2020-10-14,40.5,30.6,26.8
2020-10-21,40.5,30.6,26.8
2020-10-28,40.5,30.63,27.2
2020-11-04,40.5,30.63,27.2
2020-11-11,40.5,30.63,27
2020-11-18,40.5,30.63,27
2020-11-25,39.5,31.4,27.2
2020-12-02,39.5,31.5,27.2
2020-12-09,40.5,32.25,27.6
2020-12-16,40.5,32.5,27.6
2020-12-23,39.5,32.5,28
2020-12-30,40.4,34.4,29.17
2021-01-06,40.4,34.5,29.17
2021-01-13,40.4,29.5,29.67
2021-01-20,40.4,29.67,30.5
2021-01-27,41.4,31.77,31.5
2021-02-03,41.3,37.83,31.75
2021-02-10,40.5,37.38,31.75
2021-02-17,41.5,37.88,31.75
2021-02-24,41.75,38.38,31.75
2021-03-03,41.75,38.38,32.25
2021-03-10,41.88,38.63,32.23
2021-03-17,42,38.63,32.75
2021-03-24,42,39,33.25
2021-03-31,42,39,33.25
2021-04-07,42.25,39.5,34.25
2021-04-14,43,39.5,34.25
2021-04-21,45.06,40.33,34.75
2021-04-28,45.06,40.33,34.75
2021-05-05,45.06,40.33,34.75
2021-05-12,45.31,40.5,34.75
2021-05-19,49.33,41.17,35.5
2021-05-26,49.33,41.17,35.5
2021-06-02,49.25,41.13,34.75
2021-06-09,49.5,41.5,35.5
2021-06-16,49.5,41.5,34.67
2021-06-23,49.5,42,34.67
2021-06-30,49,41.83,34.67
2021-07-07,49,41.83,34.67
2021-07-14,50,45,35.33
2021-07-21,51.33,44.5,35.33
2021-07-28,52.67,44.83,37.88
2021-08-04,52.83,44.83,37.63
2021-08-11,57.67,47.67,37.63
2021-08-18,60,50,38.33
2021-08-25,60,50,39
2021-09-01,60,50,39
2021-09-08,64.67,51.33,39.5
2021-09-15,68,53,39.5
2021-09-22,69.67,63,46.67
2021-09-29,76.33,67,48
2021-10-06,76.5,70.67,49
2021-10-13,78.25,73.5,47
2021-10-20,81,74.75,48.5
2021-10-27,89,84.67,53
2021-11-03,95.67,94,59
2021-11-10,99,99,65.5
2021-11-17,109,107.33,74.75
2021-11-24,114,112.33,84.75
2021-12-01,114,112.33,84.75
2021-12-08,117.33,117.33,84.67
2021-12-15,117.33,117.33,84.67
2021-12-22,122.33,122.33,87.33
2021-12-29,122.55,122.33,87.33
2022-01-05,131.67,131.67,100
2022-01-12,133.75,133.75,100
2022-01-19,145.5,146.75,100
2022-01-26,149.25,150.5,100.67
2022-02-02,156.75,158,100.67
2022-02-09,148.67,162,100.67
2022-02-16,154,161.5,104
2022-02-23,154,173.67,105.5
2022-03-02,156.2,182.2,104.4
2022-03-09,168.67,185.5,104.25
2022-03-16,171,197.75,104.25
2022-03-23,171,195.33,104.25
2022-03-30,169.33,190.5,108
2022-04-06,172.67,190.5,108
2022-04-13,178.67,190.5,110.5
2022-04-20,182,190.5,110.5
2022-04-27,182,198,109
2022-05-04,178.67,198,110.67
2022-05-11,178.67,196,110.67
2022-05-18,178.67,196.5,104
2022-05-25,174,182,100.67
2022-06-01,172,182,96.67
2022-06-08,172,182,96.67
2022-06-15,155.5,180.67,97.67
2022-06-22,150.5,182.33,93.67
2022-06-29,150.5,182.33,95.33
2022-07-06,150.5,182.33,95.33
2022-07-13,147.33,170.67,93.67
2022-07-20,144,170.67,95.5
2022-07-27,144,170.67,95.5
2022-08-03,128,138.67,90.5
2022-08-10,112.33,90.5,90.5
2022-08-17,103.67,89,93.67
2022-08-24,94,88.25,93.25
2022-08-31,98.75,89.5,97.75
2022-09-07,98.75,89.5,97.75
2022-09-14,99,92.25,98.5
2022-09-21,102.25,94.5,98.5
2022-09-28,102.25,95.5,98.5
2022-10-05,102.25,95.5,98.5
2022-10-12,110,99,99
2022-10-19,110,99,99
2022-10-26,110,100,100
2022-11-02,110,100,100
2022-11-09,110,100,100
2022-11-16,112.5,107.5,112.5
2022-11-23,112.5,107.5,112.5
2022-11-30,112.5,107.5,112.5
2022-12-07,112.5,107.5,112.5
2022-12-14,116.5,118.5,119
2022-12-21,121.5,121.5,121.5
2022-12-28,121.5,121.5,121.5
2023-01-04,121.5,121.5,121.5
2023-01-11,121.5,121.5,121.5
2023-01-18,121.5,121.5,121.5
2023-01-25,125,125,125
2023-02-01,124,119.5,118
2023-02-08,119.5,116.5,118
2023-02-15,105.33,99.33,105.5
2023-02-22,98.75,94.75,96.75
2023-03-01,95,91.67,95
2023-03-08,95,91.67,95
2023-03-15,93.75,89.25,92.25
