Date,"Oats 2CW ($ per tonne)"
1980-07-02,
1980-07-09,
1980-07-16,
1980-07-23,
1980-07-30,
1980-08-06,
1980-08-13,
1980-08-20,
1980-08-27,
1980-09-03,
1980-09-10,
1980-09-17,
1980-09-24,
1980-10-01,
1980-10-08,
1980-10-15,
1980-10-22,
1980-10-29,
1980-11-05,
1980-11-12,
1980-11-19,
1980-11-26,
1980-12-03,
1980-12-10,
1980-12-17,
1981-01-07,
1981-01-14,
1981-01-21,
1981-01-28,
1981-02-04,
1981-02-11,
1981-02-18,
1981-02-25,
1981-03-04,
1981-03-11,
1981-03-18,
1981-03-25,
1981-04-01,
1981-04-08,
1981-04-15,
1981-04-22,
1981-04-29,
1981-05-06,
1981-05-13,
1981-05-20,
1981-05-27,
1981-06-03,
1981-06-10,
1981-06-17,
1981-06-24,
1981-07-01,
1981-07-08,
1981-07-15,
1981-07-22,
1981-07-29,
1981-08-05,
1981-08-12,
1981-08-19,
1981-08-26,
1981-09-02,
1981-09-09,
1981-09-16,
1981-09-23,
1981-09-30,
1981-10-07,
1981-10-14,
1981-10-21,
1981-10-28,
1981-11-04,
1981-11-11,
1981-11-18,
1981-11-25,
1981-12-02,
1981-12-09,
1981-12-16,
1981-12-23,
1981-12-30,
1982-01-06,
1982-01-13,
1982-01-20,
1982-01-27,
1982-02-03,
1982-02-10,
1982-02-17,
1982-02-24,
1982-03-03,
1982-03-10,
1982-03-17,
1982-03-24,
1982-03-31,
1982-04-07,
1982-04-14,
1982-04-21,
1982-04-28,
1982-05-05,
1982-05-12,
1982-05-19,
1982-05-26,
1982-06-02,
1982-06-09,
1982-06-16,
1982-06-23,
1982-06-30,
1982-07-07,
1982-07-14,
1982-07-21,
1982-07-28,
1982-08-04,
1982-08-11,
1982-08-18,
1982-08-25,
1982-09-01,
1982-09-08,
1982-09-15,
1982-09-22,
1982-09-29,
1982-10-06,
1982-10-13,
1982-10-20,
1982-10-27,
1982-11-03,
1982-11-10,
1982-11-17,
1982-11-24,
1982-12-01,
1982-12-08,
1982-12-15,
1982-12-22,
1982-12-29,
1983-01-05,
1983-01-12,
1983-01-19,
1983-01-26,
1983-02-02,
1983-02-09,
1983-02-16,
1983-02-23,
1983-03-02,
1983-03-09,
1983-03-16,
1983-03-23,
1983-03-30,
1983-04-06,
1983-04-13,
1983-04-20,
1983-04-27,
1983-05-04,
1983-05-11,
1983-05-18,
1983-05-25,
1983-06-01,
1983-06-08,
1983-06-15,
1983-06-22,
1983-06-29,
1983-07-06,
1983-07-13,
1983-07-20,
1983-07-27,
1983-08-03,
1983-08-10,
1983-08-17,
1983-08-24,
1983-08-31,
1983-09-07,
1983-09-14,
1983-09-21,
1983-09-28,
1983-10-05,
1983-10-12,
1983-10-19,
1983-10-26,
1983-11-02,
1983-11-09,
1983-11-16,
1983-11-23,
1983-11-30,
1983-12-07,
1983-12-14,
1983-12-21,
1983-12-28,
1984-01-04,
1984-01-11,
1984-01-18,
1984-01-25,
1984-02-01,
1984-02-08,
1984-02-15,
1984-02-22,
1984-02-29,
1984-03-07,
1984-03-14,
1984-03-21,
1984-03-28,
1984-04-04,
1984-04-11,
1984-04-18,
1984-04-25,
1984-05-02,
1984-05-09,
1984-05-16,
1984-05-23,
1984-05-30,
1984-06-06,
1984-06-13,
1984-06-20,
1984-06-27,
1984-07-04,
1984-07-11,
1984-07-18,
1984-07-25,
1984-08-01,
1984-08-08,
1984-08-15,
1984-08-22,
1984-08-29,
1984-09-05,
1984-09-12,
1984-09-19,
1984-09-26,
1984-10-03,
1984-10-10,
1984-10-17,
1984-10-24,
1984-10-31,
1984-11-07,
1984-11-14,
1984-11-21,
1984-11-28,
1984-12-05,
1984-12-12,
1984-12-19,
1984-12-26,
1985-01-02,
1985-01-09,
1985-01-16,
1985-01-23,
1985-01-30,
1985-02-06,
1985-02-13,
1985-02-20,
1985-02-27,
1985-03-06,
1985-03-13,
1985-03-20,
1985-03-27,
1985-04-03,
1985-04-10,
1985-04-17,
1985-04-24,
1985-05-01,
1985-05-08,
1985-05-15,
1985-05-22,
1985-05-29,
1985-06-05,
1985-06-12,
1985-06-19,
1985-06-26,
1985-07-03,
1985-07-10,
1985-07-17,
1985-07-24,
1985-07-31,
1985-08-07,
1985-08-14,
1985-08-21,
1985-08-28,
1985-09-04,
1985-09-11,
1985-09-18,
1985-09-25,
1985-10-02,
1985-10-09,
1985-10-16,
1985-10-23,
1985-10-30,
1985-11-06,
1985-11-13,
1985-11-20,
1985-11-27,
1985-12-04,
1985-12-11,
1985-12-18,
1985-12-25,
1986-01-01,
1986-01-08,
1986-01-15,
1986-01-22,
1986-01-29,
1986-02-05,
1986-02-12,
1986-02-19,
1986-02-26,
1986-03-05,
1986-03-12,
1986-03-19,
1986-03-26,
1986-04-02,
1986-04-09,
1986-04-16,
1986-04-23,
1986-04-30,
1986-05-07,
1986-05-14,
1986-05-21,
1986-05-28,
1986-06-04,
1986-06-11,
1986-06-18,
1986-06-25,
1986-07-02,
1986-07-09,
1986-07-16,
1986-07-23,
1986-07-30,
1986-08-06,
1986-08-13,
1986-08-20,
1986-08-27,
1986-09-03,
1986-09-10,
1986-09-17,
1986-09-24,
1986-10-01,
1986-10-08,
1986-10-15,
1986-10-22,
1986-10-29,
1986-11-05,
1986-11-12,
1986-11-19,
1986-11-26,
1986-12-03,
1986-12-10,
1986-12-17,
1986-12-24,
1987-01-07,
1987-01-14,
1987-01-21,
1987-01-28,
1987-02-04,
1987-02-11,
1987-02-18,
1987-02-25,
1987-03-04,
1987-03-11,
1987-03-18,
1987-03-25,
1987-04-01,
1987-04-08,
1987-04-15,
1987-04-22,
1987-04-29,
1987-05-06,
1987-05-13,
1987-05-20,
1987-05-27,
1987-06-03,
1987-06-10,
1987-06-17,
1987-06-24,
1987-07-01,
1987-07-08,
1987-07-15,
1987-07-22,
1987-07-29,
1987-08-05,
1987-08-12,
1987-08-19,
1987-08-26,
1987-09-02,
1987-09-09,
1987-09-16,
1987-09-23,
1987-09-30,
1987-10-07,
1987-10-14,
1987-10-21,
1987-10-28,
1987-11-04,
1987-11-11,
1987-11-18,
1987-11-25,
1987-12-02,
1987-12-09,
1987-12-16,
1987-12-23,
1987-12-30,
1988-01-06,
1988-01-13,
1988-01-20,
1988-01-27,
1988-02-03,
1988-02-10,
1988-02-17,
1988-02-24,
1988-03-02,
1988-03-09,
1988-03-16,
1988-03-23,
1988-03-30,
1988-04-06,
1988-04-13,
1988-04-20,
1988-04-27,
1988-05-04,
1988-05-11,
1988-05-18,
1988-05-25,
1988-06-01,
1988-06-08,
1988-06-15,
1988-06-22,
1988-06-29,
1988-07-06,
1988-07-13,
1988-07-20,
1988-07-27,
1988-08-03,
1988-08-10,
1988-08-17,
1988-08-24,
1988-08-31,
1988-09-07,
1988-09-14,
1988-09-21,
1988-09-28,
1988-10-05,
1988-10-12,
1988-10-19,
1988-10-26,
1988-11-02,
1988-11-09,
1988-11-16,
1988-11-23,
1988-11-30,
1988-12-07,
1988-12-14,
1988-12-21,
1988-12-28,
1989-01-04,
1989-01-11,
1989-01-18,
1989-01-25,
1989-02-01,
1989-02-08,
1989-02-15,
1989-02-22,
1989-03-01,
1989-03-08,
1989-03-15,
1989-03-22,
1989-03-29,
1989-04-05,
1989-04-12,
1989-04-19,
1989-04-26,
1989-05-03,
1989-05-10,
1989-05-17,
1989-05-24,
1989-05-31,
1989-06-07,
1989-06-14,
1989-06-21,
1989-06-28,
1989-07-05,
1989-07-12,
1989-07-19,
1989-07-26,
1989-08-02,
1989-08-09,
1989-08-16,
1989-08-23,
1989-08-30,
1989-09-06,
1989-09-13,
1989-09-20,
1989-09-27,
1989-10-04,
1989-10-11,
1989-10-18,
1989-10-25,
1989-11-01,
1989-11-08,
1989-11-15,
1989-11-22,
1989-11-29,
1989-12-06,
1989-12-13,
1989-12-20,
1989-12-27,
1990-01-03,
1990-01-10,
1990-01-17,
1990-01-24,
1990-01-31,
1990-02-07,
1990-02-14,
1990-02-21,
1990-02-28,
1990-03-07,
1990-03-14,
1990-03-21,
1990-03-28,
1990-04-04,
1990-04-11,
1990-04-18,
1990-04-25,
1990-05-02,
1990-05-09,
1990-05-16,
1990-05-23,
1990-05-30,
1990-06-06,
1990-06-13,
1990-06-20,
1990-06-27,
1990-07-04,
1990-07-11,
1990-07-18,
1990-07-25,
1990-08-01,
1990-08-08,
1990-08-15,
1990-08-22,
1990-08-29,
1990-09-05,
1990-09-12,
1990-09-19,
1990-09-26,
1990-10-03,
1990-10-10,
1990-10-17,
1990-10-24,
1990-10-31,
1990-11-07,
1990-11-14,
1990-11-21,
1990-11-28,
1990-12-05,
1990-12-12,
1990-12-19,
1990-12-26,
1991-01-02,
1991-01-09,
1991-01-16,
1991-01-23,
1991-01-30,
1991-02-06,
1991-02-13,
1991-02-20,
1991-02-27,
1991-03-06,
1991-03-13,
1991-03-20,
1991-03-27,
1991-04-03,
1991-04-10,
1991-04-17,
1991-04-24,
1991-05-01,
1991-05-08,
1991-05-15,
1991-05-22,
1991-05-29,
1991-06-05,
1991-06-12,
1991-06-19,
1991-06-26,
1991-07-03,
1991-07-10,
1991-07-17,
1991-07-24,
1991-07-31,
1991-08-07,
1991-08-14,
1991-08-21,
1991-08-28,
1991-09-04,
1991-09-11,
1991-09-18,
1991-09-25,
1991-10-02,
1991-10-09,
1991-10-16,
1991-10-23,
1991-10-30,
1991-11-06,
1991-11-13,
1991-11-20,
1991-11-27,
1991-12-04,
1991-12-11,
1991-12-18,
1991-12-25,
1992-01-01,
1992-01-08,
1992-01-15,
1992-01-22,
1992-01-29,
1992-02-05,
1992-02-12,
1992-02-19,
1992-02-26,
1992-03-04,
1992-03-11,
1992-03-18,
1992-03-25,
1992-04-01,
1992-04-08,
1992-04-15,
1992-04-22,
1992-04-29,
1992-05-06,
1992-05-13,
1992-05-20,
1992-05-27,
1992-06-03,
1992-06-10,
1992-06-17,
1992-06-24,
1992-07-01,
1992-07-08,
1992-07-15,
1992-07-22,
1992-07-29,
1992-08-05,
1992-08-12,
1992-08-19,
1992-08-26,
1992-09-02,
1992-09-09,
1992-09-16,
1992-09-23,
1992-09-30,
1992-10-07,
1992-10-14,
1992-10-21,
1992-10-28,
1992-11-04,
1992-11-11,
1992-11-18,
1992-11-25,
1992-12-02,
1992-12-09,
1992-12-16,
1992-12-23,
1993-01-06,100.2
1993-01-13,104
1993-01-20,101.8
1993-01-27,98.5
1993-02-03,96.9
1993-02-10,95.5
1993-02-17,92.1
1993-02-24,93.4
1993-03-03,93.9
1993-03-10,94.7
1993-03-17,94.8
1993-03-24,95.8
1993-03-31,100
1993-04-07,102.1
1993-04-14,101.8
1993-04-21,104.5
1993-04-28,99.4
1993-05-05,99.3
1993-05-12,101.1
1993-05-19,95.3
1993-05-26,95.4
1993-06-02,93.6
1993-06-09,95
1993-06-16,89.4
1993-06-23,91.4
1993-06-30,91.6
1993-07-07,104.5
1993-07-14,99.2
1993-07-21,98.8
1993-07-28,97.8
1993-08-04,97.3
1993-08-11,99.8
1993-08-18,99.7
1993-08-25,97.3
1993-09-01,73.3
1993-09-08,93.1
1993-09-15,97.8
1993-09-22,98.5
1993-09-29,92.9
1993-10-06,92.9
1993-10-13,74.7
1993-10-20,93.7
1993-10-27,88
1993-11-03,87
1993-11-10,91.5
1993-11-17,87.7
1993-11-24,92.5
1993-12-01,91.9
1993-12-08,92
1993-12-15,91.4
1993-12-22,92
1993-12-29,93.1
1994-01-05,89.7
1994-01-12,90.5
1994-01-19,92.1
1994-01-26,91.5
1994-02-02,88.6
1994-02-09,89
1994-02-16,92
1994-02-23,97.4
1994-03-02,96.4
1994-03-09,90.5
1994-03-16,92.9
1994-03-23,95.1
1994-03-30,95.2
1994-04-06,93.1
1994-04-13,90.1
1994-04-20,88.5
1994-04-27,87.2
1994-05-04,84.7
1994-05-11,83.7
1994-05-18,88.2
1994-05-25,87
1994-06-01,91.6
1994-06-08,82.1
1994-06-15,97.5
1994-06-22,92.4
1994-06-29,83.7
1994-07-06,85.6
1994-07-13,85.2
1994-07-20,81.3
1994-07-27,78.4
1994-08-03,82.5
1994-08-10,81.3
1994-08-17,85.2
1994-08-24,85.1
1994-08-31,84.6
1994-09-07,84.7
1994-09-14,85.3
1994-09-21,80.4
1994-09-28,82.6
1994-10-05,85.3
1994-10-12,86.8
1994-10-19,82.5
1994-10-26,86
1994-11-02,86.5
1994-11-09,86.3
1994-11-16,86.2
1994-11-23,78.8
1994-11-30,79.3
1994-12-07,81.1
1994-12-14,80.8
1994-12-21,84
1994-12-28,84.3
1995-01-04,86
1995-01-11,83
1995-01-18,81.4
1995-01-25,81.2
1995-02-01,80.4
1995-02-08,78.8
1995-02-15,84.2
1995-02-22,82.6
1995-03-01,84.7
1995-03-08,88.4
1995-03-15,89.4
1995-03-22,95
1995-03-29,101.7
1995-04-05,101.2
1995-04-12,103.7
1995-04-19,105.2
1995-04-26,102.7
1995-05-03,104.4
1995-05-10,106.7
1995-05-17,111.7
1995-05-24,116.2
1995-05-31,112.2
1995-06-07,113.2
1995-06-14,109.1
1995-06-21,101.8
1995-06-28,100.2
1995-07-05,106.2
1995-07-12,104.8
1995-07-19,110.8
1995-07-26,120.4
1995-08-02,106.73
1995-08-09,96.72
1995-08-16,98.32
1995-08-23,105.42
1995-08-30,106.82
1995-09-06,104.52
1995-09-13,108.42
1995-09-20,113.67
1995-09-27,113.67
1995-10-04,118.92
1995-10-11,120.22
1995-10-18,122.72
1995-10-25,136.89
1995-11-01,139.49
1995-11-08,143.89
1995-11-15,142.99
1995-11-22,147.19
1995-11-29,147.19
1995-12-06,167.79
1995-12-13,174.9
1995-12-20,180.19
1995-12-27,182.09
1996-01-03,180.69
1996-01-10,166.19
1996-01-17,155.89
1996-01-24,155.59
1996-01-31,166.29
1996-02-07,155.49
1996-02-14,155.69
1996-02-21,157.99
1996-02-28,
1996-03-06,
1996-03-13,
1996-03-20,171.94
1996-03-27,172.51
1996-04-03,177.47
1996-04-10,176.18
1996-04-17,164.84
1996-04-24,198.46
1996-05-01,181.18
1996-05-08,189.07
1996-05-15,199.06
1996-05-22,192.75
1996-05-29,176.55
1996-06-05,155.88
1996-06-12,158.7
1996-06-19,176.89
1996-06-26,166.92
1996-07-03,179.92
1996-07-10,199.46
1996-07-17,159.36
1996-07-24,148.66
1996-07-31,149.51
1996-08-07,130.61
1996-08-14,147.55
1996-08-21,135.77
1996-08-28,135.56
1996-09-04,124.12
1996-09-11,131.23
1996-09-18,109.13
1996-09-25,113.18
1996-10-02,111.21
1996-10-09,120.92
1996-10-16,112.48
1996-10-23,113.72
1996-10-30,103.39
1996-11-06,98.97
1996-11-13,103.48
1996-11-20,95.55
1996-11-27,97.82
1996-12-04,96.82
1996-12-11,97.48
1996-12-18,107.12
1996-12-25,102.2
1997-01-01,98.04
1997-01-08,113.79
1997-01-15,98.64
1997-01-22,93.35
1997-01-29,94.7
1997-02-05,97.55
1997-02-12,115.95
1997-02-19,108.36
1997-02-26,112.18
1997-03-05,111.17
1997-03-12,116.64
1997-03-19,118.45
1997-03-26,117.79
1997-04-02,119.84
1997-04-09,112.01
1997-04-16,119.11
1997-04-23,118.18
1997-04-30,112.72
1997-05-07,109.1
1997-05-14,111.45
1997-05-21,103
1997-05-28,105.59
1997-06-04,117.66
1997-06-11,115.66
1997-06-18,102.03
1997-06-25,101.91
1997-07-02,97.83
1997-07-09,97.95
1997-07-16,107.98
1997-07-23,120.38
1997-07-30,111.99
1997-08-06,111.79
1997-08-13,115.74
1997-08-20,114.85
1997-08-27,112.76
1997-09-03,114.85
1997-09-10,111.14
1997-09-17,108.36
1997-09-24,105.43
1997-10-01,107.63
1997-10-08,111.82
1997-10-15,115.17
1997-10-22,120.86
1997-10-29,120.28
1997-11-05,111.99
1997-11-12,107.05
1997-11-19,105.27
1997-11-26,105.67
1997-12-03,104.7
1997-12-10,111.94
1997-12-17,108.5
1997-12-24,108.07
1997-12-31,105.44
1998-01-07,105.72
1998-01-14,106.73
1998-01-21,107.22
1998-01-28,107.03
1998-02-04,106.43
1998-02-11,102.4
1998-02-18,99.61
1998-02-25,98.37
1998-03-04,99.57
1998-03-11,102.71
1998-03-18,98.12
1998-03-25,98.12
1998-04-01,90.56
1998-04-08,81.26
1998-04-15,85.47
1998-04-22,93.03
1998-04-29,81.21
1998-05-06,88.27
1998-05-13,80.71
1998-05-20,82.94
1998-05-27,84.04
1998-06-03,90.59
1998-06-10,82.43
1998-06-17,82.92
1998-06-24,89.4
1998-07-01,97.06
1998-07-08,89.2
1998-07-15,84.07
1998-07-22,82.59
1998-07-29,77.86
1998-08-05,69.58
1998-08-12,78.03
1998-08-19,76.71
1998-08-26,83.04
1998-09-02,75.55
1998-09-09,79.92
1998-09-16,79.44
1998-09-23,82.17
1998-09-30,76.8
1998-10-07,80.59
1998-10-14,89.11
1998-10-21,82.12
1998-10-28,84.15
1998-11-04,81.14
1998-11-11,82.17
1998-11-18,80.96
1998-11-25,76.11
1998-12-02,72.91
1998-12-09,75.31
1998-12-16,81.84
1998-12-23,76.8
1998-12-30,76.54
1999-01-06,77.75
1999-01-13,76.34
1999-01-20,77.09
1999-01-27,77.66
1999-02-03,76.54
1999-02-10,78.08
1999-02-17,73.37
1999-02-24,74.66
1999-03-03,73.92
1999-03-10,74.44
1999-03-17,79.93
1999-03-24,84.12
1999-03-31,90.05
1999-04-07,72.69
1999-04-14,81.39
1999-04-21,86.35
1999-04-28,85.55
1999-05-05,81.93
1999-05-12,87.92
1999-05-19,84.07
1999-05-26,81.99
1999-06-02,86.35
1999-06-09,85.84
1999-06-16,76.45
1999-06-23,73.4
1999-06-30,77.5
1999-07-07,66.87
1999-07-14,69.06
1999-07-21,74.74
1999-07-28,74.76
1999-08-04,77.59
1999-08-11,78.32
1999-08-18,71.45
1999-08-25,70.99
1999-09-01,64.49
1999-09-08,60.94
1999-09-15,63.02
1999-09-22,60.45
1999-09-29,64.2
1999-10-06,61.56
1999-10-13,61.66
1999-10-20,62.73
1999-10-27,64.54
1999-11-03,65.41
1999-11-10,62.39
1999-11-17,65.12
1999-11-24,63.66
1999-12-01,65.56
1999-12-08,69.93
1999-12-15,68.52
1999-12-22,66.31
1999-12-29,62.79
2000-01-05,63.33
2000-01-12,67.58
2000-01-19,73.26
2000-01-26,74.76
2000-02-02,73.14
2000-02-09,70.5
2000-02-16,70.19
2000-02-23,72.24
2000-03-01,76.18
2000-03-08,75.04
2000-03-15,78.02
2000-03-22,76.51
2000-03-29,73.77
2000-04-05,76.81
2000-04-12,76.19
2000-04-19,77.78
2000-04-26,81.4
2000-05-03,84.14
2000-05-10,78.85
2000-05-17,76.49
2000-05-24,75.41
2000-05-31,67.45
2000-06-07,70.97
2000-06-14,62.54
2000-06-21,72.43
2000-06-28,69.91
2000-07-05,63.95
2000-07-12,71.89
2000-07-19,73.89
2000-07-26,73.27
2000-08-02,69.68
2000-08-09,64.77
2000-08-16,62.06
2000-08-23,61.63
2000-08-30,62.86
2000-09-06,60.17
2000-09-13,66.17
2000-09-20,65.54
2000-09-27,67.72
2000-10-04,67.65
2000-10-11,69.43
2000-10-18,72.39
2000-10-25,71.63
2000-11-01,71.48
2000-11-08,73.32
2000-11-15,69.57
2000-11-22,67.11
2000-11-29,64.89
2000-12-06,67.07
2000-12-13,66.22
2000-12-20,66.2
2000-12-27,
2001-01-03,69.57
2001-01-10,69.77
2001-01-17,65.29
2001-01-24,65.85
2001-01-31,63.29
2001-02-07,70.61
2001-02-14,69.11
2001-02-21,71.14
2001-02-28,77.12
2001-03-07,81.75
2001-03-14,82.2
2001-03-21,81.64
2001-03-28,77.37
2001-04-04,83.8
2001-04-11,85.26
2001-04-18,87.53
2001-04-25,84.76
2001-05-02,86.85
2001-05-09,87.47
2001-05-16,86.82
2001-05-23,85.99
2001-05-30,86.89
2001-06-06,88.54
2001-06-13,87.47
2001-06-20,91.48
2001-06-27,84.8
2001-07-04,87.47
2001-07-11,106.54
2001-07-18,100.44
2001-07-25,114.42
2001-08-01,102.93
2001-08-08,98.03
2001-08-15,102.53
2001-08-22,103.16
2001-08-29,106.42
2001-09-05,113.7
2001-09-12,119.75
2001-09-19,139.58
2001-09-26,151.73
2001-10-03,164.18
2001-10-10,166.65
2001-10-17,170.53
2001-10-24,168.68
2001-10-31,177.92
2001-11-07,180.96
2001-11-14,187.87
2001-11-21,184.62
2001-11-28,191.55
2001-12-05,200.29
2001-12-12,189.41
2001-12-19,183.29
2001-12-26,185.62
2002-01-02,187.95
2002-01-09,201.6
2002-01-16,190.02
2002-01-23,194.34
2002-01-30,189.53
2002-02-06,199.77
2002-02-13,197.12
2002-02-20,197.32
2002-02-27,203.32
2002-03-06,205.05
2002-03-13,206.62
2002-03-20,197.98
2002-03-27,199.87
2002-04-03,214.97
2002-04-10,204.68
2002-04-17,179.49
2002-04-24,160.02
2002-05-01,159.44
2002-05-08,162.95
2002-05-15,166.07
2002-05-22,163.21
2002-05-29,163.73
2002-06-05,190.93
2002-06-12,184.04
2002-06-19,186.57
2002-06-26,190.31
2002-07-03,200.06
2002-07-10,198.06
2002-07-17,193.96
2002-07-24,172.8
2002-07-31,162.87
2002-08-07,153.15
2002-08-14,166.22
2002-08-21,157.74
2002-08-28,167.65
2002-09-04,171.83
2002-09-11,181.69
2002-09-18,181.59
2002-09-25,189.27
2002-10-02,198.94
2002-10-09,201.23
2002-10-16,195.43
2002-10-23,179.49
2002-10-30,182.25
2002-11-06,179.17
2002-11-13,174.45
2002-11-20,183.73
2002-11-27,179.41
2002-12-04,173.61
2002-12-11,170.53
2002-12-18,172.36
2002-12-25,170.53
2002-12-31,
2003-01-01,190.64
2003-01-08,190.38
2003-01-15,195.16
2003-01-22,200.72
2003-01-29,196.04
2003-02-05,193.69
2003-02-12,198
2003-02-19,192.84
2003-02-26,182.79
2003-03-05,164.44
2003-03-12,142.96
2003-03-19,144.8
2003-03-26,149.73
2003-04-02,144.93
2003-04-09,140.13
2003-04-16,124.19
2003-04-23,133.16
2003-04-30,125.62
2003-05-07,114.57
2003-05-14,111.42
2003-05-21,116.52
2003-05-28,116.02
2003-06-04,119.68
2003-06-11,109.1
2003-06-18,111.69
2003-06-25,105.33
2003-07-02,99.41
2003-07-09,91.51
2003-07-16,77.62
2003-07-23,89.66
2003-07-30,92.72
2003-08-06,90.19
2003-08-13,91.73
2003-08-20,96.55
2003-08-27,96.5
2003-09-03,98.41
2003-09-10,98.96
2003-09-17,94.55
2003-09-24,95.02
2003-10-01,96.7
2003-10-08,100.42
2003-10-15,98.54
2003-10-22,96.59
2003-10-29,98.74
2003-11-05,105.06
2003-11-12,106.53
2003-11-19,105.17
2003-11-26,100.95
2003-12-03,104.98
2003-12-10,107.4
2003-12-17,103.04
2003-12-24,103.65
2003-12-31,101.28
2004-01-01,101.28
2004-01-07,110.04
2004-01-14,113.51
2004-01-21,116.6
2004-01-28,114.6
2004-02-04,114.92
2004-02-11,109.68
2004-02-18,107.98
2004-02-25,110.49
2004-03-03,114.38
2004-03-10,113.32
2004-03-17,115.38
2004-03-24,119.56
2004-03-31,121.38
2004-04-07,120.99
2004-04-14,116.84
2004-04-21,117
2004-04-28,122.4
2004-05-05,128.34
2004-05-12,121.69
2004-05-19,111.51
2004-05-26,107.76
2004-06-02,116.57
2004-06-09,109.76
2004-06-16,114.49
2004-06-23,124.9
2004-06-30,116.98
2004-07-07,118.41
2004-07-14,102.01
2004-07-21,104.95
2004-07-28,96.04
2004-08-04,94.77
2004-08-11,95.9
2004-08-18,96.27
2004-08-25,102.99
2004-09-01,106.07
2004-09-08,112.17
2004-09-15,118.5
2004-09-22,122.49
2004-09-29,121.07
2004-10-06,108.73
2004-10-13,110.2
2004-10-20,110.37
2004-10-27,96.23
2004-11-03,98.53
2004-11-10,90.7
2004-11-17,94.34
2004-11-24,97.25
2004-12-01,100.08
2004-12-08,102.29
2004-12-15,107.51
2004-12-22,105.41
2004-12-29,107.03
2005-01-01,107.03
2005-01-05,105.44
2005-01-12,108.19
2005-01-19,112.31
2005-01-26,109.52
2005-02-02,111.06
2005-02-09,112.29
2005-02-16,108.44
2005-02-23,108.77
2005-03-02,105.21
2005-03-09,105.48
2005-03-16,100.08
2005-03-23,97.72
2005-03-30,100.75
2005-04-06,95.08
2005-04-13,104.9
2005-04-20,102.57
2005-04-27,101.27
2005-05-04,95.94
2005-05-11,93.56
2005-05-18,92.99
2005-05-25,93.83
2005-06-01,88.38
2005-06-08,99.21
2005-06-15,103.3
2005-06-22,104.85
2005-06-29,102.74
2005-07-06,107.46
2005-07-13,111.96
2005-07-20,114.02
2005-07-27,110.28
2005-08-03,102.29
2005-08-10,99.98
2005-08-17,96.6
2005-08-24,98.02
2005-08-31,95.17
2005-09-07,97.04
2005-09-14,97.91
2005-09-21,102.36
2005-09-28,95.69
2005-10-05,110.63
2005-10-12,108.84
2005-10-19,108.2
2005-10-26,102.89
2005-11-02,110.6
2005-11-09,111.38
2005-11-16,115.36
2005-11-23,119.3
2005-11-30,116.99
2005-12-07,121.39
2005-12-14,126.45
2005-12-21,117.82
2005-12-28,120.06
2006-01-04,121.98
2006-01-11,116.81
2006-01-18,115.48
2006-01-25,113.18
2006-02-01,112.48
2006-02-08,107.02
2006-02-15,108.56
2006-02-22,113.42
2006-03-01,113.65
2006-03-08,115.58
2006-03-15,115.01
2006-03-22,111.13
2006-03-29,110.75
2006-04-05,112.32
2006-04-12,111.2
2006-04-19,110.15
2006-04-26,112.8
2006-05-03,116.44
2006-05-10,115.01
2006-05-17,117.05
2006-05-24,118.02
2006-05-31,117.19
2006-06-07,117.34
2006-06-14,121.05
2006-06-21,118.3
2006-06-28,115.84
2006-07-05,116.43
2006-07-12,122.07
2006-07-19,123.07
2006-07-26,122.63
2006-08-02,117.22
2006-08-09,112.31
2006-08-16,109.8
2006-08-23,109.46
2006-08-30,110.63
2006-09-06,112.8
2006-09-13,117.59
2006-09-20,118.57
2006-09-27,118.67
2006-10-04,124.55
2006-10-11,133.97
2006-10-18,133.44
2006-10-25,138.77
2006-11-01,143.71
2006-11-08,156.32
2006-11-15,155.86
2006-11-22,163.19
2006-11-29,162.02
2006-12-06,162.85
2006-12-13,166.46
2006-12-20,170.32
2006-12-27,172.85
2007-01-03,170.2
2007-01-10,168.13
2007-01-17,176.92
2007-01-24,173.89
2007-01-31,172.65
2007-02-07,168.37
2007-02-14,164.14
2007-02-21,166.07
2007-02-28,169.86
2007-03-07,175.17
2007-03-14,176.71
2007-03-21,183.58
2007-03-28,186.77
2007-04-04,185.1
2007-04-11,185.99
2007-04-18,177.81
2007-04-25,172.45
2007-05-02,172
2007-05-09,167.01
2007-05-16,169.82
2007-05-23,174.64
2007-05-30,173.19
2007-06-06,179.45
2007-06-13,186
2007-06-20,176.86
2007-06-27,170.95
2007-07-04,174.71
2007-07-11,175.08
2007-07-18,169.75
2007-07-25,156.1
2007-08-01,148.36
2007-08-08,147.03
2007-08-15,138.74
2007-08-22,143.36
2007-08-29,143.13
2007-09-05,145.58
2007-09-12,142.05
2007-09-19,137.4
2007-09-26,137.56
2007-10-03,142.76
2007-10-10,139.62
2007-10-17,144.65
2007-10-24,139.03
2007-10-31,142.17
2007-11-07,139.78
2007-11-14,143.1
2007-11-21,139.7
2007-11-28,136.75
2007-12-05,141.26
2007-12-12,147.84
2007-12-19,151.05
2007-12-26,156.3
2008-01-02,158.26
2008-01-09,161.52
2008-01-16,159.59
2008-01-23,157.95
2008-01-30,158.12
2008-02-06,169.05
2008-02-13,169.25
2008-02-20,181.07
2008-02-27,190.45
2008-03-05,196.27
2008-03-12,190.37
2008-03-19,169.9
2008-03-26,172.68
2008-04-02,201.78
2008-04-09,198.08
2008-04-16,198.06
2008-04-23,193.21
2008-04-30,197.4
2008-05-07,204.01
2008-05-14,201.5
2008-05-21,200.7
2008-05-28,198.61
2008-06-04,196.82
2008-06-11,205.81
2008-06-18,214.48
2008-06-25,215.09
2008-07-02,218.57
2008-07-09,209.04
2008-07-16,193.25
2008-07-23,165.72
2008-07-30,164.8
2008-08-06,154.95
2008-08-13,168.86
2008-08-20,166.37
2008-08-27,158.54
2008-09-03,152.18
2008-09-10,143.61
2008-09-17,134.77
2008-09-24,138.3
2008-10-01,137.32
2008-10-08,132.67
2008-10-15,131.18
2008-10-22,131.71
2008-10-29,124.26
2008-11-05,117.76
2008-11-12,121.8
2008-11-19,116.37
2008-11-26,111.26
2008-12-03,115.87
2008-12-10,117.76
2008-12-17,120.29
2008-12-24,121.09
2008-12-31,118.81
2009-01-07,127.35
2009-01-14,123.31
2009-01-21,123.98
2009-01-28,101.99
2009-02-04,105.07
2009-02-11,107.8
2009-02-18,94.65
2009-02-25,101.56
2009-03-04,102.48
2009-03-11,105.59
2009-03-18,111.24
2009-03-25,110.47
2009-04-01,110.98
2009-04-08,116.97
2009-04-15,113.5
2009-04-22,111.78
2009-04-29,112.78
2009-05-06,112.68
2009-05-13,123.24
2009-05-20,134.6
2009-05-27,135.16
2009-06-03,137.2
2009-06-10,139.04
2009-06-17,119.72
2009-06-24,115.1
2009-07-01,121.6
2009-07-08,113.99
2009-07-15,111.89
2009-07-22,106.73
2009-07-29,106.95
2009-08-05,107.95
2009-08-12,99.61
2009-08-19,99.22
2009-08-26,105.36
2009-09-02,101.46
2009-09-09,97.68
2009-09-16,101.08
2009-09-23,99.84
2009-09-30,105.88
2009-10-07,105.1
2009-10-14,114.34
2009-10-21,119.45
2009-10-28,119.07
2009-11-04,123.05
2009-11-11,122.67
2009-11-18,126.51
2009-11-25,124.32
2009-12-02,124.25
2009-12-09,124.89
2009-12-16,124.92
2009-12-23,122.89
2009-12-30,132.36
2010-01-06,130.42
2010-01-13,126.9
2010-01-20,113.67
2010-01-27,116.66
2010-02-03,116.12
2010-02-10,118
2010-02-17,123.69
2010-02-24,112.38
2010-03-03,116.14
2010-03-10,113.29
2010-03-17,113.3
2010-03-24,108.05
2010-03-31,105.16
2010-04-07,107.41
2010-04-14,102.6
2010-04-21,101.18
2010-04-28,99.03
2010-05-05,101.28
2010-05-12,99.29
2010-05-19,98.41
2010-05-26,98.54
2010-06-02,98.03
2010-06-09,101.61
2010-06-16,126.23
2010-06-23,128.09
2010-06-30,134.73
2010-07-07,131.73
2010-07-14,131.05
2010-07-21,125.09
2010-07-28,116.95
2010-08-04,129.27
2010-08-11,135.6
2010-08-18,148.29
2010-08-25,145.64
2010-09-01,148.9
2010-09-08,155.9
2010-09-15,158.57
2010-09-22,174.17
2010-09-29,171.56
2010-10-06,182.53
2010-10-13,190.72
2010-10-20,190.09
2010-10-27,192.53
2010-11-03,188.46
2010-11-10,186.57
2010-11-17,187.03
2010-11-24,184.72
2010-12-01,187.42
2010-12-08,192.09
2010-12-15,194.09
2010-12-22,194.09
2010-12-29,194.09
2011-01-05,194.64
2011-01-12,193.49
2011-01-19,200.4
2011-01-26,196.06
2011-02-02,204.47
2011-02-09,206.47
2011-02-16,200.83
2011-02-23,191.16
2011-03-02,188.2
2011-03-09,185.77
2011-03-16,176.17
2011-03-23,179.28
2011-03-30,183.98
2011-04-06,192.27
2011-04-13,191.12
2011-04-20,194.02
2011-04-27,192.27
2011-05-04,181.93
2011-05-11,178.82
2011-05-18,184.38
2011-05-25,186.48
2011-06-01,188.2
2011-06-08,186.65
2011-06-15,182.11
2011-06-22,179.88
2011-06-29,178.42
2011-07-06,177.75
2011-07-13,179.43
2011-07-20,177.61
2011-07-27,180.21
2011-08-03,178.81
2011-08-10,176.19
2011-08-17,178.18
2011-08-24,176.54
2011-08-31,176.37
2011-09-07,177.44
2011-09-14,167.23
2011-09-21,169.94
2011-09-28,165.81
2011-10-05,165.48
2011-10-12,167.99
2011-10-19,171.87
2011-10-26,170.82
2011-11-02,172.46
2011-11-09,170.31
2011-11-16,164.19
2011-11-23,165.02
2011-11-30,167.04
2011-12-07,161.3
2011-12-14,167.06
2011-12-21,167.14
2011-12-28,165.73
2012-01-04,166.49
2012-01-11,167.24
2012-01-18,163.49
2012-01-25,163.27
2012-02-01,166.44
2012-02-08,172.41
2012-02-15,169.12
2012-02-22,170.38
2012-02-29,167.69
2012-03-07,169.12
2012-03-14,162.9
2012-03-21,172.43
2012-03-28,174.53
2012-04-04,173.33
2012-04-11,171.94
2012-04-18,172.57
2012-04-25,174.79
2012-05-02,171.28
2012-05-09,172.13
2012-05-16,182.81
2012-05-23,164.13
2012-05-30,148.44
2012-06-06,154.27
2012-06-13,160.45
2012-06-20,163.58
2012-06-27,165.87
2012-07-04,170.17
2012-07-11,175.02
2012-07-18,188.59
2012-07-25,185.86
2012-08-01,186.17
2012-08-08,176.03
2012-08-15,184.46
2012-08-22,189.21
2012-08-29,187.64
2012-09-05,188.91
2012-09-12,186.61
2012-09-19,181.98
2012-09-26,181.93
2012-10-03,180
2012-10-10,194.23
2012-10-17,190.71
2012-10-24,192.94
2012-10-31,208.13
2012-11-07,183.42
2012-11-14,187.97
2012-11-21,210.06
2012-11-28,205.52
2012-12-05,196.91
2012-12-12,205.51
2012-12-19,188.04
2012-12-26,190.31
2013-01-02,205.09
2013-01-09,177.87
2013-01-16,185.26
2013-01-23,192.09
2013-01-30,191.87
2013-02-06,203.54
2013-02-13,206.68
2013-02-20,212.67
2013-02-27,215.55
2013-03-06,213.94
2013-03-13,229.2
2013-03-20,232
2013-03-27,236.34
2013-04-03,221.71
2013-04-10,222.55
2013-04-17,228.32
2013-04-24,223.97
2013-05-01,222.77
2013-05-08,221.98
2013-05-15,226.15
2013-05-22,223.56
2013-05-29,221.51
2013-06-05,231.45
2013-06-12,236.05
2013-06-19,237.22
2013-06-26,237.22
2013-07-03,227.38
2013-07-10,221.13
2013-07-17,203.95
2013-07-24,201.3
2013-07-31,198.7
2013-08-07,182.44
2013-08-14,178.26
2013-08-21,193.56
2013-08-28,197.57
2013-09-04,177.99
2013-09-11,164.42
2013-09-18,151.24
2013-09-25,155.19
2013-10-02,162.08
2013-10-09,161.68
2013-10-16,166.49
2013-10-23,173.72
2013-10-30,165.73
2013-11-06,161.81
2013-11-13,159.53
2013-11-20,162.14
2013-11-27,160.51
2013-12-04,159.07
2013-12-11,153.17
2013-12-18,147.11
2013-12-25,141.71
2014-01-01,135.01
2014-01-08,138.89
2014-01-15,149.19
2014-01-22,149.43
2014-01-29,133.51
2014-02-05,135.79
2014-02-12,131.54
2014-02-19,136.84
2014-02-26,142.11
2014-03-05,140.55
2014-03-12,140.36
2014-03-19,139.91
2014-03-26,128.6
2014-04-02,145.25
2014-04-09,142.56
2014-04-16,147.11
2014-04-23,149.43
2014-04-30,136.87
2014-05-07,156.95
2014-05-14,146.78
2014-05-21,135.72
2014-05-28,138.77
2014-06-04,134.91
2014-06-11,127.23
2014-06-18,132.66
2014-06-25,127.99
2014-07-02,136.4
2014-07-09,124.61
2014-07-16,132.22
2014-07-23,125.19
2014-07-30,133.46
2014-08-06,143.02
2014-08-13,137.42
2014-08-20,131.56
2014-08-27,119.67
2014-09-03,132.16
2014-09-10,158.57
2014-09-17,150.1
2014-09-24,149.02
2014-10-01,157.58
2014-10-08,157.01
2014-10-15,161.39
2014-10-22,158.29
2014-10-29,155.91
2014-11-05,155.5
2014-11-12,150.07
2014-11-19,141.73
2014-11-26,124.94
2014-12-03,131.18
2014-12-10,150.74
2014-12-17,158.89
2014-12-24,151.73
2014-12-31,148.77
2015-01-07,152.29
2015-01-14,147.23
2015-01-21,151.6
2015-01-28,147.86
2015-02-04,150.29
2015-02-11,145.4
2015-02-18,143.59
2015-02-25,137.68
2015-03-04,161.03
2015-03-11,159.07
2015-03-18,149.97
2015-03-25,154.74
2015-04-01,140.08
2015-04-08,145.78
2015-04-15,145.18
2015-04-22,146.98
2015-04-29,125.26
2015-05-06,124.68
2015-05-13,121.88
2015-05-20,128.32
2015-05-27,129.32
2015-06-03,143.69
2015-06-10,147.22
2015-06-17,147.23
2015-06-24,156.45
2015-07-01,171.67
2015-07-08,175.4
2015-07-15,180.03
2015-07-22,164.04
2015-07-29,153.79
2015-08-05,158.51
2015-08-12,151.78
2015-08-19,147.64
2015-08-26,133.04
2015-09-02,142.92
2015-09-09,150.41
2015-09-16,151.09
2015-09-23,149.38
2015-09-30,148.24
2015-10-07,134.06
2015-10-14,143.76
2015-10-21,145.59
2015-10-28,147.15
2015-11-04,145.98
2015-11-11,158.07
2015-11-18,158.21
2015-11-25,164.15
2015-12-02,161.35
2015-12-09,164.23
2015-12-16,158.52
2015-12-23,156.09
2015-12-30,154.68
2016-01-06,145.19
2016-01-13,144.15
2016-01-20,150.51
2016-01-27,142.07
2016-02-03,136.25
2016-02-10,129.47
2016-02-17,135.76
2016-02-24,129.03
2016-03-02,111.87
2016-03-09,120.19
2016-03-16,126.02
2016-03-23,128.13
2016-03-30,114.94
2016-04-06,116.54
2016-04-13,121.64
2016-04-20,131.04
2016-04-27,130.49
2016-05-04,129.38
2016-05-11,140.94
2016-05-18,154.97
2016-05-25,156.33
2016-06-01,155.88
2016-06-08,159.54
2016-06-15,161.74
2016-06-22,152.7
2016-06-29,143.24
2016-07-06,142.05
2016-07-13,154.86
2016-07-20,148.15
2016-07-27,144.52
2016-08-03,135.33
2016-08-10,126.77
2016-08-17,133.41
2016-08-24,133.88
2016-08-31,128.41
2016-09-07,138.26
2016-09-14,139.14
2016-09-21,139.73
2016-09-28,137.96
2016-10-05,140.91
2016-10-12,143.16
2016-10-19,154.66
2016-10-26,160.64
2016-11-02,167.35
2016-11-09,167.29
2016-11-16,180.94
2016-11-23,169.56
2016-11-30,160.2
2016-12-07,175.31
2016-12-14,178.07
2016-12-21,175.07
2016-12-28,179.35
2017-01-04,186.82
2017-01-11,180.6
2017-01-18,183.76
2017-01-25,178.11
2017-02-01,171.09
2017-02-08,174.16
2017-02-15,174.48
2017-02-22,174.53
2017-03-01,165.36
2017-03-08,169.53
2017-03-15,179.36
2017-03-22,172.98
2017-03-29,158.28
2017-04-05,155.6
2017-04-12,157.81
2017-04-19,159.27
2017-04-26,163.08
2017-05-03,175.27
2017-05-10,170.33
2017-05-17,168.13
2017-05-24,172.91
2017-05-31,175.28
2017-06-07,177.35
2017-06-14,170.5
2017-06-21,175.78
2017-06-28,172.71
2017-07-05,178.53
2017-07-12,170.06
2017-07-19,174.07
2017-07-26,171.86
2017-08-02,179.2
2017-08-09,175.08
2017-08-16,161.69
2017-08-23,164.25
2017-08-30,157.18
2017-09-06,152.46
2017-09-13,160.23
2017-09-20,164.86
2017-09-27,159.48
2017-10-04,158.46
2017-10-11,165.61
2017-10-18,164.39
2017-10-25,164.25
2017-11-01,169.52
2017-11-08,173.12
2017-11-15,167.06
2017-11-22,163.35
2017-11-29,164.71
2017-12-06,160.28
2017-12-13,161.06
2017-12-20,155.98
2017-12-27,152.32
2018-01-03,157.58
2018-01-10,161.65
2018-01-17,158.91
2018-01-24,165.34
2018-01-31,167.33
2018-02-07,167.71
2018-02-14,166.72
2018-02-21,166.03
2018-02-28,172.02
2018-03-07,167.87
2018-03-14,159.25
2018-03-21,143.2
2018-03-28,136.54
2018-04-04,146.2
2018-04-11,149.36
2018-04-18,153.9
2018-04-25,148.9
2018-05-02,154.89
2018-05-09,157.84
2018-05-16,156.68
2018-05-23,161.7
2018-05-30,153.69
2018-06-06,158.1
2018-06-13,153.62
2018-06-20,159.71
2018-06-27,164.06
2018-07-04,162.64
2018-07-11,161.71
2018-07-18,162.54
2018-07-25,160.54
2018-08-01,166.6
2018-08-08,174.16
2018-08-15,166.06
2018-08-22,168.89
2018-08-29,159.63
2018-09-05,159.22
2018-09-12,157.04
2018-09-19,169.25
2018-09-26,173.06
2018-10-03,176.46
2018-10-10,196.12
2018-10-17,197.56
2018-10-24,192.22
2018-10-31,184.59
2018-11-07,190.19
2018-11-14,192.05
2018-11-21,190.35
2018-11-28,190.85
2018-12-05,190.65
2018-12-12,195.74
2018-12-19,188.45
2018-12-26,182.13
2019-01-02,203.1
2019-01-09,200.64
2019-01-16,208.38
2019-01-23,207.84
2019-01-30,198.71
2019-02-06,198.61
2019-02-13,198.44
2019-02-20,188.36
2019-02-27,179.21
2019-03-06,190.87
2019-03-13,189.99
2019-03-20,194.02
2019-03-27,191.74
2019-04-03,207.31
2019-04-10,199.01
2019-04-17,198.41
2019-04-24,205.57
2019-05-01,207.88
2019-05-08,199.98
2019-05-15,204.75
2019-05-22,211.33
2019-05-29,212.86
2019-06-05,197.61
2019-06-12,203.08
2019-06-19,186.37
2019-06-26,189.07
2019-07-03,194.5
2019-07-10,190.69
2019-07-17,193.32
2019-07-24,191.07
2019-07-31,185.11
2019-08-07,180.68
2019-08-14,182.99
2019-08-21,182.63
2019-08-28,166.52
2019-09-04,169.69
2019-09-11,189.78
2019-09-18,181.97
2019-09-25,174.11
2019-10-02,184.02
2019-10-09,183.04
2019-10-16,190.27
2019-10-23,186.51
2019-10-30,185.82
2019-11-06,195.18
2019-11-13,196.69
2019-11-20,199.14
2019-11-27,205.33
2019-12-04,198.92
2019-12-11,193.3
2019-12-18,197.46
2019-12-25,185.32
2020-01-01,191.29
2020-01-08,197.24
2020-01-15,201.72
2020-01-22,206.41
2020-01-29,200.81
2020-02-05,201.76
2020-02-12,198.09
2020-02-19,197.13
2020-02-26,183.97
2020-03-04,178.12
2020-03-11,183.42
2020-03-18,179.12
2020-03-25,182.37
2020-04-01,182.54
2020-04-08,191.91
2020-04-15,192.1
2020-04-22,207.92
2020-04-29,211.03
2020-05-06,226.6
2020-05-13,234.37
2020-05-20,238.68
2020-05-27,242.48
2020-06-03,244.83
2020-06-10,245.68
2020-06-17,246.82
2020-06-24,245.96
2020-07-01,247.46
2020-07-08,247.75
2020-07-15,244.89
2020-07-22,220.31
2020-07-29,187.42
2020-08-05,181.99
2020-08-12,186.44
2020-08-19,183.69
2020-08-26,184.53
2020-09-02,177.32
2020-09-09,184.39
2020-09-16,183.1
2020-09-23,183.58
2020-09-30,175.93
2020-10-07,184.43
2020-10-14,186.15
2020-10-21,189.17
2020-10-28,192.61
2020-11-04,196.02
2020-11-11,198.65
2020-11-18,203.82
2020-11-25,205.77
2020-12-02,195
2020-12-09,197.79
2020-12-16,205.5
2020-12-23,211.96
2020-12-30,211.96
2021-01-06,263.93
2021-01-13,237.93
2021-01-20,242.66
2021-01-27,235.77
2021-02-03,239.83
2021-02-10,239.83
2021-02-17,239.83
2021-02-24,244.13
2021-03-03,234.83
2021-03-10,234.44
2021-03-17,239.13
2021-03-24,233.46
2021-03-31,229.05
2021-04-07,194.8
2021-04-14,190.5
2021-04-21,190.5
2021-04-28,187.48
2021-05-05,187.48
2021-05-12,186.62
2021-05-19,193.08
2021-05-26,193.08
2021-06-02,215.48
2021-06-09,217.2
2021-06-16,210.2
2021-06-23,206.09
2021-06-30,208.59
2021-07-07,208.59
2021-07-14,208.59
2021-07-21,224.67
2021-07-28,235.17
2021-08-04,248.39
2021-08-11,262.94
2021-08-18,291.05
2021-08-25,308.49
2021-09-01,325.29
2021-09-08,327.54
2021-09-15,329.7
2021-09-22,362.2
2021-09-29,381.77
2021-10-06,398.39
2021-10-13,425.65
2021-10-20,450.4
2021-10-27,478.28
2021-11-03,533.71
2021-11-10,520.79
2021-11-17,520.29
2021-11-24,535.29
2021-12-01,535.29
2021-12-08,535.29
2021-12-15,536.54
2021-12-22,536.54
2021-12-29,536.54
2022-01-05,568.99
2022-01-12,518.64
2022-01-19,518.36
2022-01-26,537.74
2022-02-02,523.29
2022-02-09,523.29
2022-02-16,515.79
2022-02-23,515.79
2022-03-02,503.29
2022-03-09,494.68
2022-03-16,511.9
2022-03-23,513.47
2022-03-30,513.47
2022-04-06,515.42
2022-04-13,440.42
2022-04-20,440.42
2022-04-27,444.72
2022-05-04,431.8
2022-05-11,419.65
2022-05-18,419.65
2022-05-25,434.65
2022-06-01,430.9
2022-06-08,430.9
2022-06-15,444.4
2022-06-22,431.99
2022-06-29,422.68
2022-07-06,371.25
2022-07-13,371.25
2022-07-20,361.25
2022-07-27,345.65
2022-08-03,343.04
2022-08-10,326.49
2022-08-17,273.58
2022-08-24,252.25
2022-08-31,285.78
2022-09-07,232.74
2022-09-14,238.84
2022-09-21,235.09
2022-09-28,239.4
2022-10-05,239.4
2022-10-12,242.63
2022-10-19,242.63
2022-10-26,251.49
2022-11-02,270.59
2022-11-09,271.45
2022-11-16,272.14
2022-11-23,272.14
2022-11-30,272.14
2022-12-07,250.59
2022-12-14,239.83
2022-12-21,248.26
2022-12-28,246.97
2023-01-04,257.48
2023-01-11,241.48
2023-01-18,242.98
2023-01-25,242.98
2023-02-01,240.39
2023-02-08,241.3
2023-02-15,234.84
2023-02-22,255.93
2023-03-01,233.75
2023-03-08,226.5
2023-03-15,222.19
