Date,Section,BC,AB,SK,MB,ON,QC,NB,NS,PE,NL,CA
2022-10,Population,5368266,4601314,1205119,1420228,15262660,8751352,820786,1030953,172707,528818,39292355
2022-07,Population,5319324,4543111,1194803,1409223,15109416,8695659,812061,1019725,170688,525972,38929902
2022-04,Population,5273809,4502858,1188338,1401967,14996014,8650692,802862,1007360,168358,523043,38644920
2022-01,Population,5251578,4482385,1185311,1398303,14940912,8637650,799245,1002441,166858,522501,38516138
2021-10,Population,5238713,4466124,1182984,1395430,14901607,8630187,795851,998387,166435,521854,38426473
2021-07,Population,5202378,4443773,1181493,1391979,14809257,8602335,790398,991117,164758,520452,38226498
2021-04,Population,5176360,4436944,1181040,1388726,14773618,8585460,786529,985238,162866,519694,38124373
2021-01,Population,5157293,4429077,1179119,1384025,14740102,8579010,784472,981793,161662,519736,38043450
2020-10,Population,5151920,4421857,1177980,1381572,14721852,8578733,783354,981266,161455,520203,38007048
2020-07,Population,5155495,4416682,1178467,1379888,14726022,8576595,782996,981691,161305,521359,38007166
2020-04,Population,5150199,4414332,1179409,1379138,14718133,8574709,782092,979075,160390,522505,37986182
2020-01,Population,5138710,4401362,1179135,1377248,14686092,8559876,780677,977498,159369,523345,37909001
2019-10,Population,5130780,4384848,1176282,1373845,14636131,8542964,780597,976483,158760,523889,37810038
2019-07,Population,5094796,4362576,1172479,1369954,14544701,8503483,777128,970243,157419,523427,37601230
2019-04,Population,5066120,4344454,1169397,1364667,14467552,8466531,774035,965553,155916,524131,37422946
2019-01,Population,5048144,4330833,1168447,1361820,14426822,8447803,772828,964073,155254,524803,37325235
2018-10,Population,5040353,4317665,1165929,1357968,14392903,8434705,772597,963447,155152,525729,37250385
2018-07,Population,5010476,4298275,1161767,1352825,14308697,8401738,770301,958406,153396,525560,37065084
2018-04,Population,4983183,4281706,1158451,1347055,14235643,8367551,768522,954618,152039,526395,36898431
2018-01,Population,4967421,4268853,1156659,1344418,14186830,8350601,768005,953838,151516,527544,36798408
2017-10,Population,4956550,4258195,1154755,1340565,14150783,8336460,767935,953683,151376,528288,36721223
2017-07,Population,4929384,4241100,1150331,1334790,14070141,8302063,766621,950108,150402,528249,36545236
2017-04,Population,4905210,4227969,1146218,1328412,14006386,8272894,764813,947384,148860,528544,36398013
2017-01,Population,4890848,4217855,1143313,1324129,13971785,8257450,764617,945943,148181,529347,36314099
2016-10,Population,4884002,4208958,1140690,1319911,13946431,8249692,764844,946030,147936,529900,36258726
2016-07,Population,4859250,4196061,1135987,1314139,13875394,8225950,763350,942790,146969,529426,36109487
2016-04,Population,4832155,4181765,1131147,1307689,13816545,8204085,762289,940382,145784,529063,35970303
2016-01,Population,4811465,4169830,1127773,1302544,13773629,8193624,760580,938690,145202,528800,35871136
2015-10,Population,4802955,4159519,1124919,1297329,13757688,8190014,759778,938320,144894,528696,35822894
2015-07,Population,4776388,4144491,1120967,1292227,13707118,8175272,758842,936525,144546,528117,35702908
2015-04,Population,4757759,4128300,1118806,1288094,13669860,8163063,758948,936271,144259,528063,35611271
2015-01,Population,4745468,4116047,1118181,1286453,13657737,8163132,759617,938296,144368,528361,35575187
2014-10,Population,4737725,4106056,1116203,1283366,13661314,8165447,759524,938972,144538,528461,35559047
2014-07,Population,4707103,4083648,1112979,1279014,13617553,8150183,758976,938545,144283,528159,35437435
2014-04,Population,4684490,4054280,1109631,1274407,13582747,8132425,758876,938913,143984,527498,35323533
2014-01,Population,4666788,4029951,1106374,1271562,13562583,8125478,759018,939867,143996,528242,35249639
2013-10,Population,4658875,4010903,1103730,1268428,13558528,8124660,758670,940105,144103,528117,35211866
2013-07,Population,4630077,3981011,1099736,1264620,13510781,8110880,758544,940434,144094,527114,35082954
2013-04,Population,4611648,3946798,1094390,1260834,13467829,8090916,758132,941230,143948,527313,34958216
2013-01,Population,4598255,3920499,1091547,1257940,13444704,8082771,758298,942598,144175,527248,34883119
2012-10,Population,4590545,3900333,1088959,1254178,13434943,8078388,758673,943341,144520,527180,34836008
2012-07,Population,4566769,3874548,1083755,1249975,13390632,8061101,758378,943635,144530,526345,34714222
2012-04,Population,4548438,3847722,1077892,1245692,13348263,8039492,757270,943746,144472,525655,34592779
2012-01,Population,4536084,3825072,1074265,1242141,13323332,8029498,757278,944307,144310,526215,34516352
2011-10,Population,4525684,3807726,1070687,1238019,13308659,8021860,756420,945016,144378,525936,34457998
2011-07,Population,4502104,3789030,1066026,1233649,13261381,8005090,755705,944274,143963,524999,34339328
2011-04,Population,4488508,3768773,1061484,1229063,13221999,7982119,754841,943918,143265,524239,34230378
2011-01,Population,4482260,3754424,1058963,1227212,13198650,7967185,754794,944068,143020,523726,34166099
2010-10,Population,4483609,3747226,1056115,1224662,13189339,7955007,754287,944179,142732,522865,34131683
2010-07,Population,4465546,3732082,1051443,1220780,13135778,7929222,753035,942107,141654,522009,34004889
2010-04,Population,4453744,3714974,1046799,1216610,13088106,7903339,752021,940919,140990,521204,33889236
2010-01,Population,4441329,3702266,1042952,1213933,13058435,7885717,751281,940823,140612,520283,33807529
2009-10,Population,4431576,3694303,1039554,1211875,13047485,7871361,751066,940501,140611,518985,33757077
2009-07,Population,4410506,3678996,1034819,1208556,12998345,7843383,749956,938208,139891,516751,33628895
2009-04,Population,4395190,3659228,1029901,1204014,12956332,7817022,749161,937429,139206,514719,33511275
2009-01,Population,4381829,3638482,1025993,1201702,12932234,7799115,748373,937382,139136,514223,33427050
2008-10,Population,4371124,3619292,1022553,1199548,12927148,7786475,747769,937045,139465,513437,33372418
2008-07,Population,4349336,3595856,1017404,1197775,12883583,7761725,746877,935897,138749,511581,33247118
2008-04,Population,4331699,3567458,1013478,1194662,12840272,7740347,746533,935635,138186,511253,33127520
2008-01,Population,4319652,3548796,1010304,1193408,12814446,7725513,746288,935475,138000,511008,33050613
2007-10,Population,4312042,3533413,1007323,1191690,12807208,7713173,746138,935379,138026,510262,33002138
2007-07,Population,4290984,3514147,1002086,1189451,12764806,7692916,745433,935115,137711,509055,32889025
2007-04,Population,4276743,3490842,997550,1186430,12726728,7674385,744938,934995,137708,509131,32786014
2007-01,Population,4265321,3472771,995174,1184503,12702838,7661583,744853,936203,137778,510335,32717701
2006-10,Population,4258655,3453944,993361,1183981,12700994,7653092,744975,937046,137898,510329,32680712
2006-07,Population,4241794,3421434,992314,1183562,12661878,7631966,745621,937882,137867,510592,32571174
2006-04,Population,4227986,3396802,991228,1181635,12618444,7615505,746337,937664,137846,510961,32470303
2006-01,Population,4217962,3371823,992237,1179920,12587531,7604258,746983,938117,137907,512564,32395309
2005-10,Population,4212666,3346754,993288,1179086,12578931,7598887,747672,938753,138130,513740,32353968
2005-07,Population,4196062,3321768,993500,1178264,12528663,7581476,748057,937926,138064,514332,32243753
2005-04,Population,4182963,3296271,994892,1177285,12477967,7567307,748693,937991,137788,515358,32141943
2005-01,Population,4174018,3276797,995900,1176051,12446466,7559625,749002,939215,137689,516794,32076720
2004-10,Population,4167810,3260590,996993,1174675,12437664,7553651,749243,939884,137695,516906,32039959
2004-07,Population,4155651,3238668,997283,1173238,12391421,7535590,749419,939664,137680,517423,31940655
2004-04,Population,4145951,3223490,997080,1170347,12341656,7520262,749336,938783,137629,517940,31846669
2004-01,Population,4139946,3209372,996558,1167656,12305320,7510408,749190,938997,137510,518739,31777704
2003-10,Population,4134638,3197858,996555,1165530,12291669,7503709,749463,938790,137425,518786,31737869
2003-07,Population,4124482,3183065,996386,1163596,12245039,7485753,749441,937717,137227,518459,31644028
2003-04,Population,4114925,3169049,995748,1160863,12195501,7471775,749265,935800,137120,518813,31550768
2003-01,Population,4110242,3155103,996241,1158369,12156750,7461516,749238,935509,137077,519223,31480672
2002-10,Population,4108400,3144926,996279,1157298,12146053,7455892,749408,935968,137078,519458,31451764
2002-07,Population,4100564,3128429,996807,1156680,12094174,7441656,749372,935179,136880,519481,31360079
2002-04,Population,4094236,3108360,997740,1154737,12030408,7428016,748777,934177,136892,520228,31253382
2002-01,Population,4087191,3092107,998681,1152837,11980361,7417882,748637,933773,136858,521399,31169393
2001-10,Population,4085648,3078336,999175,1152150,11961789,7411504,749295,933336,136876,521581,31129119
2001-07,Population,4076950,3058108,1000239,1151454,11897534,7396456,749820,932494,136665,522046,31020902
2001-04,Population,4066132,3041238,1001643,1149684,11827345,7383844,749789,932909,136499,523235,30910996
2001-01,Population,4055229,3027941,1003469,1148456,11771945,7373978,749715,933463,136377,525299,30824441
2000-10,Population,4049297,3016947,1006027,1148183,11748348,7368772,750252,934459,136400,526732,30783969
2000-07,Population,4039230,3004198,1007565,1147313,11683290,7356951,750517,933821,136470,527966,30685730
2000-04,Population,4033319,2988465,1009177,1145873,11621255,7347179,750543,934291,136289,529574,30594030
2000-01,Population,4026664,2974517,1011141,1144428,11576994,7340269,750786,934594,136442,531774,30525872
1999-10,Population,4021600,2966682,1012582,1143618,11559464,7334722,750643,935941,136424,532246,30492106
1999-07,Population,4011375,2952692,1014524,1142448,11504759,7323250,750601,933784,136281,533329,30401286
1999-04,Population,4002433,2937393,1015716,1140502,11452857,7315053,750075,932116,136025,534498,30314696
1999-01,Population,3995643,2926079,1016883,1138946,11419589,7310238,750127,932145,135994,536515,30260117
1998-10,Population,3990451,2915781,1017748,1138328,11408804,7305302,750708,932740,135908,537908,30231639
1998-07,Population,3983113,2899066,1017332,1137489,11365901,7295935,750530,931836,135804,539843,30155173
1998-04,Population,3977912,2876753,1017105,1136177,11322038,7290497,751080,932033,135635,542479,30080180
1998-01,Population,3972821,2859305,1017504,1135770,11292059,7286008,751969,932549,135938,545769,30028506
1997-10,Population,3964677,2847526,1017426,1135649,11278893,7282871,752248,932735,136165,547639,29994790
1997-07,Population,3948583,2829848,1017902,1136128,11227651,7274611,752511,932402,136095,550911,29905948
1997-04,Population,3931056,2813157,1017683,1135846,11179959,7267820,752447,931832,135931,553115,29818012
1997-01,Population,3914490,2799561,1018326,1134997,11146270,7262945,752334,932349,135935,555432,29751536
1996-10,Population,3899256,2789691,1019408,1134619,11130574,7257616,752526,932276,136004,557281,29708206
1996-07,Population,3874317,2775133,1018945,1134196,11082903,7246897,752268,931327,135737,559698,29610218
1996-04,Population,3849847,2762903,1017872,1132025,11037392,7237307,751872,929921,135311,561646,29514217
1996-01,Population,3826739,2753463,1016198,1130288,11009307,7232952,751581,929782,135119,563679,29446857
1995-10,Population,3805461,2745255,1015349,1129547,10993416,7228600,751174,930028,134971,565008,29396274
1995-07,Population,3777390,2734519,1014187,1129150,10950119,7219219,750943,928120,134415,567397,29302311
1995-04,Population,3751377,2724946,1012795,1127234,10906895,7210305,750692,927641,134175,569068,29211541
1995-01,Population,3730564,2715701,1011784,1124947,10875308,7205074,750819,927395,134060,570563,29141902
1994-10,Population,3711468,2709011,1010784,1124263,10860406,7201106,750670,927778,133800,572068,29096372
1994-07,Population,3676075,2700606,1009575,1123230,10819146,7192403,750185,926871,133437,574466,29000663
1994-04,Population,3646632,2691443,1008540,1120863,10776819,7184599,749473,926109,133030,575670,28907448
1994-01,Population,3623717,2683346,1007554,1119284,10744762,7177923,749531,925852,132752,577128,28835772
1993-10,Population,3601746,2678623,1007016,1118603,10728737,7172016,749454,925851,132467,578194,28786619
1993-07,Population,3567772,2667292,1006900,1117618,10690038,7156537,748812,923925,132177,579977,28684764
1993-04,Population,3541936,2658293,1005037,1115554,10656924,7147047,748320,922469,131833,580369,28600864
1993-01,Population,3522509,2650886,1003443,1114180,10629994,7137514,747892,922128,131564,580819,28533602
1992-10,Population,3502209,2643421,1002960,1113209,10610665,7129062,747746,921619,131201,579624,28474177
1992-07,Population,3468802,2632672,1003995,1112689,10572205,7110010,748121,919451,130827,580109,28371264
1992-04,Population,3443237,2620771,1002831,1111050,10528346,7096705,747232,917555,130812,579761,28269699
1992-01,Population,3423217,2611786,1001136,1109978,10488022,7082645,746571,917302,130604,579425,28181477
1991-10,Population,3404049,2604031,1000942,1109400,10465562,7080336,745886,916896,130360,579549,28127327
1991-07,Population,3373787,2592306,1002713,1109604,10431316,7067396,745567,914969,130369,579644,28037420
1991-04,Population,3352585,2580625,1002876,1107757,10385937,7044395,744203,912889,130453,578397,27928837
1991-01,Population,3339935,2572947,1002651,1106196,10355101,7026241,743210,912792,130477,577377,27854861
1990-10,Population,3322896,2563142,1004214,1105098,10344678,7019039,741981,911749,130367,577113,27807591
1990-07,Population,3292111,2547788,1007727,1105421,10295832,6996986,740156,910451,130404,577368,27691138
1990-04,Population,3266888,2532621,1009952,1103935,10238884,6973762,738744,908444,130468,577167,27567161
1990-01,Population,3247419,2520056,1011429,1102752,10189985,6955119,737307,907394,130336,576278,27463550
1989-10,Population,3229220,2507203,1016043,1102522,10167642,6946945,736352,906644,129900,575594,27402695
1989-07,Population,3196725,2498325,1019439,1103792,10103305,6925128,735129,903841,130153,576551,27276781
1989-04,Population,3174623,2489032,1020302,1102669,10031922,6903228,733872,901341,130192,576458,27147776
1989-01,Population,3158092,2477533,1021497,1101544,9969308,6882602,732462,900270,129984,575626,27032356
1988-10,Population,3141854,2465242,1025453,1101074,9917210,6864044,731671,899462,129327,574645,26932655
1988-07,Population,3114761,2456614,1028225,1102152,9838620,6837077,730349,897216,129289,574982,26791747
1988-04,Population,3094274,2450646,1028590,1101404,9774964,6818248,729079,895638,129242,574912,26679165
1988-01,Population,3081368,2443396,1029527,1099782,9735171,6805203,728401,894600,129152,574543,26602328
1987-10,Population,3068995,2437537,1031995,1098195,9702789,6796640,728100,894585,128758,574094,26542370
1987-07,Population,3048651,2440877,1032799,1098373,9637945,6781984,727768,893606,128641,575242,26446601
1987-04,Population,3032807,2439074,1031336,1097076,9577947,6765059,726566,891908,128645,575802,26346370
1987-01,Population,3021900,2432958,1029639,1094659,9531478,6745101,725368,891424,128429,575586,26256140
1986-10,Population,3015876,2429949,1029554,1092636,9493289,6727250,725304,891078,128281,575396,26187639
1986-07,Population,3003621,2432930,1028717,1091552,9437359,6708170,725019,889087,128436,576306,26100278
1986-04,Population,2994267,2424950,1027812,1090433,9391784,6693133,724432,888157,128403,577105,26019615
1986-01,Population,2988964,2415590,1027137,1087851,9362036,6684699,724277,887435,128256,577248,25962414
1985-10,Population,2984237,2407001,1027418,1085016,9338435,6676959,723955,887408,127864,577784,25914797
1985-07,Population,2975131,2404490,1024928,1082495,9294657,6665802,723287,885848,127619,579275,25842116
1985-04,Population,2967584,2401499,1021914,1081013,9256175,6654729,722406,884525,127486,579320,25774717
1985-01,Population,2962108,2395813,1020040,1078327,9230294,6645778,721932,883012,127330,579043,25721170
1984-10,Population,2956332,2390913,1018785,1075088,9210346,6640276,721509,881323,126877,579356,25677668
1984-07,Population,2947181,2393907,1014615,1071810,9167484,6631220,720488,877471,126563,580065,25607053
1984-04,Population,2935384,2396706,1010840,1069201,9129833,6621748,718627,875922,126184,579810,25539861
1984-01,Population,2927258,2394892,1007484,1066222,9100590,6613628,717434,874076,125906,579558,25482358
1983-10,Population,2919166,2394239,1005175,1063952,9074145,6608417,716531,872143,125634,579603,25434150
1983-07,Population,2907502,2393587,1001249,1059752,9039564,6602976,714842,868289,125102,579164,25366451
1983-04,Population,2898574,2388090,997100,1055586,9010994,6595846,712338,865796,124479,577523,25300372
1983-01,Population,2891441,2383354,993810,1052538,8982933,6588636,711021,864117,124181,576813,25242830
1982-10,Population,2885875,2378405,991621,1049816,8957042,6584666,709894,862255,123919,575898,25193538
1982-07,Population,2876513,2369827,986582,1045224,8920288,6580631,707457,859038,123588,573795,25116942
1982-04,Population,2865557,2352042,983744,1042251,8892646,6572316,706179,857592,123225,573292,25042069
1982-01,Population,2857268,2337458,981559,1039300,8865774,6565745,705608,857469,123335,573343,24979229
1981-10,Population,2845212,2319715,979469,1037183,8846005,6558545,706008,857038,123496,575276,24920120
1981-07,Population,2826558,2291104,975759,1035545,8812286,6547207,706438,854871,123551,575302,24819915
1981-04,Population,2805394,2270227,973372,1034805,8787156,6534508,705241,854024,123285,574199,24732826
1981-01,Population,2790754,2249907,971544,1033968,8770591,6523258,704763,853673,123315,573420,24665355
1980-10,Population,2773680,2227159,970183,1034017,8757388,6515323,705237,853389,123445,573582,24603534
1980-07,Population,2745861,2191029,967548,1034435,8746013,6505997,706219,852659,123735,572759,24515667
1980-04,Population,2722921,2168863,965215,1033985,8715218,6492192,704475,851541,123275,571554,24418295
1980-01,Population,2707690,2149996,963231,1033557,8693157,6480428,703538,850915,123109,570899,24345365
1979-10,Population,2691121,2128647,961723,1034189,8674941,6472095,703038,850336,123002,570976,24279044
1979-07,Population,2665238,2096966,959735,1037272,8662088,6465996,703158,849396,122885,570075,24201544
1979-04,Population,2650940,2079840,957375,1037417,8638099,6455295,701261,848272,122277,569012,24128180
1979-01,Population,2641872,2064776,955552,1037449,8619239,6446529,700237,847511,122104,568329,24071889
1978-10,Population,2632020,2047919,954473,1038528,8604263,6442774,699937,846612,121952,568417,24025447
1978-07,Population,2615162,2022241,952430,1040881,8590144,6440459,699514,844628,121684,567639,23963203
1978-04,Population,2603502,2006745,950365,1040028,8569298,6436705,697851,843663,121014,566671,23903687
1978-01,Population,2595858,1991454,948753,1038859,8548453,6432019,696872,842961,120764,565981,23849503
1977-10,Population,2586668,1974721,947400,1038470,8530102,6431509,696378,842051,120459,566116,23801445
1977-07,Population,2570315,1948263,944621,1037369,8504080,6433133,695843,840028,119902,565348,23725843
1977-04,Population,2560711,1931214,941297,1035920,8481322,6423152,693580,839315,119297,564217,23656739
1977-01,Population,2554051,1914570,938455,1034113,8458617,6412575,691810,838385,119121,563387,23591713
1976-10,Population,2546813,1896466,936235,1033171,8438765,6404158,690936,837578,118925,563591,23533565
1976-07,Population,2533899,1869287,931612,1031758,8413779,6396761,689494,835166,118648,562639,23449808
1976-04,Population,2525812,1852651,928697,1030093,8387985,6377976,687521,833741,118298,560856,23369845
1976-01,Population,2520425,1839191,925570,1028134,8366498,6362125,685155,832765,118264,560024,23304197
1975-10,Population,2510751,1825051,922468,1026093,8352911,6348244,682086,830351,118009,558900,23240585
1975-07,Population,2499564,1808689,917415,1024975,8319795,6330303,677008,826549,117724,556496,23143275
1975-04,Population,2489116,1795097,913118,1021824,8284503,6310999,673918,824791,117316,554166,23048990
1975-01,Population,2479085,1782575,910276,1019529,8260161,6299783,671135,823084,117031,552812,22979190
1974-10,Population,2461396,1769880,908714,1018954,8240114,6286708,669506,821251,116401,551508,22907390
1974-07,Population,2442578,1754621,908457,1018206,8204275,6268571,664744,818751,115962,549604,22807969
1974-04,Population,2424995,1746975,907748,1015368,8172562,6251741,662560,816688,115566,547385,22723274
1974-01,Population,2409913,1739942,907546,1012378,8139808,6238468,661016,816353,115189,547107,22649538
1973-10,Population,2386932,1735396,908856,1008908,8107108,6227045,658693,814351,114944,546717,22570338
1973-07,Population,2367271,1725327,911937,1007358,8075547,6213149,656720,812386,114620,545561,22491777
1973-04,Population,2350837,1717910,912191,1005005,8035129,6199080,655725,809697,114437,544026,22405392
1973-01,Population,2338148,1710866,913591,1002589,8013391,6189678,652497,808614,114276,542983,22347459
1972-10,Population,2318552,1705519,916659,1001682,7992037,6182065,651182,805317,113960,541472,22288499
1972-07,Population,2302086,1694090,920780,1001652,7963117,6174216,648769,802255,113460,539124,22218463
1972-04,Population,2290667,1686758,921306,1000104,7927220,6165470,648056,800542,113314,537368,22148919
1972-01,Population,2278085,1679985,923123,998910,7906337,6152950,646337,800513,112964,535736,22092498
1971-10,Population,2258651,1675638,928061,998957,7882241,6148121,644717,798804,112874,534471,22039243
1971-07,Population,2240470,1665717,932038,998876,7849027,6137305,642471,797294,112591,530854,21962032
1971-04,Population,2178000,1623000,926000,986000,7683000,6022000,633000,788000,111000,521000,21523000
1971-01,Population,2168000,1616000,927000,984000,7656000,6017000,630000,785000,111000,519000,21465000
1970-10,Population,2152000,1607000,933000,982000,7613000,6021000,628000,784000,111000,519000,21400000
1970-07,Population,2134000,1597000,940000,983000,7566000,6015000,628000,783000,110000,518000,21324000
1970-04,Population,2118000,1589000,942000,981000,7528000,6005000,626000,780000,110000,516000,21244000
1970-01,Population,2107000,1579000,948000,979000,7488000,6002000,625000,779000,110000,516000,21182000
1969-10,Population,2082000,1571000,955000,979000,7442000,6001000,628000,778000,111000,516000,21111000
1969-07,Population,2065000,1562000,958000,979000,7399000,5987000,628000,777000,111000,515000,21028000
1969-04,Population,2052000,1553000,959000,977000,7362000,5975000,627000,774000,111000,513000,20950000
1969-01,Population,2042000,1546000,959000,975000,7338000,5961000,627000,771000,111000,511000,20888000
1968-10,Population,2023000,1536000,962000,974000,7305000,5949000,628000,771000,111000,509000,20814000
1968-07,Population,2006000,1527000,961000,972000,7275000,5931000,626000,768000,110000,507000,20729000
1968-04,Population,1996000,1518000,959000,968000,7238000,5916000,624000,765000,110000,505000,20644000
1968-01,Population,1988000,1510000,957000,966000,7213000,5902000,623000,764000,110000,503000,20581000
1967-10,Population,1970000,1501000,959000,966000,7186000,5888000,622000,762000,109000,502000,20509000
1967-07,Population,1950000,1493000,958000,964000,7142000,5870000,621000,761000,109000,500000,20412000
1967-04,Population,1937000,1483000,955000,961000,7096000,5846000,619000,758000,109000,498000,20306000
1967-01,Population,1926000,1476000,955000,958000,7063000,5826000,618000,757000,109000,496000,20228000
1966-10,Population,1905000,1470000,957000,959000,7025000,5808000,617000,756000,109000,496000,20146000
1966-07,Population,1880000,1465000,956000,963000,6977000,5787000,617000,757000,109000,494000,20048000
1966-04,Population,1862000,1459000,954000,963000,6926000,5762000,616000,755000,108000,492000,19939000
1966-01,Population,1848000,1456000,952000,962000,6888000,5740000,616000,754000,108000,490000,19857000
1965-10,Population,1827000,1453000,953000,963000,6849000,5720000,616000,755000,109000,489000,19777000
1965-07,Population,1804000,1451000,951000,965000,6803000,5694000,615000,756000,109000,488000,19678000
1965-04,Population,1790000,1445000,948000,964000,6758000,5668000,614000,754000,109000,486000,19578000
1965-01,Population,1779000,1443000,946000,962000,6723000,5644000,613000,755000,109000,485000,19501000
1964-10,Population,1765000,1436000,946000,961000,6687000,5621000,612000,756000,109000,485000,19420000
1964-07,Population,1750000,1431000,943000,960000,6646000,5593000,612000,755000,109000,484000,19325000
1964-04,Population,1737000,1425000,939000,957000,6602000,5566000,610000,753000,109000,482000,19222000
1964-01,Population,1728000,1419000,936000,955000,6572000,5541000,609000,752000,109000,480000,19142000
1963-10,Population,1716000,1414000,935000,953000,6535000,5518000,609000,752000,109000,479000,19061000
1963-07,Population,1702000,1407000,933000,950000,6497000,5489000,609000,751000,108000,477000,18964000
1963-04,Population,1694000,1398000,930000,947000,6455000,5461000,608000,749000,108000,474000,18864000
1963-01,Population,1686000,1391000,928000,944000,6427000,5437000,607000,747000,107000,473000,18787000
1962-10,Population,1674000,1382000,931000,940000,6395000,5413000,607000,748000,107000,471000,18708000
1962-07,Population,1663000,1373000,931000,937000,6362000,5381000,605000,746000,107000,469000,18614000
1962-04,Population,1655000,1363000,928000,933000,6330000,5350000,604000,744000,107000,466000,18519000
1962-01,Population,1648000,1356000,927000,930000,6303000,5324000,602000,742000,107000,464000,18442000
1961-10,Population,1640000,1345000,929000,927000,6275000,5300000,600000,740000,106000,462000,18363000
1961-07,Population,1632000,1335000,926000,923000,6248000,5268000,599000,738000,105000,459000,18271000
1961-04,Population,1626000,1325000,922000,919000,6214000,5238000,596000,735000,104000,456000,18172000
1961-01,Population,1621000,1317000,919000,916000,6187000,5212000,593000,732000,104000,454000,18092000
1960-10,Population,1614000,1307000,918000,911000,6158000,5187000,591000,731000,104000,452000,18009000
1960-07,Population,1605000,1296000,916000,908000,6127000,5152000,589000,728000,103000,449000,17909000
1960-04,Population,1596000,1282000,912000,903000,6083000,5119000,587000,725000,103000,447000,17793000
1960-01,Population,1589000,1274000,911000,900000,6054000,5092000,585000,722000,103000,445000,17710000
1959-10,Population,1580000,1263000,912000,896000,6020000,5068000,584000,722000,102000,443000,17624000
1959-07,Population,1570000,1252000,908000,892000,5985000,5035000,583000,720000,102000,441000,17522000
1959-04,Population,1562000,1241000,903000,888000,5938000,5002000,580000,718000,101000,439000,17406000
1959-01,Population,1556000,1233000,900000,883000,5907000,4974000,577000,716000,101000,437000,17318000
1958-10,Population,1548000,1221000,898000,881000,5874000,4947000,574000,713000,101000,435000,17225000
1958-07,Population,1540000,1211000,894000,877000,5835000,4915000,572000,710000,100000,433000,17120000
1958-04,Population,1532000,1198000,888000,872000,5789000,4879000,569000,707000,100000,430000,16997000
1958-01,Population,1524000,1191000,884000,868000,5759000,4849000,567000,705000,99000,428000,16907000
1957-10,Population,1511000,1179000,884000,863000,5722000,4825000,565000,702000,99000,427000,16810000
1957-07,Population,1490000,1169000,882000,863000,5668000,4786000,563000,701000,99000,425000,16677000
1957-04,Population,1468000,1153000,875000,856000,5580000,4737000,560000,698000,99000,422000,16479000
1957-01,Population,1449000,1144000,874000,851000,5529000,4702000,558000,695000,99000,420000,16352000
1956-10,Population,1426000,1136000,880000,852000,5470000,4671000,557000,695000,99000,418000,16235000
1956-07,Population,1405000,1126000,881000,850000,5423000,4641000,556000,695000,99000,416000,16123000
1956-04,Population,1388000,1118000,879000,848000,5375000,4606000,553000,693000,99000,414000,16004000
1956-01,Population,1377000,1109000,879000,845000,5344000,4581000,552000,690000,100000,412000,15919000
1955-10,Population,1362000,1102000,880000,844000,5311000,4557000,550000,688000,100000,410000,15834000
1955-07,Population,1347000,1094000,879000,841000,5278000,4529000,548000,684000,100000,407000,15736000
1955-04,Population,1334000,1084000,877000,837000,5236000,4492000,546000,681000,100000,404000,15620000
1955-01,Population,1323000,1078000,877000,833000,5208000,4465000,544000,678000,100000,401000,15535000
1954-10,Population,1311000,1070000,877000,830000,5174000,4436000,543000,676000,101000,399000,15444000
1954-07,Population,1299000,1061000,874000,825000,5130000,4402000,541000,674000,101000,396000,15330000
1954-04,Population,1288000,1047000,869000,819000,5082000,4365000,538000,670000,101000,393000,15199000
1954-01,Population,1278000,1039000,867000,816000,5047000,4337000,537000,668000,101000,390000,15105000
1953-10,Population,1265000,1029000,866000,814000,5002000,4310000,535000,667000,101000,387000,15001000
1953-07,Population,1253000,1016000,863000,810000,4956000,4281000,533000,664000,101000,384000,14886000
1953-04,Population,1242000,1002000,855000,806000,4907000,4249000,532000,662000,101000,382000,14763000
1953-01,Population,1233000,994000,852000,804000,4876000,4228000,530000,660000,101000,379000,14682000
1952-10,Population,1222000,985000,850000,802000,4841000,4209000,529000,657000,101000,377000,14598000
1952-07,Population,1209000,977000,845000,799000,4802000,4183000,527000,654000,100000,375000,14496000
1952-04,Population,1198000,965000,838000,794000,4757000,4153000,524000,651000,100000,371000,14376000
1952-01,Population,1189000,959000,836000,789000,4717000,4126000,521000,647000,100000,368000,14277000
1951-10,Population,1179000,950000,836000,784000,4665000,4095000,519000,646000,99000,365000,14163000
1951-07,Population,1168000,943000,834000,778000,4615000,4066000,517000,643000,99000,362000,14050000
1951-04,Population,,,,,,,,,,,13937000
1951-01,Population,,,,,,,,,,,13870000
1950-10,Population,,,,,,,,,,,13807000
1950-07,Population,,,,,,,,,,,13737000
1950-04,Population,,,,,,,,,,,13663000
1950-01,Population,,,,,,,,,,,13607000
1949-10,Population,,,,,,,,,,,13548000
1949-07,Population,,,,,,,,,,,13475000
1949-04,Population,,,,,,,,,,,13399000
1949-01,Population,,,,,,,,,,,12998000
1948-10,Population,,,,,,,,,,,12930000
1948-07,Population,,,,,,,,,,,12852000
1948-04,Population,,,,,,,,,,,12773000
1948-01,Population,,,,,,,,,,,12710000
1947-10,Population,,,,,,,,,,,12646000
1947-07,Population,,,,,,,,,,,12576000
1947-04,Population,,,,,,,,,,,12507000
1947-01,Population,,,,,,,,,,,12450000
1946-10,Population,,,,,,,,,,,12393000
1946-07,Population,,,,,,,,,,,12316000
1946-04,Population,,,,,,,,,,,12241000
1946-01,Population,,,,,,,,,,,12188000
