Date,"Corn 2 Yellow (USD)","Wheat 1 DNS 14% (USD)","Barley 2 Feed (USD)","Soybeans 1 (USD)"
1985-01-02,99.9,,,
1985-01-09,99.02,,,
1985-01-16,106.98,,,
1985-01-23,102.26,,,
1985-01-30,102.75,,,
1985-02-06,101.67,,,
1985-02-13,102.76,,,
1985-02-20,101.48,,,
1985-02-27,103.05,,,
1985-03-06,105.8,,,
1985-03-13,107.38,,,
1985-03-20,107.58,,,
1985-03-27,109.25,,,
1985-04-03,109.45,,,
1985-04-10,109.64,,,
1985-04-17,109.84,,,
1985-04-24,110.43,,,
1985-05-01,110.53,,,
1985-05-08,108.27,,,
1985-05-15,108.7,,,
1985-05-22,107.87,,,
1985-05-29,106.5,,,
1985-06-05,107.78,,,
1985-06-12,107.09,,,
1985-06-19,107.68,,,
1985-06-26,106.5,,,
1985-07-03,104.53,,,
1985-07-10,105.71,,,
1985-07-17,106.59,,,
1985-07-24,103.54,,,
1985-07-31,93.8,,,
1985-08-07,91.04,,,
1985-08-14,95.77,,,
1985-08-21,92.59,,,
1985-08-28,95.28,,,
1985-09-04,87.82,,,
1985-09-11,94.39,,,
1985-09-18,92.22,,,
1985-09-25,95.28,,,
1985-10-02,86.52,,,
1985-10-09,90.15,,,
1985-10-16,84.15,,,
1985-10-23,85.92,,,
1985-10-30,86.42,,,
1985-11-06,89.27,,,
1985-11-13,92.32,,,
1985-11-20,93.6,,,
1985-11-27,92.03,,,
1985-12-04,93.21,,,
1985-12-11,90.55,,,
1985-12-18,92.42,,,
1985-12-25,91.54,,,
1986-01-01,,,,
1986-01-08,91.14,,,
1986-01-15,91.54,,,
1986-01-22,90.85,,,
1986-01-29,89.17,,,
1986-02-05,90.55,,,
1986-02-12,88.29,,,
1986-02-19,89.37,,,
1986-02-26,88.19,,,
1986-03-05,85.73,,,
1986-03-12,88.78,,,
1986-03-19,91.14,,,
1986-03-26,91.53,,,
1986-04-02,93.8,,,
1986-04-09,89.86,,,
1986-04-16,88.78,,,
1986-04-23,88.19,,,
1986-04-30,93.5,,,
1986-05-07,95.77,,,
1986-05-14,98.03,,,
1986-05-21,99.21,,,
1986-05-28,99.9,,,
1986-06-04,98.43,,,
1986-06-11,97.83,,,
1986-06-18,96.85,,,
1986-06-25,89.86,,,
1986-07-02,92.2,,,
1986-07-09,76.28,,,
1986-07-16,78.25,,,
1986-07-23,75.49,,,
1986-07-30,71.36,,,
1986-08-06,62.2,,,
1986-08-13,63.58,,,
1986-08-20,61.71,,,
1986-08-27,52.95,,,
1986-09-03,52.85,,,
1986-09-10,51.97,,,
1986-09-17,50.69,,,
1986-09-24,56.99,,,
1986-10-01,58.27,,,
1986-10-08,64.96,,,
1986-10-15,49.31,,,
1986-10-22,52.07,,,
1986-10-29,53.74,,,
1986-11-05,56.5,,,
1986-11-12,58.37,,,
1986-11-19,58.17,,,
1986-11-26,59.15,,,
1986-12-03,58.96,,,
1986-12-10,57.68,,,
1986-12-17,56.1,,,
1986-12-24,55.11,,,
1986-12-31,55.51,,,
1987-01-07,53.74,,,
1987-01-14,56.59,,,
1987-01-21,56.59,,,
1987-01-28,55.41,,,
1987-02-04,56.59,,,
1987-02-11,53.44,,,
1987-02-18,50.89,,,
1987-02-25,51.67,,,
1987-03-04,54.33,,,
1987-03-11,57.78,,,
1987-03-18,60.63,,,
1987-03-25,62.99,,,
1987-04-01,59.25,,,
1987-04-08,59.84,,,
1987-04-15,62.8,,,
1987-04-22,65.55,,,
1987-04-29,68.8,,,
1987-05-06,71.75,,,
1987-05-13,69.49,,,
1987-05-20,67.62,,,
1987-05-27,71.16,,,
1987-06-03,71.16,,,
1987-06-10,68.11,,,
1987-06-17,69.93,,,
1987-06-24,71.75,,,
1987-07-01,66.44,,,
1987-07-08,63.98,,,
1987-07-15,62.4,,,
1987-07-22,61.61,,,
1987-07-29,60.73,,,
1987-08-05,55.9,,,
1987-08-12,55.12,,,
1987-08-19,58.07,,,
1987-08-26,58.86,,,
1987-09-02,57.37,,,
1987-09-09,58.96,,,
1987-09-16,61.32,,,
1987-09-23,58.46,,,
1987-09-30,59.65,,,
1987-10-07,59.84,,,
1987-10-14,59.15,,,
1987-10-21,65.45,,,
1987-10-28,66.04,,,
1987-11-04,65.1,,,
1987-11-11,66.44,,,
1987-11-18,69,,,
1987-11-25,69.88,,,
1987-12-02,68.01,,,
1987-12-09,65.75,,,
1987-12-16,64.27,,,
1987-12-23,66.04,,,
1987-12-30,64.27,,,
1988-01-06,66.54,,,
1988-01-13,65.75,,,
1988-01-20,70.47,,,
1988-01-27,71.16,,,
1988-02-03,72.74,,,
1988-02-10,73.13,,,
1988-02-17,71.26,,,
1988-02-24,73.23,,,
1988-03-02,72.05,,,
1988-03-09,71.56,,,
1988-03-16,75.79,,,
1988-03-23,76.57,,,
1988-03-30,75.89,,,
1988-04-06,76.77,,,
1988-04-13,73.23,,,
1988-04-20,78.05,,,
1988-04-27,74.8,,,
1988-05-04,79.13,,,
1988-05-11,108.94,,,
1988-05-18,80.61,,,
1988-05-25,91.34,,,
1988-06-01,99.8,,,
1988-06-08,121.85,,,
1988-06-15,101.18,,,
1988-06-22,118.41,,,
1988-06-29,111.52,,,
1988-07-06,106.99,,,
1988-07-13,108.96,,,
1988-07-20,103.55,,,
1988-07-27,98.82,,,
1988-08-03,94.09,,,
1988-08-10,106.89,,,
1988-08-17,106.1,,,
1988-08-24,104.23,,,
1988-08-31,103.35,,,
1988-09-07,107.28,,,
1988-09-14,,,,
1988-09-21,104.63,,,
1988-09-28,100.2,,,
1988-10-05,104.13,,,
1988-10-12,102.07,,,
1988-10-19,96.55,,,
1988-10-26,95.37,,,
1988-11-02,104.13,,,
1988-11-09,102.07,,,
1988-11-16,96.55,,,
1988-11-23,95.37,,,
1988-11-30,91.44,,,
1988-12-07,90.95,,,
1988-12-14,95.96,,,
1988-12-21,97.64,,,
1988-12-28,98.33,,,
1989-01-04,101.77,,,
1989-01-11,101.87,,,
1989-01-18,95.87,,,
1989-01-25,96.16,,,
1989-02-01,97.83,,,
1989-02-08,95.18,,,
1989-02-15,97.64,,,
1989-02-22,102.85,,,
1989-03-01,102.36,,,
1989-03-08,103.44,,,
1989-03-15,105.22,,,
1989-03-22,103.15,,,
1989-03-29,103.25,,,
1989-04-05,101.97,,,
1989-04-12,104.23,,,
1989-04-19,105.9,,,
1989-04-26,102.95,,,
1989-05-03,106.9,,,
1989-05-10,107.48,,,
1989-05-17,108.7,,,
1989-05-24,101.97,,,
1989-05-31,101.8,,,
1989-06-07,101.28,,,
1989-06-14,99.9,,,
1989-06-21,101.4,,,
1989-06-28,102.26,,,
1989-07-05,109.35,,,
1989-07-12,97.44,,,
1989-07-19,94.5,,,
1989-07-26,88.78,,,
1989-08-02,87.2,,,
1989-08-09,87.3,,,
1989-08-16,91.73,,,
1989-08-23,92.12,,,
1989-08-30,91.38,,,
1989-09-06,92.32,,,
1989-09-13,89.57,,,
1989-09-20,88.39,,,
1989-09-27,85.33,,,
1989-10-04,88.58,,,
1989-10-11,87.4,,,
1989-10-18,88.3,,,
1989-10-25,86.7,,,
1989-11-01,83.38,,,
1989-11-08,88.98,,,
1989-11-15,89.27,,,
1989-11-22,86.42,,,
1989-11-29,85.73,,,
1989-12-06,87,,,
1989-12-13,86.61,,,
1989-12-20,86.02,,,
1989-12-27,85.92,,,
1990-01-03,86.42,,,
1990-01-10,85.83,,,
1990-01-17,87.2,,,
1990-01-24,87.3,,,
1990-01-31,87.89,,,
1990-02-07,87.89,,,
1990-02-14,90.94,,,
1990-02-21,91.34,,,
1990-02-28,94.19,,,
1990-03-07,93.8,,,
1990-03-14,95.57,,,
1990-03-21,97.74,,,
1990-03-28,98.52,,,
1990-04-04,101.67,,,
1990-04-11,102.7,,,
1990-04-18,103.81,,,
1990-04-25,106.59,,,
1990-05-02,108.66,,,
1990-05-09,109.75,,,
1990-05-16,110.73,,,
1990-05-23,104.43,,,
1990-05-30,106.1,,,
1990-06-06,106.59,,,
1990-06-13,109.55,,,
1990-06-20,107.19,,,
1990-06-27,108.66,,,
1990-07-04,108.66,,,
1990-07-11,107,,,
1990-07-18,101.87,,,
1990-07-25,102.26,,,
1990-08-01,99.8,,,
1990-08-08,98.13,,,
1990-08-15,96.65,,,
1990-08-22,98.72,,,
1990-08-29,97.24,,,
1990-09-05,90.16,,,
1990-09-12,92.22,,,
1990-09-19,86.61,,,
1990-09-26,85.14,,,
1990-10-03,85.43,,,
1990-10-10,89.96,,,
1990-10-17,85.33,,,
1990-10-24,87.8,,,
1990-10-31,86.32,,,
1990-11-07,85.53,,,
1990-11-14,83.86,,,
1990-11-21,82.48,,,
1990-11-28,83.27,,,
1990-12-05,86.52,,,
1990-12-12,88.29,,,
1990-12-19,86.71,,,
1990-12-26,85.33,,,
1991-01-02,85.33,,,
1991-01-09,86.12,,,
1991-01-16,88.48,,,
1991-01-23,88.39,,,
1991-01-30,90.35,,,
1991-02-06,89.27,,,
1991-02-13,87.89,,,
1991-02-20,87.8,,,
1991-02-27,90.06,,,
1991-03-06,92.91,,,
1991-03-13,95.87,,,
1991-03-20,95.57,,,
1991-03-27,96.46,,,
1991-04-03,99.21,,,
1991-04-10,99.1,,,
1991-04-17,98.82,,,
1991-04-24,100.59,,,
1991-05-01,97.05,,,
1991-05-08,96.46,,,
1991-05-15,94.67,,,
1991-05-22,97.54,,,
1991-05-29,96.06,,,
1991-06-05,96.36,,,
1991-06-12,93.21,,,
1991-06-19,94.19,,,
1991-06-26,93.4,,,
1991-07-03,89.07,,,
1991-07-10,86.22,,,
1991-07-17,93.21,,,
1991-07-24,92.81,,,
1991-07-31,,,,
1991-08-07,94.6,,,
1991-08-14,93.11,,,
1991-08-21,92.52,,,
1991-08-28,94.06,,,
1991-09-04,94.98,,,
1991-09-11,93.41,,,
1991-09-18,93.7,,,
1991-09-25,88.68,,,
1991-10-02,90.85,,,
1991-10-09,90.85,,,
1991-10-16,87.8,,,
1991-10-23,89.67,,,
1991-10-30,93.01,,,
1991-11-06,90.35,,,
1991-11-13,91.34,,,
1991-11-20,88.9,,,
1991-11-27,86.81,,,
1991-12-04,88.09,,,
1991-12-11,87.8,,,
1991-12-18,91.34,,,
1991-12-25,,,,
1992-01-01,89.57,,,
1992-01-08,90.55,,,
1992-01-15,93.21,,,
1992-01-22,93.6,,,
1992-01-29,95,,,
1992-02-05,97.24,,,
1992-02-12,96.16,,,
1992-02-19,95.87,,,
1992-02-26,94.6,,,
1992-03-04,103.54,,,
1992-03-11,105.31,,,
1992-03-18,103.35,,,
1992-03-25,103.64,,,
1992-04-01,98.03,,,
1992-04-08,96.85,,,
1992-04-15,98.13,,,
1992-04-22,97.74,,,
1992-04-29,95.47,,,
1992-05-06,97.05,,,
1992-05-13,100,,,
1992-05-20,97.24,,,
1992-05-27,100,,,
1992-06-03,101.08,,,
1992-06-10,101.87,,,
1992-06-17,97.44,,,
1992-06-24,97.15,,,
1992-07-01,99.51,,,
1992-07-08,95.28,,,
1992-07-15,90.65,,,
1992-07-22,88.1,,,
1992-07-29,86.9,,,
1992-08-05,84.94,,,
1992-08-12,84.15,,,
1992-08-19,86.71,,,
1992-08-26,89.17,,,
1992-09-02,86.22,,,
1992-09-09,86.61,,,
1992-09-16,85.24,,,
1992-09-23,82.28,,,
1992-09-30,81.2,,,
1992-10-07,79.43,,,
1992-10-14,81.1,,,
1992-10-21,77.46,,,
1992-10-28,76.77,,,
1992-11-04,79.13,,,
1992-11-11,79.82,,,
1992-11-18,80.41,,,
1992-11-25,81.2,,,
1992-12-02,79.43,,,
1992-12-09,79.92,,,
1992-12-16,80.61,,,
1992-12-23,79.82,,,
1992-12-30,,,,
1993-01-06,79.03,,,
1993-01-13,79.33,,,
1993-01-20,80.11,,,
1993-01-27,79.2,,,
1993-02-03,79.13,,,
1993-02-10,79.72,,,
1993-02-17,79.33,,,
1993-02-24,79.82,,,
1993-03-03,80.11,,,
1993-03-10,81.98,,,
1993-03-17,85.53,,,
1993-03-24,86.12,,,
1993-03-31,88.68,,,
1993-04-07,89.96,,,
1993-04-14,88.58,,,
1993-04-21,87,,,
1993-04-28,85.92,,,
1993-05-05,87.5,,,
1993-05-12,88.09,,,
1993-05-19,86.31,,,
1993-05-26,86.71,,,
1993-06-02,84.74,,,
1993-06-09,83.95,,,
1993-06-16,81.69,,,
1993-06-23,81.79,,,
1993-06-30,85.72,,,
1993-07-07,91.63,,,
1993-07-14,87.1,,,
1993-07-21,87.2,,,
1993-07-28,85.43,,,
1993-08-04,87,,,
1993-08-11,86.12,,,
1993-08-18,86.41,,,
1993-08-25,86.12,,,
1993-09-01,81.79,,,
1993-09-08,84.05,,,
1993-09-15,88.09,,,
1993-09-22,87.4,,,
1993-09-29,84.94,,,
1993-10-06,84.74,,,
1993-10-13,90.65,,,
1993-10-20,92.71,,,
1993-10-27,94.78,,,
1993-11-03,97.83,,,
1993-11-10,103.34,,,
1993-11-17,106.49,,,
1993-11-24,103.05,,,
1993-12-01,102.26,,,
1993-12-08,108.46,,,
1993-12-15,107.28,,,
1993-12-22,109.74,,,
1993-12-29,111.31,,,
1994-01-05,111.71,,,
1994-01-12,111.9,,,
1994-01-19,110.72,,,
1994-01-26,111.61,,,
1994-02-02,109.25,,,
1994-02-09,110.92,,,
1994-02-16,110.33,,,
1994-02-23,108.56,,,
1994-03-02,108.66,,,
1994-03-09,106.69,,,
1994-03-16,107.97,,,
1994-03-23,109.05,,,
1994-03-30,109.44,,,
1994-04-06,106.98,,,
1994-04-13,103.64,,,
1994-04-20,100.59,,,
1994-04-27,100.59,,,
1994-05-04,102.46,,,
1994-05-11,99.8,,,
1994-05-18,104.52,,,
1994-05-25,101.08,,,
1994-06-01,106.69,,,
1994-06-08,103.54,,,
1994-06-15,105.9,,,
1994-06-22,98.03,,,
1994-06-29,93.4,,,
1994-07-06,89.86,,,
1994-07-13,89.07,,,
1994-07-20,82.77,,,
1994-07-27,83.17,,,
1994-08-03,82.77,,,
1994-08-10,83.95,,,
1994-08-17,85.04,,,
1994-08-24,85.82,,,
1994-08-31,84.94,,,
1994-09-07,86.12,,,
1994-09-14,80.8,,,
1994-09-21,77.85,,,
1994-09-28,78.24,,,
1994-10-05,78.64,,,
1994-10-12,77.95,,,
1994-10-19,76.57,,,
1994-10-26,73.32,,,
1994-11-02,75.88,,,
1994-11-09,77.16,,,
1994-11-16,77.06,,,
1994-11-23,76.28,,,
1994-11-30,76.77,,,
1994-12-07,80.02,,,
1994-12-14,80.31,,,
1994-12-21,80.9,,,
1994-12-28,81.98,165.15,82.67,197.22
1995-01-04,,,82.67,194.19
1995-01-11,82.48,157.36,82.67,194.65
1995-01-18,82.57,156.99,82.67,193
1995-01-25,81.98,158.73,82.67,192.17
1995-02-01,,,82.67,
1995-02-08,,155.61,82.67,192.08
1995-02-15,,154.78,82.67,194.01
1995-02-22,,151.75,82.67,193.64
1995-03-01,86.41,146.42,84.97,193.09
1995-03-08,87,,,193.09
1995-03-15,89.95,,,204.2
1995-03-22,90.84,,,204.2
1995-03-29,92.81,,,205.21
1995-04-05,94.88,,,208.25
1995-04-12,93.79,,,208.25
1995-04-19,92.81,,,205.4
1995-04-26,95.07,,,205.4
1995-05-03,96.16,,,205.12
1995-05-10,96.55,,,206.68
1995-05-17,96.65,,,201.36
1995-05-24,97.34,,,212.38
1995-05-31,99.21,,,204.57
1995-06-07,99.8,,,204.57
1995-06-14,105.21,,,209.26
1995-06-21,107.08,,,208.52
1995-06-28,,,,
1995-07-05,105.7,,,214.58
1995-07-12,107.08,,,214.58
1995-07-19,106.88,,,220.37
1995-07-26,105.7,,,219.91
1995-08-02,96.85,,,221.66
1995-08-09,96.16,,,208.52
1995-08-16,101.37,,,206.68
1995-08-30,102.06,,,211.46
1995-09-06,101.57,,,215.13
1995-09-13,104.92,,,216.88
1995-09-20,,,,217.61
1995-09-27,106.88,,,
1995-10-04,,,,
1995-10-11,112.49,,,
1995-10-18,113.77,,,227.54
1995-10-25,119.88,,,223.95
1995-11-01,123.91,,,242.88
1995-11-08,120.76,,,242.88
1995-11-15,115.25,,,242.69
1995-11-22,114.27,,,234.7
1995-11-29,115.25,,,237.36
1995-12-06,115.45,,,239.02
1995-12-13,115.25,,,239.02
1995-12-20,121.84,,,248.02
1995-12-27,,,,252.52
1996-01-03,128.05,,,259.14
1996-01-10,123.42,204.3,130.9,252.89
1996-01-17,122.04,,,253.26
1996-01-24,123.52,,,254.08
1996-01-31,129.03,,,255.92
1996-02-07,129.72,,,255.46
1996-02-14,,,,194.19
1996-02-21,137.69,,,254.91
1996-02-28,139.76,,,258.31
1996-03-06,144.78,,,258.31
1996-03-13,144.19,,,260.24
1996-03-20,143.89,,,252.52
1996-03-27,149.89,,,264.74
1996-04-03,159.93,,,272.18
1996-04-10,166.13,,,277.32
1996-04-17,,,,
1996-04-24,185.82,,,290.64
1996-05-01,182.77,,,292.66
1996-05-08,188.87,,,295.97
1996-05-15,193.49,,,293.03
1996-05-22,195.86,,,286.14
1996-05-29,185.23,,,278.89
1996-06-05,172.83,,,275.39
1996-06-12,189.95,,,277.97
1996-06-19,186.41,,,281.82
1996-06-26,184.14,,,275.3
1996-07-03,199.79,,,281.55
1996-07-10,202.45,,,288.44
1996-07-17,174.6,,,290.83
1996-07-24,167.71,,,278.43
1996-07-31,170.96,,,277.69
1996-08-07,169.18,,,281.55
1996-08-14,177.06,,,297.26
1996-08-21,172.53,,,295.05
1996-08-28,156.59,,,297.9
1996-09-04,147.04,,,290.37
1996-09-11,144.38,,,298.36
1996-09-18,123.42,,,285.87
1996-09-25,123.32,,,287.61
1996-10-02,111.31,,,264.56
1996-10-09,113.68,,,262.81
1996-10-16,109.94,,,247.29
1996-10-23,109.35,,,251.88
1996-10-30,100.88,,,248.94
1996-11-06,98.42,,,247.1
1996-11-13,102.65,,,250.41
1996-11-20,98.42,,,248.76
1996-11-27,98.81,,,249.21
1996-12-04,96.16,,,241.77
1996-12-11,96.26,,,242.33
1996-12-18,97.14,169.11,96.45,245.45
1997-01-01,94.19,162.32,91.88,239.75
1997-01-08,94.58,172.42,91.86,243.61
1997-01-15,100.29,165.44,91.86,261.8
1997-01-22,99.01,167.92,96.45,259.96
1997-01-29,101.18,171.32,96.45,264.56
1997-02-05,99.8,167.37,96.45,261.43
1997-02-12,100.29,163.23,91.86,270.53
1997-02-19,102.95,160.2,94.16,273.01
1997-02-26,107.38,164.8,96.45,283.66
1997-03-05,110.13,165.07,91.86,288.81
1997-03-12,108.07,168.75,91.86,294.87
1997-03-19,111.51,171.69,91.86,299.09
1997-03-26,110.82,171.5,91.86,299.46
1997-04-02,115.74,165.16,91.86,312.87
1997-04-09,111.02,171.32,91.86,305.89
1997-04-16,111.12,175.16,91.86,300.66
1997-04-23,111.22,181.61,91.86,303.69
1997-04-30,110.23,175.08,91.86,314.43
1997-05-07,108.46,170.49,91.86,324.08
1997-05-14,108.85,171.59,105.64,318.02
1997-05-21,105.41,165.99,98.75,309.11
1997-05-28,103.74,160.11,98.75,311.4
1997-06-04,104.03,159.28,96.45,303.14
1997-06-11,103.34,172.6,91.86,302.58
1997-06-18,100.59,162.68,87.27,301.39
1997-06-25,96.16,158.27,80.38,294.5
1997-07-02,90.84,153.77,80.38,255.83
1997-07-09,90.65,155.89,78.08,284.03
1997-07-16,98.81,163.79,78.08,288.99
1997-07-23,95.37,166.36,80.38,274.84
1997-07-30,100.49,164.89,78.08,269.7
1997-08-06,,163.79,80.38,269.88
1997-08-13,98.13,162.13,80.38,266.58
1997-08-20,98.91,164.52,82.67,249.86
1997-09-03,101.47,164.89,87.27,
1997-09-10,100.29,164.01,87.27,245.45
1997-09-17,96.75,157.91,87.27,255
1997-09-24,96.85,156.8,89.56,232.31
1997-10-01,93.01,157.72,87.27,222.12
1997-10-08,102.26,159.47,82.67,238.93
1997-10-15,104.33,160.29,82.67,251.14
1997-10-22,106.2,164.52,82.67,248.11
1997-10-29,101.67,160.66,78.08,245.82
1997-11-05,100.19,164.06,78.08,255.92
1997-11-12,100.09,158.73,78.08,261.43
1997-11-19,100.68,159.47,78.08,246.18
1997-11-26,98.72,167.09,78.08,246.64
1997-12-03,98.72,161.49,78.08,241.22
1997-12-10,99.01,161.86,78.08,243.61
1997-12-17,96.06,156.53,73.49,233.69
1997-12-24,96.06,153.96,71.19,238.28
1997-12-31,95.17,150.01,71.19,231.67
1998-01-07,95.07,149.91,71.19,236.26
1998-01-14,99.9,150.47,73.49,232.04
1998-01-21,100.78,149,73.49,235.25
1998-01-28,100.98,153.04,73.49,239.94
1998-02-04,95.96,154.32,68.89,239.75
1998-02-11,95.37,154.23,73.49,239.75
1998-02-18,95.57,151.11,73.49,237.64
1998-02-25,96.35,148.35,68.89,231.67
1998-03-04,99.7,154.78,71.19,232.13
1998-03-11,102.75,160.2,71.19,239.94
1998-03-18,101.27,155.79,68.89,235.99
1998-03-25,99.21,156.25,68.89,234.79
1998-04-01,95.47,155.89,66.6,232.31
1998-04-08,93.6,159.56,64.3,229.19
1998-04-15,95.66,163.42,64.3,231.3
1998-04-22,93.79,156.53,64.3,230.66
1998-04-29,94.98,157.26,64.3,232.59
1998-05-06,98.81,164.8,66.6,237.36
1998-05-13,95.17,159.47,64.3,234.79
1998-05-20,94.39,155.24,66.6,229.83
1998-05-27,90.94,152.68,64.3,224.23
1998-06-03,90.55,150.83,64.3,224.87
1998-06-10,87.69,144.22,64.3,223.59
1998-06-17,91.14,146.7,62.01,225.42
1998-06-24,93.99,153.59,62.01,239.39
1998-07-01,88.38,147.16,62.01,226.98
1998-07-08,90.94,154.69,59.71,234.79
1998-07-15,84.15,147.99,59.71,226.16
1998-07-22,82.48,136.5,55.12,217.8
1998-07-29,78.34,130.53,55.12,210.82
1998-08-05,74.21,128.7,50.52,194.93
1998-08-12,74.9,135.58,50.52,200.8
1998-08-19,73.52,135.95,48.23,204.66
1998-08-26,68.21,130.9,48.23,193.46
1998-09-02,65.94,123.64,45.93,191.44
1998-09-09,69.98,121.07,45.93,186.29
1998-09-16,67.22,128.42,45.93,191.07
1998-09-23,65.55,133.56,45.93,183.08
1998-09-30,66.93,139.17,48.23,178.48
1998-10-07,71.35,145.69,48.23,183.17
1998-10-14,74.41,154.51,52.82,190.06
1998-10-21,71.26,150.28,55.12,187.58
1998-10-28,68.5,149.46,55.12,183.54
1998-11-04,73.03,148.63,57.41,192.63
1998-11-11,79.62,155.24,57.41,204.48
1998-11-18,78.83,154.05,59.71,204.48
1998-11-25,75.88,146.98,59.71,199.24
1998-12-02,74.9,149.09,59.71,204.57
1998-12-09,72.83,145.32,62.01,197.13
1998-12-16,73.72,143.21,62.01,192.45
1998-12-23,72.54,141.28,62.01,188.77
1998-12-30,,,,
1999-01-06,77.46,141.65,62.01,193.09
1999-01-13,74.11,144.77,62.01,185.74
1999-01-20,74.01,143.48,62.01,184.82
1999-01-27,75,143.48,62.01,178.94
1999-02-03,76.28,141.28,62.01,177.66
1999-02-10,78.05,146.79,62.01,174.62
1999-02-17,76.18,135.58,59.71,169.48
1999-02-24,73.52,128.97,59.71,160.39
1999-03-03,76.28,132.37,57.41,160.48
1999-03-10,79.33,,57.41,165.26
1999-03-17,81.39,141.56,62.01,167.28
1999-03-24,79.92,134.11,59.71,169.66
1999-03-31,80.51,132.19,62.01,166.36
1999-04-07,79.03,133.2,62.01,166.82
1999-04-14,80.51,131.54,62.01,172.42
1999-04-21,81.89,138.62,62.01,173.71
1999-04-28,80.21,133.2,62.01,170.67
1999-05-05,81.39,130.44,62.01,170.4
1999-05-12,81.98,135.13,62.01,167.64
1999-05-19,81.2,127.78,62.01,168.1
1999-05-26,77.85,125.48,62.01,162.32
1999-06-02,78.44,129.25,62.01,162.04
1999-06-09,79.43,135.22,62.01,166.27
1999-06-16,76.87,135.77,,163.6
1999-06-23,76.47,131.63,62.01,164.15
1999-06-30,74.41,134.57,62.01,157.45
1999-07-07,64.96,127.04,62.01,142.93
1999-07-14,61.81,126.77,62.01,147.71
1999-07-21,61.61,,62.01,147.16
1999-07-28,61.61,131.18,62.01,147.16
1999-08-04,69.09,129.61,62.01,164.06
1999-08-11,68.99,123.73,62.01,165.07
1999-08-18,66.34,127.32,62.01,160.48
1999-08-25,64.37,123.28,62.01,161.31
1999-09-01,65.45,126.21,62.01,167.55
1999-09-08,72.14,136.04,62.01,181.33
1999-09-15,68.8,132.28,62.01,173.34
1999-09-22,65.65,123,62.01,166.82
1999-09-29,69.19,124.65,62.01,167.64
1999-10-06,64.37,120.89,64.3,162.68
1999-10-13,60.33,131.73,64.3,164.8
1999-10-20,61.41,136.87,64.3,163.42
1999-10-27,64.86,133.29,64.3,153.68
1999-11-03,69.68,142.34,64.3,163.69
1999-11-10,71.95,141,64.3,167.18
1999-11-17,69.78,133.01,64.3,163.33
1999-11-24,68.5,135.4,64.3,162.68
1999-12-01,63.97,131.54,64.3,161.4
1999-12-08,62.2,131.08,64.3,
1999-12-15,62.2,131.08,64.3,
1999-12-22,64.27,129.98,64.3,
1999-12-29,64.47,130.07,64.3,
2000-01-05,67.32,130.26,64.3,
2000-01-12,68.99,130.53,64.3,
2000-01-19,72.04,131.18,64.3,
2000-01-26,75.78,131.08,64.3,
2000-02-02,73.22,125.94,64.3,
2000-02-09,73.72,126.86,64.3,169.85
2000-02-16,74.11,132.83,64.3,172.97
2000-02-23,72.93,132,64.3,176.37
2000-03-01,74.8,131.08,,173.8
2000-03-08,78.44,132.74,64.3,177.29
2000-03-15,81.49,134.76,,182.62
2000-03-22,79.13,131.91,,180.32
2000-03-29,77.95,133.29,,182.07
2000-04-05,80.7,132.74,64.3,185
2000-04-12,81.2,133.56,64.3,183.72
2000-04-19,81.3,131.54,66.6,186.29
2000-04-26,84.05,132.37,66.6,191.8
2000-05-03,84.74,136.96,66.6,196.76
2000-05-10,82.97,135.22,66.6,194.74
2000-05-17,82.48,135.4,66.6,190.24
2000-05-24,80.02,138.98,66.6,190.98
2000-05-31,77.26,135.58,66.6,181.51
2000-06-07,75.88,136.14,66.6,187.58
2000-06-14,70.76,133.01,66.6,184.64
2000-06-21,68.6,137.33,66.6,180.78
2000-06-28,65.25,137.88,66.6,179.4
2000-07-05,58.56,133.1,66.6,167.74
2000-07-12,60.92,129.71,64.3,170.31
2000-07-19,58.56,123.92,64.3,165.53
2000-07-26,56.2,118.68,64.3,162.32
2000-08-02,56.59,118.31,59.71,158.64
2000-08-09,57.58,115.01,57.41,160.57
2000-08-16,56.99,114,57.41,163.51
2000-08-23,57.28,119.6,57.41,163.69
2000-08-30,60.43,123,57.41,170.22
2000-09-06,59.05,122.54,57.41,175.91
2000-09-13,61.81,118.87,57.41,174.72
2000-09-20,55.21,116.2,57.41,159.01
2000-09-27,62,120.34,57.41,167.09
2000-10-04,63.97,129.61,59.71,164.24
2000-10-11,66.73,133.66,59.71,165.99
2000-10-18,71.06,137.97,59.71,164.34
2000-10-25,73.22,131.18,59.71,167.46
2000-11-01,70.67,130.44,59.71,162.77
2000-11-08,71.95,134.02,59.71,166.72
2000-11-15,71.55,138.52,64.3,165.26
2000-11-22,73.52,136.04,68.89,170.86
2000-11-29,71.95,140.36,68.89,170.4
2000-12-06,72.83,142.93,68.89,170.4
2000-12-13,70.57,133.56,68.89,172.79
2000-12-20,74.31,138.71,68.89,187.29
2000-12-27,,,,
2001-01-03,76.08,138.52,68.89,170.12
2001-01-10,77.36,137.15,71.19,168.01
2001-01-17,70.96,135.22,71.19,162.59
2001-01-24,,138.16,71.19,
2001-01-31,68.6,133.1,71.19,158.37
2001-02-07,71.45,132.83,71.19,159.56
2001-02-14,69.98,134.39,68.89,154.32
2001-02-21,,135.13,68.89,
2001-02-28,,130.26,68.89,
2001-03-07,78.05,133.93,68.89,162.41
2001-03-14,76.57,133.84,68.89,157.91
2001-03-21,73.42,132.19,68.89,157.17
2001-03-28,74.01,131.36,68.89,158.09
2001-04-04,72.14,132.46,68.89,150.74
2001-04-11,72.83,130.07,68.89,153.13
2001-04-18,73.32,137.33,68.89,151.57
2001-04-25,68.7,139.17,68.89,151.75
2001-05-02,69.48,142.2,68.89,152.95
2001-05-09,68.89,139.63,68.89,156.34
2001-05-16,68.4,143.67,68.89,159.1
2001-05-23,63.48,136.69,68.89,156.07
2001-05-30,63.87,137.88,68.89,156.25
2001-06-06,67.12,140.82,68.89,161.76
2001-06-13,65.84,141.83,68.89,167.83
2001-06-20,65.74,137.15,68.89,167.46
2001-06-27,63.87,133.29,68.89,162.04
2001-07-04,68.21,134.11,66.6,174.72
2001-07-11,73.42,137.15,66.6,181.15
2001-07-18,75.88,134.94,66.6,187.03
2001-07-25,73.22,133.29,71.19,178.48
2001-08-01,74.31,128.88,71.19,181.05
2001-08-08,74.8,128.24,68.89,179.31
2001-08-15,78.24,124.93,68.89,185.37
2001-08-22,74.6,126.21,68.89,176.46
2001-08-29,75.59,131.54,66.6,170.49
2001-09-05,75.69,128.24,66.6,169.48
2001-09-12,75.78,129.34,66.6,169.02
2001-09-19,71.45,128.79,68.89,169.02
2001-09-26,73.42,132.19,68.89,162.96
2001-10-03,65.84,126.95,68.89,155.43
2001-10-10,68.5,131.18,68.89,158.18
2001-10-17,71.16,135.95,68.89,153.41
2001-10-24,68.6,140.73,68.89,147.25
2001-10-31,68.11,142.2,68.89,150.56
2001-11-07,70.27,138.8,68.89,151.38
2001-11-14,75.19,136.14,68.89,159.19
2001-11-21,75.09,134.3,68.89,158.92
2001-11-28,72.34,132.19,68.89,154.69
2001-12-05,75.98,135.49,68.89,153.86
2001-12-12,75.39,131.63,71.19,152.3
2001-12-19,73.62,131.18,71.19,149.55
2001-12-26,73.03,128.88,71.19,150.83
2002-01-02,73.23,130.31,71.19,150.37
2002-01-09,73.42,131.73,71.19,149.91
2002-01-16,73.91,131.54,71.19,153.22
2002-01-23,72.73,128.6,71.19,152.49
2002-01-30,73.32,129.43,71.19,149.36
2002-02-06,73.32,128.14,71.19,152.39
2002-02-13,74.31,129.43,71.19,153.68
2002-02-20,74.7,128.05,71.19,153.68
2002-02-27,72.34,127.59,71.19,153.13
2002-03-06,73.82,130.16,71.19,156.99
2002-03-13,75.39,128.24,71.19,158.82
2002-03-20,74.21,128.33,71.19,159.28
2002-03-27,75.78,130.93,71.19,166.36
2002-04-03,75.09,133.2,71.19,168.01
2002-04-10,74.9,129.61,71.19,165.81
2002-04-17,73.52,130.07,71.19,166.17
2002-04-24,73.52,128.33,71.19,170.12
2002-05-01,74.01,133.29,71.19,166.17
2002-05-08,75.49,134.3,71.19,167.37
2002-05-15,79.33,130.35,71.19,171.96
2002-05-22,77.06,130.99,71.19,176.92
2002-05-29,76.96,130.44,71.19,180.5
2002-06-05,78.93,132.92,71.19,184.73
2002-06-12,77.46,130.16,71.19,179.4
2002-06-19,77.46,129.61,71.19,178.21
2002-06-26,81.39,137.88,71.19,181.61
2002-07-03,83.66,144.95,71.19,193.64
2002-07-10,84.05,144.22,71.19,207.23
2002-07-17,86.12,153.41,71.19,215.59
2002-07-24,87.99,150.93,71.19,209.07
2002-07-31,86.22,146.42,71.19,196.4
2002-08-07,92.22,149.18,80.38,200.25
2002-08-14,99.9,162.68,80.38,212.01
2002-08-21,98.22,159.47,80.38,201.36
2002-08-28,99.31,171.5,80.38,202.64
2002-09-04,102.06,181.61,80.38,201.91
2002-09-11,106.49,196.4,80.38,208.43
2002-09-18,100.98,188.31,80.38,205.77
2002-09-25,95.86,194.47,80.38,204.2
2002-10-02,93.6,201.63,91.86,194.74
2002-10-09,94.68,191.16,91.86,191.53
2002-10-16,92.91,194.01,91.86,196.12
2002-10-23,93.11,192.17,91.86,195.66
2002-10-30,90.15,185.65,91.86,196.95
2002-11-06,88.18,188.5,91.86,203.84
2002-11-13,84.35,176.92,91.86,200.07
2002-11-20,90.35,181.88,91.86,203.84
2002-11-27,83.95,174.81,91.86,200.62
2002-12-04,83.36,171.23,91.86,197.13
2002-12-11,82.77,162.13,91.86,197.68
2002-12-18,81.59,166.72,91.86,195.11
2002-12-25,81.59,166.72,91.86,195.11
2003-01-08,85.04,159.93,91.86,204.57
2003-01-15,83.56,158.73,91.86,194.01
2003-01-22,84.94,161.12,91.86,196.58
2003-01-29,86.41,161.95,91.86,203.28
2003-02-05,86.12,162.22,91.86,202.27
2003-02-12,87.99,166.45,91.86,202.83
2003-02-19,86.71,164.8,91.86,204.3
2003-02-26,85.43,169.48,91.86,205.12
2003-03-05,89.07,170.4,91.86,204.3
2003-03-12,88.18,162.41,91.86,204.11
2003-03-19,86.51,158.18,91.86,205.03
2003-03-26,85.92,155.43,91.86,205.21
2003-04-02,91.14,156.53,91.86,207.14
2003-04-09,92.42,153.31,91.86,217.16
2003-04-16,92.02,149,91.86,219.91
2003-04-23,90.84,144.86,91.86,220.83
2003-04-30,88.28,148.81,91.86,223.22
2003-05-07,92.32,148.44,91.86,225.79
2003-05-14,96.35,156.16,91.86,231.58
2003-05-21,93.2,156.07,91.86,228.09
2003-05-28,92.52,154.51,91.86,225.06
2003-06-04,92.12,154.87,91.86,217.98
2003-06-11,92.22,157.08,91.86,227.26
2003-06-18,92.52,148.44,91.86,222.02
2003-06-25,92.22,151.48,91.86,229.92
2003-07-02,85.53,147.07,91.86,225.33
2003-07-09,87.5,143.94,91.86,221.11
2003-07-16,81.3,145.78,91.86,214.31
2003-07-23,79.72,147.8,87.27,203.84
2003-07-30,80.31,149,80.38,195.66
2003-08-06,80.11,146.7,80.38,192.45
2003-08-13,84.15,152.12,82.67,202.27
2003-08-20,85.04,152.49,82.67,207.23
2003-08-27,88.48,153.04,82.67,209.26
2003-09-03,88.97,154.6,82.67,209.99
2003-09-10,92.81,144.49,82.67,218.44
2003-09-17,82.38,141.28,82.67,220
2003-09-24,81.79,139.9,82.67,232.22
2003-10-01,78.05,149.36,82.67,239.66
2003-10-08,80.9,144.59,82.67,242.78
2003-10-15,81.69,148.44,82.67,265.47
2003-10-22,79.43,154.97,82.67,260.97
2003-10-29,88.28,166.36,82.67,277.78
2003-11-05,85.53,159.93,82.67,269.42
2003-11-12,88.78,167.55,82.67,279.53
2003-11-19,88.09,163.88,82.67,278.89
2003-11-26,90.74,172.97,82.67,
2003-12-03,90.65,169.57,82.67,
2003-12-10,91.43,165.9,82.67,
2003-12-17,91.73,158.92,82.67,
2003-12-24,,154.6,82.67,
2003-12-31,89.56,160.29,82.67,
2004-01-01,89.56,160.29,82.67,
2004-01-07,90.35,167.46,82.67,
2004-01-14,97.83,163.88,82.67,
2004-01-21,100.88,164.8,82.67,
2004-01-28,101.67,159.28,82.67,
2004-02-04,101.18,165.9,82.67,
2004-02-11,103.93,166.63,82.67,
2004-02-18,105.51,167.55,82.67,
2004-02-25,108.16,178.21,82.67,
2004-03-03,107.77,171.04,82.67,
2004-03-10,110.43,167.37,82.67,
2004-03-17,112.3,166.27,82.67,361.19
2004-03-24,112.89,170.86,82.67,381.77
2004-03-31,117.42,175.27,82.67,369.73
2004-04-07,121.55,176,82.67,366.34
2004-04-14,118.01,167.37,82.67,353.29
2004-04-21,118.6,174.07,82.67,346.4
2004-04-28,117.91,171.04,82.67,365.42
2004-05-05,122.34,178.39,82.67,376.81
2004-05-12,113.87,172.24,82.67,381.12
2004-05-19,111.02,170.31,87.27,323.71
2004-05-26,116.04,169.48,87.27,327.48
2004-06-02,122.83,176,87.27,318.94
2004-06-09,112.2,170.67,91.86,313.06
2004-06-16,106.88,166.45,91.86,320.59
2004-06-23,101.47,164.61,91.86,329.59
2004-06-30,101.77,164.89,91.86,338.23
2004-07-07,95.27,162.22,91.86,351.09
2004-07-14,92.42,157.72,91.86,322.43
2004-07-21,88.58,155.43,91.86,261.98
2004-07-28,85.13,151.57,91.86,248.2
2004-08-04,83.95,147.53,87.27,201.36
2004-08-11,88.78,151.84,82.67,203.56
2004-08-18,88.38,147.16,82.67,212.75
2004-08-25,90.65,146.24,78.08,223.49
2004-09-01,86.91,153.41,78.08,230.48
2004-09-08,85.23,157.72,78.08,209.26
2004-09-15,84.25,169.57,78.08,204.11
2004-09-22,72.73,162.22,78.08,191.16
2004-09-29,68.3,163.69,78.08,181.7
2004-10-06,69.78,167.92,73.49,175.82
2004-10-13,69.68,167.92,73.49,178.94
2004-10-20,69.58,178.21,73.49,192.9
2004-10-27,69.58,178.21,73.49,192.9
2004-11-03,68.01,182.8,73.49,185.74
2004-11-10,67.71,183.63,73.49,179.86
2004-11-17,71.65,187.3,73.49,193.09
2004-11-24,70.86,178.12,78.08,197.22
2004-12-01,69.58,174.44,78.08,188.04
2004-12-08,70.57,178.12,78.08,183.81
2004-12-15,71.26,174.72,78.08,
2004-12-22,72.34,172.42,78.08,
2004-12-29,71.55,173.98,78.08,
2005-01-01,71.55,173.98,78.08,
2005-01-05,70.47,169.3,78.08,
2005-01-12,72.73,178.3,78.08,
2005-01-19,68.11,180.87,78.08,
2005-01-26,69.29,177.84,78.08,
2005-02-02,69.29,183.99,78.08,
2005-02-09,67.61,173.89,78.08,
2005-02-16,70.08,159.74,78.08,
2005-02-23,72.63,178.94,78.08,
2005-03-02,76.08,174.44,78.08,
2005-03-09,74.5,169.48,78.08,
2005-03-16,80.11,177.1,78.08,236.63
2005-03-23,75.19,164.7,78.08,217.61
2005-03-30,75.59,164.24,78.08,218.63
2005-04-06,74.6,161.76,78.08,216.6
2005-04-13,75.29,169.39,78.08,217.71
2005-04-20,77.75,165.26,78.08,225.61
2005-04-27,78.34,172.42,78.08,229.19
2005-05-04,72.83,165.16,78.08,222.85
2005-05-11,75.29,164.7,78.08,228.18
2005-05-18,75.39,170.67,78.08,222.94
2005-05-25,77.65,171.69,78.08,228
2005-06-01,77.16,172.51,78.08,241.87
2005-06-08,76.87,168.56,78.08,238.74
2005-06-15,74.01,180.23,78.08,242.42
2005-06-22,80.41,182.16,78.08,258.4
2005-06-29,75.39,171.5,73.49,243.06
2005-07-06,81.89,174.44,73.49,249.67
2005-07-13,81.3,170.67,73.49,246.64
2005-07-20,81.3,159.74,92.55,235.34
2005-07-27,76.57,165.26,78.08,232.5
2005-08-03,75.98,180.04,78.08,235.34
2005-08-10,77.16,171.32,78.08,230.29
2005-08-17,68.89,170.22,78.08,211.18
2005-08-24,69.98,182.16,78.08,210.08
2005-08-31,55.31,176,78.08,199.79
2005-09-07,62.4,179.22,78.54,198.88
2005-09-14,59.07,177.75,78.08,191.89
2005-09-21,54.84,156.64,78.07,189.96
2005-09-28,52.27,155.33,78.08,184.46
2005-10-05,60.13,185.56,78.08,185
2005-10-12,58.95,189.51,78.08,191.44
2005-10-19,60.53,183.9,78.08,188.22
2005-10-26,50.29,196.4,78.08,172.7
2005-11-02,63.38,194.93,78.08,193.63
2005-11-09,65.45,188.68,78.08,200.07
2005-11-16,64.86,192.08,78.08,198.69
2005-11-23,69.19,181.7,78.08,198.42
2005-11-30,64.86,187.21,78.08,189.6
2005-12-07,64.17,181.79,78.08,192.54
2005-12-14,69.78,185.37,78.08,
2005-12-21,69.29,186.29,78.08,
2005-12-28,71.35,187.39,78.08,
2006-01-04,70.57,182.89,78.08,
2006-01-11,69.88,180.78,78.08,
2006-01-18,67.22,176.37,78.08,
2006-01-25,71.85,179.77,78.08,
2006-02-01,71.45,176.28,78.08,
2006-02-08,72.93,181.7,78.08,
2006-02-15,,175.91,78.08,
2006-02-22,,181.24,78.08,
2006-03-01,,179.49,78.08,
2006-03-08,,182.71,78.08,
2006-03-15,,174.99,78.08,
2006-03-22,,177.29,78.08,
2006-03-29,,172.97,78.08,
2006-04-05,79.33,180.6,78.08,190.52
2006-04-12,80.31,187.58,78.08,191.62
2006-04-19,81.69,180.23,78.08,198.05
2006-04-26,80.51,179.49,78.08,200.9
2006-05-03,79.33,180.14,78.08,205.95
2006-05-10,79.52,189.6,78.08,207.6
2006-05-17,85.43,203.38,78.08,200.99
2006-05-24,79.72,203.65,78.08,192.35
2006-05-31,80.8,208.15,78.08,192.35
2006-06-07,80.31,202.37,78.08,197.31
2006-06-14,73.62,197.22,78.08,197.5
2006-06-21,75.88,223.77,78.08,198.51
2006-06-28,74.01,207.42,75.78,192.72
2006-07-05,73.82,221.47,75.78,195.66
2006-07-12,81.59,218.26,75.78,200.25
2006-07-19,69.19,200.44,75.58,186.93
2006-07-26,69.68,194.1,75.78,189.51
2006-08-02,74.11,186.29,75.78,190.79
2006-08-09,75.88,186.29,75.78,183.72
2006-08-16,73.82,179.4,80.38,185.56
2006-08-23,68.3,171.32,80.38,180.96
2006-08-30,76.57,181.42,80.38,180.32
2006-09-06,77.46,178.39,80.38,180.32
2006-09-13,76.87,170.95,84.97,181.61
2006-09-20,80.31,176.65,91.86,183.44
2006-09-27,79.82,181.7,91.86,180.23
2006-10-04,87.5,189.41,96.45,181.97
2006-10-11,89.37,204.57,103.34,183.08
2006-10-18,105.31,194.74,103.34,204.11
2006-10-25,114.56,201.54,114.82,213.11
2006-11-01,110.03,198.23,124.01,219.08
2006-11-08,125.09,210.17,124.01,227.08
2006-11-15,129.23,211.28,124.01,222.94
2006-11-22,128.24,203.19,124.01,225.61
2006-11-29,131.59,205.21,142.38,229.01
2006-12-06,124.4,198.42,151.57,229.01
2006-12-13,125.68,197.96,151.57,
2006-12-20,127.45,198.51,151.57,
2006-12-27,132.97,200.44,142.38,
2007-01-03,126.18,194.01,142.38,
2007-01-10,128.44,185.46,137.79,
2007-01-17,144.09,196.4,137.79,
2007-01-24,141.23,195.66,137.79,
2007-01-31,142.51,196.67,137.79,
2007-02-07,141.04,194.28,137.79,
2007-02-14,146.15,200.9,137.79,
2007-02-21,157.47,206.41,146.98,
2007-02-28,155.7,207.6,146.98,
2007-03-07,151.37,208.43,149.27,255.09
2007-03-14,143.99,202.83,149.27,253.35
2007-03-21,146.35,203.47,149.27,257.76
2007-03-28,136.41,202.64,149.27,260.79
2007-04-04,126.47,202.92,149.27,260.51
2007-04-11,127.85,205.77,149.27,253.72
2007-04-18,132.08,206.32,156.16,243.06
2007-04-25,136.31,214.22,156.16,246.37
2007-05-02,138.18,210.63,156.16,250.78
2007-05-09,133.56,205.95,156.16,252.61
2007-05-16,136.21,207.05,156.16,267.4
2007-05-23,135.62,202.46,158.46,268.41
2007-05-30,139.86,211.74,158.46,269.06
2007-06-06,135.33,208.98,160.75,272.36
2007-06-13,140.35,228.18,163.05,270.71
2007-06-20,139.86,232.59,163.05,279.62
2007-06-27,122.73,244.62,163.05,268.14
2007-07-04,114.36,239.66,163.05,282.84
2007-07-11,120.47,247.29,163.05,289.91
2007-07-18,109.05,240.67,146.98,270.53
2007-07-25,104.92,245.63,146.98,259.04
2007-08-01,110.23,239.66,149.27,276.22
2007-08-08,121.25,255.83,153.86,289.54
2007-08-15,108.66,253.35,165.35,272.82
2007-08-22,124.21,253.35,165.35,279.62
2007-08-29,104.23,265.75,181.42,286.97
2007-09-05,115.25,286.23,202.09,291.75
2007-09-12,122.63,296.15,229.65,309.57
2007-09-19,117.42,296.98,229.65,323.71
2007-09-26,127.16,321.88,264.1,330.97
2007-10-03,113.58,654.3,287.06,315.63
2007-10-10,120.96,340.16,254.91,322.7
2007-10-17,127.16,329.13,254.91,326.74
2007-10-24,127.75,330.14,225.06,335.93
2007-10-31,134.44,334.92,225.06,346.86
2007-11-07,139.46,343.74,231.95,358.07
2007-11-14,139.76,340.98,231.95,372.77
2007-11-21,139.86,353.38,231.95,379.2
2007-11-28,139.56,362.94,231.95,389.67
2007-12-05,143.4,374.69,234.24,396.37
2007-12-12,153.63,408.59,234.24,417.5
2007-12-19,155.8,433.76,245.72,419.15
2007-12-26,162.69,420.9,245.72,442.49
2008-01-02,166.72,419.15,248.02,445.52
2008-01-09,172.53,412.45,252.61,451.21
2008-01-16,182.08,451.86,268.69,447.72
2008-01-23,171.74,473.81,273.28,416.67
2008-01-30,183.26,534.71,273.28,448.64
2008-02-06,184.44,639.25,252.61,468.85
2008-02-13,182.67,689.86,229.65,471.79
2008-02-20,193.89,713.75,241.13,494.2
2008-02-27,190.15,770.52,252.61,515.22
2008-03-05,202.75,602.51,252.61,525.62
2008-03-12,205.99,623.45,252.61,479.51
2008-03-19,186.31,552.08,245.72,426.23
2008-03-26,201.66,530.03,245.72,469.22
2008-04-02,174.7,510.74,245.72,420.72
2008-04-09,216.92,508.9,245.72,460.4
2008-04-16,217.9,466.65,245.72,471.33
2008-04-23,213.67,429.81,245.72,487.59
2008-04-30,215.05,422.83,245.72,453.79
2008-05-07,214.95,434.95,245.72,447.54
2008-05-14,211.11,456.73,245.72,475.28
2008-05-21,212.69,448.27,236.54,466.28
2008-05-28,204.52,430.82,229.65,475.01
2008-06-04,217.9,381.22,225.06,486.12
2008-06-11,255.99,420.16,236.54,531.5
2008-06-18,263.87,441.11,236.54,545.64
2008-06-25,260.03,445.61,236.54,543.81
2008-07-02,266.13,414.47,245.72,578.53
2008-07-09,240.44,360.27,243.43,553.73
2008-07-16,228.53,365.23,206.68,557.4
2008-07-23,194.28,365.6,192.9,491.72
2008-07-30,208.06,377.54,176.83,486.12
2008-08-06,177.16,346.77,183.72,423.66
2008-08-13,194.09,398.12,174.53,440.93
2008-08-20,205.99,361.74,183.72,459.3
2008-08-27,208.45,340.25,195.2,478.77
2008-09-03,191.43,321.32,172.24,424.94
2008-09-10,190.84,309.57,172.24,412.63
2008-09-17,194.64,297.35,167.64,394.26
2008-09-24,198.42,300.01,167.64,407.49
2008-10-01,156.29,272.46,149.27,344.29
2008-10-08,145.86,265.15,149.27,332.16
2008-10-15,134.25,266.76,146.98,289.54
2008-10-22,144.48,259.78,137.79,314.89
2008-10-29,137.3,261.06,137.79,307.09
2008-11-05,132.38,282.84,144.68,308.28
2008-11-12,127.75,287.15,144.68,308.65
2008-11-19,129.4,277.23,144.68,311.22
2008-11-26,122.24,278.61,114.82,305.71
2008-12-03,114.68,267.59,114.82,280.35
2008-12-10,111.41,289.82,103.34,282.74
2008-12-17,131.29,289.91,119.42,295.42
2008-12-24,133.85,284.49,119.42,314.43
2008-12-31,140.25,293.22,128.6,327.29
2009-01-07,149.01,284.76,137.79,340.61
2009-01-14,129.98,286.33,146.98,333.82
2009-01-21,136.02,279.07,146.95,341.35
2009-01-28,137.99,286.88,137.79,341.53
2009-02-04,129.23,273.28,114.82,330.51
2009-02-11,137.3,276.68,121.71,348.7
2009-02-18,126.86,282.1,112.53,313.97
2009-02-25,133.75,273.83,107.93,310.85
2009-03-04,130.11,275.95,112.53,308.83
2009-03-11,133.26,273.01,114.82,309.38
2009-03-18,141.82,273.28,114.82,328.49
2009-03-25,141.23,261.8,124.01,340.61
2009-04-01,146.06,282.65,124.01,342.45
2009-04-08,147.34,283.02,126.31,357.33
2009-04-15,147.34,267.31,126.31,374.05
2009-04-22,140.35,283.66,126.31,375.89
2009-04-29,149.6,286.88,126.31,374.42
2009-05-06,152.55,308.92,133.2,411.16
2009-05-13,157.28,288.71,133.2,411.9
2009-05-20,153.93,293.95,128.6,427.7
2009-05-27,153.54,309.47,130.9,430.27
2009-06-03,158.06,286.88,12.6,425.49
2009-06-10,164.17,290.46,133.2,449.19
2009-06-17,151.86,283.57,126.31,436.24
2009-06-24,143.89,276.22,126.31,432.11
2009-07-01,128.22,253.53,103.34,453.42
2009-07-08,125.29,247.84,96.45,388.75
2009-07-15,127.75,252.25,101.05,388.56
2009-07-22,118.5,238.1,87.27,375.34
2009-07-29,124.7,237.64,91.86,384.16
2009-08-05,132.28,237.73,94.16,431.92
2009-08-12,130.21,222.48,84.97,433.21
2009-08-19,123.62,212.56,73.49,376.99
2009-08-26,122.63,217.06,71.19,389.3
2009-09-02,118.99,220,82.67,378.83
2009-09-09,116.04,209.99,80.38,331.61
2009-09-16,127.26,232.31,84.97,340.8
2009-09-23,126.47,207.42,87.27,333.82
2009-09-30,122.04,216.51,89.56,333.27
2009-10-07,128.24,226.16,91.86,329.22
2009-10-14,138.97,226.43,96.45,361.56
2009-10-21,,227.17,98.75,367.25
2009-10-28,132.67,233.87,96.45,351.09
2009-11-04,136.61,242.78,101.05,356.41
2009-11-11,131.29,271.35,110.23,339.14
2009-11-18,138.97,264.65,121.71,357.88
2009-11-25,136.61,253.44,121.71,361.74
2009-12-02,134.84,247.19,121.71,
2009-12-09,127.16,234.52,119.42,357.88
2009-12-16,133.56,238.36,119.42,
2009-12-23,131.39,235.8,119.42,
2009-12-30,136.51,252.15,119.42,357.88
2010-01-06,140.84,266.02,119.42,357.88
2010-01-13,128.34,258.68,119.42,
2010-01-20,122.04,243.7,110.23,
2010-01-27,122.14,279.16,110.23,
2010-02-03,120.07,261.34,107.93,
2010-02-10,123.91,281.18,107.93,
2010-02-17,123.22,270.43,110.23,
2010-02-24,127.65,267.4,110.23,
2010-03-03,129.82,266.21,107.93,
2010-03-10,121.84,259.59,101.05,
2010-03-17,125.19,264.64,96.45,
2010-03-24,124.01,268.51,96.45,
2010-03-31,126.18,250.41,98.75,334.74
2010-04-07,130.9,248.48,96.45,337.86
2010-04-14,132.28,248.57,91.86,342.45
2010-04-21,132.77,247.56,91.86,352.19
2010-04-28,135.43,241.22,96.45,352.28
2010-05-05,135.82,245.63,105.64,340.61
2010-05-12,137.1,229.65,105.64,336.02
2010-05-19,126.08,236.72,101.05,326.47
2010-05-26,132.87,243.89,103.34,336.2
2010-06-02,124.99,250.68,103.34,336.76
2010-06-09,122.53,237.46,103.34,340.8
2010-06-16,130.21,265.75,105.64,348.7
2010-06-23,123.42,261.71,101.05,345.76
2010-06-30,128.24,228.45,94.16,339.51
2010-07-07,135.53,237.55,94.16,352.65
2010-07-14,137.49,237.27,98.75,345.76
2010-07-21,122.93,247.47,91.86,367.07
2010-07-28,126.08,272.18,89.56,370.28
2010-08-04,135.13,284.58,98.75,382.23
2010-08-11,132.47,275.12,114.82,367.25
2010-08-18,144.19,291.75,114.82,363.49
2010-08-25,139.66,293.12,128.6,362.29
2010-09-01,147.93,299.83,126.31,348.88
2010-09-08,161.31,307.55,128.6,368.17
2010-09-15,177.65,299.74,135.49,372.95
2010-09-22,164.26,302.58,146.98,380.48
2010-09-29,170.86,290.18,146.98,386.54
2010-10-06,164.76,294.96,133.2,365.97
2010-10-13,190.64,306.81,151.57,403.26
2010-10-20,192.71,309.11,160.75,409.69
2010-10-27,204.42,321.78,165.35,426.14
2010-11-03,206.29,312.23,165.35,433.39
2010-11-10,193.69,320.31,165.35,458.93
2010-11-17,188.48,297.81,160.75,425.86
2010-11-24,196.35,323.53,160.75,448.64
2010-12-01,197.23,339.14,169.94,448.64
2010-12-08,197.23,355.13,172.24,448.64
2010-12-15,198.1,355.31,179.13,450.11
2010-12-22,,365.51,181.42,
2010-12-29,,395.55,186.02,
2011-01-05,219.64,422.19,183.72,476.2
2011-01-12,,390.86,188.31,
2011-01-19,,397.29,190.61,
2011-01-26,,420.52,202.09,
2011-02-02,,437.34,206.68,
2011-02-09,260.52,461.87,215.87,520.66
2011-02-16,257.86,445.52,213.57,486.67
2011-02-23,259.14,437.89,211.28,470.14
2011-03-02,266.37,448.46,218.17,495.4
2011-03-09,245.71,445.06,215.87,474.73
2011-03-16,224.6,399.04,211.28,454.89
2011-03-23,253.35,429.63,218.17,476.57
2011-03-30,243.39,473.44,220.46,482.44
2011-04-06,280.3,471.06,229.65,481.53
2011-04-13,278.92,451.58,229.65,470.5
2011-04-20,266.42,465.04,234.24,478.68
2011-04-27,288.3,471.06,229.65,481.53
2011-05-04,249.3,443.22,215.87,466.64
2011-05-11,247.63,443.22,206.68,471.61
2011-05-18,275.09,479.97,215.87,489.98
2011-05-25,280.1,525.9,236.54,493.38
2011-06-01,279.51,535.91,241.13,506.14
2011-06-08,293.1,519.74,236.54,500.36
2011-06-15,258.85,470.14,236.54,483
2011-06-22,249.4,413,225.06,475.56
2011-06-29,245.66,414.29,218.17,463.52
2011-07-06,238.87,417.96,225.06,474.82
2011-07-13,267.19,427.7,243.43,494.57
2011-07-20,266.62,395.45,243.43,494.29
2011-07-27,270.66,378.83,241.13,496.32
2011-08-03,274.4,370.1,238.83,492.37
2011-08-10,264.55,,234.24,465.73
2011-08-17,274.59,391.05,241.13,489.7
2011-08-24,279.42,379.38,245.72,500.63
2011-08-31,272.23,371.85,248.02,501.74
2011-09-07,271.64,373.22,238.83,492.09
2011-09-14,270.56,361.83,236.54,477.21
2011-09-21,252.25,345.58,234.24,449.56
2011-09-28,241.43,353.38,234.24,436.15
2011-10-05,222.63,360.82,227.35,400.78
2011-10-12,236.9,362.39,238.83,434.86
2011-10-19,244.67,363.67,238.83,437.62
2011-10-26,237.49,369.46,243.43,429.72
2011-11-02,239.75,389.3,241.13,423.56
2011-11-09,241.52,401.88,245.72,406.2
2011-11-16,231.58,396.92,243.43,415.3
2011-11-23,222.33,370.74,236.54,398.49
2011-11-30,,354.03,241.13,
2011-12-07,,348.06,236.54,
2011-12-14,218.2,354.85,236.54,396.37
2011-12-21,218.2,354.85,241.12,396.37
2011-12-28,237.38,364.77,238.83,415.2
2012-01-04,237.38,330.14,238.83,415.2
2012-01-11,,338.04,238.83,
2012-01-18,,354.21,236.54,
2012-01-25,,344.56,241.13,
2012-02-01,245.17,362.29,243.43,445.61
2012-02-08,240.34,332.26,241.13,444.42
2012-02-15,240.34,347.6,192.45,444.42
2012-02-22,243.39,357.61,236.54,460.31
2012-02-29,249.59,347.6,248.02,473.99
2012-03-07,245.67,344.66,198.42,481.61
2012-03-14,254.71,352.82,248.02,493.84
2012-03-21,245.07,354.49,245.72,491.54
2012-03-28,227.94,355.96,243.43,488.51
2012-04-04,249.69,369.64,238.83,516.62
2012-04-11,241.72,353.02,238.83,512.94
2012-04-18,233.23,343,236.54,522.4
2012-04-25,233.3,344.2,238.83,527.73
2012-05-02,246.54,327.75,191.07,531.41
2012-05-09,234.04,325.09,189.23,523.32
2012-05-16,243.29,336.2,243.43,510.37
2012-05-23,225.78,339.97,241.13,496.04
2012-05-30,213.97,329.59,238.83,486.58
2012-06-06,236.21,343.28,241.13,519.92
2012-06-13,233.65,340.29,234.24,501.18
2012-06-20,242.01,348.61,236.54,525.62
2012-06-27,251.75,348.61,241.13,534.99
2012-07-04,284.73,58,243.43,583.58
2012-07-11,286.4,372.77,238.83,589.64
2012-07-18,318.73,400.14,275.58,651.65
2012-07-25,303.79,371.85,266.39,651.65
2012-08-01,300.19,371.16,268.12,649.82
2012-08-08,309.14,368.91,270.99,612.61
2012-08-15,298.8,353.11,266.39,613.44
2012-08-22,305.99,350.35,270.99,639.89
2012-08-29,307.37,357.61,270.99,634.38
2012-09-05,306.48,357.52,268.69,624.46
2012-09-12,293.68,370.01,254.91,623.17
2012-09-19,277.94,362.11,252.61,577.52
2012-09-26,275.68,378.83,250.32,569.16
2012-10-03,275.97,369.09,250.32,554.65
2012-10-10,285.93,380.94,256.24,599.65
2012-10-17,286.4,376.62,252.61,550.15
2012-10-24,271.94,371.11,254.91,557.86
2012-10-31,282.17,371.11,254.91,557.4
2012-11-07,271.64,368.17,250.32,510.37
2012-11-14,275.58,366.98,248.02,500.54
2012-11-21,281.09,372.58,252.61,509.36
2012-11-28,288.27,381.4,257.21,509.36
2012-12-05,278.04,372.58,250.32,503.83
2012-12-12,271.74,360.91,243.43,525.1
2012-12-19,264.16,355.13,234.24,516.52
2012-12-26,260.71,349.62,231.94,513.03
2013-01-02,262.09,348.7,229.65,514.47
2013-01-09,265.44,338.59,229.65,509.08
2013-01-16,278.14,353.29,236.54,517.26
2013-01-23,276.85,346.49,234.24,517.26
2013-01-30,285.03,351.55,238.83,536.27
2013-02-06,274.39,346.77,238.83,536.27
2013-02-13,269.18,335.93,236.54,514.96
2013-02-20,271.44,345.67,236.54,537.01
2013-02-27,276.56,338.13,236.54,528.93
2013-03-06,269.08,339.33,236.54,532.14
2013-03-13,280.3,332.99,241.13,524.33
2013-03-20,282.27,338.14,241.13,530.58
2013-03-27,283.15,349.25,243.43,532.32
2013-04-03,244.48,325.55,225.06,498.52
2013-04-10,255.7,325.55,226.65,498.52
2013-04-17,248.61,340.89,231.94,528.93
2013-04-24,245.56,337.86,227.35,528.01
2013-05-01,267.7,348.24,234.24,525.53
2013-05-08,263.27,336.39,231.94,543.71
2013-05-15,263.57,341.26,234.24,546.29
2013-05-22,272.23,332.62,181.88,567.05
2013-05-29,276.36,340.15,231.94,556.21
2013-06-05,271.93,340.25,229.65,564.02
2013-06-12,269.97,337.31,229.65,567.97
2013-06-19,282.37,336.11,231.94,560.34
2013-06-26,272.13,338.04,227.35,580
2013-07-03,256.58,337.49,222.76,576.14
2013-07-10,270.75,325.55,222.76,574.58
2013-07-17,266.91,304.15,169.02,569.25
2013-07-24,220.46,304.15,206.69,490.26
2013-07-31,225.18,304.52,197.5,485.94
2013-08-07,225.68,305.43,195.2,474.27
2013-08-14,224.3,305.34,179.13,500.82
2013-08-21,237,305.34,172.24,512.21
2013-08-28,243.79,319.67,183.72,545.19
2013-09-04,220.66,319.49,181.42,533.71
2013-09-11,231.84,307.39,184.97,506.7
2013-09-18,231.84,287.61,184.97,506.7
2013-09-25,178.63,289.54,146.98,474.18
2013-10-02,178.63,289.36,146.98,474.18
2013-10-09,178.63,289.36,146.98,474.18
2013-10-16,178.63,289.36,146.98,474.18
2013-10-23,168.4,323.81,156.16,475.47
2013-10-30,161.51,328.68,160.76,466.47
2013-11-06,161.11,314.07,158.46,461.87
2013-11-13,166.82,303.87,158.46,482.45
2013-11-20,161.02,310.58,158.46,464.72
2013-11-27,157.96,312.05,158.46,470.32
2013-12-04,165.54,319.67,156.16,473.81
2013-12-11,166.63,344.84,160.76,475.47
2013-12-18,161.02,301.58,160.76,468.12
2013-12-25,160.03,325.09,167.64,470.87
2014-01-01,157.87,317.01,167.64,463.89
2014-01-08,160.23,351.18,165.35,450.48
2014-01-15,160.13,354.21,167.64,470.32
2014-01-22,161.11,332.26,169.94,459.12
2014-01-29,161.61,318.02,169.94,455.99
2014-02-05,168.2,341.54,169.94,465.27
2014-02-12,164.56,331.34,169.94,467.75
2014-02-19,169.97,323.16,169.94,479.23
2014-02-26,170.27,336.02,169.94,498.71
2014-03-05,175.19,352.28,169.94,503.58
2014-03-12,175.68,363.12,179.13,503.58
2014-03-19,176.66,365.97,179.13,503.58
2014-03-26,178.93,351.55,181.42,518.46
2014-04-02,182.96,354.31,181.42,524.8
2014-04-09,185.52,313.33,181.42,538.76
2014-04-16,183.65,322.98,181.42,547.39
2014-04-23,186.8,315.72,181.42,527.83
2014-04-30,191.72,327.3,181.42,547.39
2014-05-07,190.54,344.11,183.72,522.22
2014-05-14,185.62,334.65,183.72,537.47
2014-05-21,176.57,323.81,181.42,549.05
2014-05-28,176.57,311.59,179.13,546.29
2014-06-04,171.35,318.57,167.64,537.38
2014-06-11,167.71,313.79,158.46,524.15
2014-06-18,166.33,349.89,158.46,509.64
2014-06-25,164.95,349.8,156.16,511.75
2014-07-02,154.42,357.24,149.27,499.63
2014-07-09,146.94,313.15,149.27,474.92
2014-07-16,140.64,300.57,137.79,453.15
2014-07-23,135.23,314.53,133.2,458.57
2014-07-30,130.6,298.64,133.2,434.13
2014-08-06,130.8,307.91,133.2,443.32
2014-08-13,131.88,288.26,114.83,434.22
2014-08-20,133.26,292.21,114.83,451.22
2014-08-27,133.26,292.21,114.83,479.05
2014-09-03,125.98,325.28,103.34,367.07
2014-09-10,125.58,373.96,114.83,473.08
2014-09-17,125.88,292.3,101.05,463.89
2014-09-24,117.51,274.85,105.64,335.01
2014-10-01,112.69,285.41,107.94,318.85
2014-10-08,119.38,292.11,112.53,330.7
2014-10-15,120.27,288.35,112.53,340.07
2014-10-22,119.29,290.74,112.53,342.73
2014-10-29,128.04,309.57,112.53,374.05
2014-11-05,130.9,298.09,112.53,374.33
2014-11-12,133.36,309.11,112.53,375.98
2014-11-19,125.29,300.93,117.12,348.98
2014-11-26,131.19,306.9,117.12,364.5
2014-12-03,131.19,306.9,117.12,364.5
2014-12-10,139.26,284.58,119.42,362.66
2014-12-17,144.97,312.23,126.31,358.99
2014-12-24,144.78,278.34,126.31,356.32
2014-12-31,140.54,276.31,126.31,356.14
2015-01-07,142.22,272.18,123.31,367.9
2015-01-14,137.79,262.9,128.6,350.63
2015-01-21,141.33,264.92,130.9,341.17
2015-01-28,138.57,258.68,126.31,337.59
2015-02-04,139.56,265.84,126.31,336.94
2015-02-11,142.12,263.64,126.31,335.84
2015-02-18,140.45,279.35,126.31,345.67
2015-02-25,140.35,278.89,124.01,353.11
2015-03-04,141.92,297.9,124.01,351.64
2015-03-11,142.51,273.56,124.01,351.18
2015-03-18,135.11,273.01,126.31,340.98
2015-03-25,144.09,290.55,130.9,346.04
2015-04-01,140.45,288.62,130.9,358.53
2015-04-08,140.25,279.81,128.6,350.72
2015-04-15,143.3,262.08,128.6,349.44
2015-04-22,141.13,254.91,128.6,353.29
2015-04-29,139.26,265.93,128.6,361.01
2015-05-06,139.26,274.2,124.01,361.01
2015-05-13,135.13,272.82,124.01,351.73
2015-05-20,131.1,276.77,128.6,343.28
2015-05-27,129.32,265.75,128.6,338.04
2015-06-03,131.1,266.58,114.83,341.08
2015-06-10,129.62,259.78,114.83,346.31
2015-06-17,129.91,263.55,119.42,357.43
2015-06-24,132.87,266.85,121.71,352.65
2015-07-01,148.61,284.58,130.9,373.96
2015-07-08,149.4,270.62,126.31,359.26
2015-07-15,153.34,262.54,126.31,367.81
2015-07-22,144.38,245.45,126.31,371.02
2015-07-29,131.39,236.82,112.53,360.09
2015-08-05,134.15,228,112.53,355.77
2015-08-12,126.86,222.48,112.53,339.88
2015-08-19,132.77,219.82,110.23,335.66
2015-08-26,131.78,213.67,110.23,328.86
2015-09-02,128.54,217.98,107.94,310.12
2015-09-09,127.16,224.23,105.64,314.99
2015-09-16,139.07,224.69,112.53,313.15
2015-09-23,127.26,232.31,112.53,303.78
2015-09-30,131,228.55,114.83,316
2015-10-07,132.97,238.01,117.12,313.43
2015-10-14,127.55,235.53,119.42,322.06
2015-10-21,130.21,227.54,117.12,316.09
2015-10-28,133.46,234.61,117.12,312.51
2015-11-04,137.2,240.29,119.42,314.9
2015-11-11,131.19,233.97,119.42,308.19
2015-11-18,132.77,239.3,119.42,306.81
2015-11-25,126.37,240.49,119.42,299.56
2015-12-02,128.04,242.05,119.42,309.48
2015-12-09,129.42,224.97,119.42,303.78
2015-12-16,134.93,222.58,119.42,298.55
2015-12-23,126.57,226.62,119.42,309.66
2015-12-30,124.01,222.21,119.42,305.43
2016-01-06,121.75,224.05,119.42,304.88
2016-01-13,123.62,224.14,119.42,308.65
2016-01-20,127.85,220.37,119.42,302.77
2016-01-27,128.04,219.91,117.12,303.69
2016-02-03,139.85,218.81,114.83,316.46
2016-02-10,139.85,213.48,114.83,316.45
2016-02-17,136.02,215.41,114.83,316.09
2016-02-24,124.21,212.47,114.83,300.29
2016-03-02,121.75,208.89,114.83,296.34
2016-03-09,123.42,204.39,114.83,304.79
2016-03-16,123.42,214.22,112.53,304.79
2016-03-23,121.4,212.01,114.83,297.83
2016-03-30,134.64,215.04,112.53,322.98
2016-04-06,131.49,222.85,112.53,319.31
2016-04-13,137.5,222.3,112.53,337.95
2016-04-20,145.96,231.58,112.53,356.32
2016-04-27,138.87,227.81,112.53,360.46
2016-05-04,136.9,227.26,112.53,361.93
2016-05-11,137.79,217.62,112.53,375.98
2016-05-18,144.28,222.03,112.53,374.15
2016-05-25,147.14,215.69,110.23,382.32
2016-06-01,151.07,220.92,110.23,389.39
2016-06-08,157.96,229.83,107.94,418.42
2016-06-15,155.9,222.48,107.94,410.8
2016-06-22,137.59,215.04,107.94,392.79
2016-06-29,134.54,215.04,107.94,408.78
2016-07-06,120.27,217.62,107.94,395.55
2016-07-13,131.49,212.2,107.94,406.3
2016-07-20,122.63,206.87,105.64,369.64
2016-07-27,122.73,204.2,105.64,362.85
2016-08-03,114.56,208.52,105.64,352.93
2016-08-10,112.59,215.38,101.05,364.13
2016-08-17,115.84,225.61,89.56,374.42
2016-08-24,114.76,211.74,89.56,371.21
2016-08-31,104.52,203.56,89.56,342.82
2016-09-07,113.48,201.36,87.27,354.76
2016-09-14,111.31,202.28,87.27,340.89
2016-09-21,114.36,200.71,91.86,352.65
2016-09-28,109.94,219.91,91.86,331.61
2016-10-05,115.84,233.23,91.86,334.92
2016-10-12,113.38,241.32,91.86,328.68
2016-10-19,117.51,249.95,91.86,336.76
2016-10-26,113.77,238.1,91.86,342.09
2016-11-02,115.84,229.56,91.86,331.34
2016-11-09,117.61,228.55,91.86,344.66
2016-11-16,117.12,230.48,91.86,343.74
2016-11-23,120.47,238.47,91.86,356.42
2016-11-30,112.89,239.3,91.86,357.7
2016-12-07,115.35,234.79,91.86,357.89
2016-12-14,116.92,245.73,91.86,348.61
2016-12-21,113.08,244.16,91.86,342.36
2016-12-28,113.48,248.3,91.86,342.36
2017-01-04,113.38,246.92,91.86,342.45
2017-01-11,113.38,256.84,91.86,342.45
2017-01-18,113.38,249.49,91.86,342.45
2017-01-25,114.07,240.95,91.86,349.24
2017-02-01,114.07,237,91.86,349.24
2017-02-08,114.07,241.68,91.86,349.24
2017-02-15,114.07,245.27,91.86,349.24
2017-02-22,114.07,233.97,91.86,349.24
2017-03-01,114.07,233.51,91.86,349.24
2017-03-08,114.07,229.47,91.86,349.24
2017-03-15,114.07,232.59,94.16,349.24
2017-03-22,128.63,227.9,94.16,348.61
2017-03-29,128.54,226.25,94.16,338.78
2017-04-05,132.18,219.36,94.16,329.32
2017-04-12,135.03,224.23,94.16,335.29
2017-04-19,139.26,232.31,94.16,334.83
2017-04-26,132.18,247.2,94.16,336.02
2017-05-03,133.75,244.81,94.16,342.91
2017-05-10,133.36,241.59,94.16,343.65
2017-05-17,133.26,233.69,94.16,346.68
2017-05-24,133.16,241.96,94.16,334.83
2017-05-31,131.49,243.25,94.16,323.71
2017-06-07,133.36,255.55,94.16,329.5
2017-06-14,134.24,278.34,94.16,329.87
2017-06-21,129.03,287.06,94.16,322.89
2017-06-28,125.29,296.16,94.16,320.13
2017-07-05,134.05,340.25,94.16,343.56
2017-07-12,136.51,326.75,94.16,363.49
2017-07-19,131.1,320.78,94.16,354.21
2017-07-26,127.06,299.46,94.16,353
2017-08-02,125.19,290,96.45,345.94
2017-08-09,129.23,301.85,96.45,346.96
2017-08-16,120.66,278.7,96.45,327.85
2017-08-23,117.71,267.04,96.45,335.47
2017-08-30,109.25,270.5,96.45,330.05
2017-09-06,122.43,270.8,96.45,341.35
2017-09-13,117.51,264.01,96.45,337.49
2017-09-20,109.84,259.6,96.45,334.37
2017-09-27,104.33,273.65,96.45,320.22
2017-10-04,101.67,259.96,96.45,319.76
2017-10-11,111.81,267.86,96.45,328.95
2017-10-18,114.36,274.66,96.45,338.14
2017-10-25,116.14,280.72,96.45,331.98
2017-11-01,117.81,278.99,96.45,335.11
2017-11-08,117.81,280.45,110.23,335.2
2017-11-15,117.02,287.43,110.23,337.77
2017-11-22,117.81,281.73,110.23,342.55
2017-11-29,112.2,272.18,110.23,337.13
2017-12-06,112.2,274.2,121.71,337.22
2017-12-13,111.81,272.82,121.71,328.58
2017-12-20,111.9,272,121.71,319.31
2017-12-27,113.68,272,121.71,319.31
2018-01-03,113.68,272,121.71,319.31
2018-01-10,113.68,277.97,121.71,319.31
2018-01-17,113.68,269.79,121.71,319.31
2018-01-24,113.68,267.5,121.71,319.31
2018-01-31,113.68,264.46,121.71,319.31
2018-02-07,113.68,266.95,130.9,319.31
2018-02-14,113.68,265.57,130.9,319.31
2018-02-21,113.68,270.53,130.9,319.31
2018-02-28,113.68,278.06,130.9,319.31
2018-03-07,113.68,277.42,130.9,319.31
2018-03-14,113.68,283.57,130.9,319.31
2018-03-21,113.68,274.39,130.9,319.31
2018-03-28,113.68,271.72,130.9,319.31
2018-04-04,113.68,262.44,130.9,319.31
2018-04-11,113.68,281.64,130.9,319.31
2018-04-18,135.82,296.89,130.9,362.94
2018-04-25,135.62,275.4,130.9,356.97
2018-05-02,140.15,284.58,130.9,358.62
2018-05-09,141.23,281.55,130.9,352.65
2018-05-16,139.85,276.96,130.9,345.67
2018-05-23,143.69,291.93,130.9,361.29
2018-05-30,137.98,273.38,130.9,357.15
2018-06-06,128.44,271.26,130.9,342.91
2018-06-13,125.58,265.48,130.9,320.5
2018-06-20,122.53,257.3,130.9,308.1
2018-06-27,122.24,250.59,130.9,300.38
2018-07-04,120.07,250.59,130.9,293.58
2018-07-11,117.42,246.83,130.9,281.73
2018-07-18,118.99,243.61,130.9,289.63
2018-07-25,124.89,258.95,130.9,294.96
2018-08-01,123.62,256.47,130.9,300.11
2018-08-08,122.53,255.46,130.9,300.75
2018-08-15,121.94,242.05,130.9,284.4
2018-08-22,121.45,242.97,130.9,285.96
2018-08-29,111.21,243.89,119.42,268.97
2018-09-05,118.6,240.77,119.42,268.6
2018-09-12,115.15,226.89,119.42,265.66
2018-09-19,110.13,243.61,119.42,263.45
2018-09-26,120.35,244.35,119.42,277.42
2018-10-03,121.16,249.68,119.42,280.17
2018-10-10,122.73,251.42,119.42,281.18
2018-10-17,123.22,243.89,119.42,284.67
2018-10-24,123.32,245.63,119.42,282.29
2018-10-31,126.08,255.1,119.42,281
2018-11-07,133.56,255.1,119.42,294.87
2018-11-14,130.7,263.09,119.42,301.85
2018-11-21,129.42,257.94,119.42,302.04
2018-11-28,122.63,260.51,119.42,295.97
2018-12-05,127.45,255.83,119.42,304.79
2018-12-12,129.23,251.88,119.42,309.38
2018-12-19,128.24,237.37,119.42,302.04
2018-12-26,130.11,236.26,119.42,294.96
2019-01-02,128.93,237.55,119.42,304.98
2019-01-09,128.93,252.8,119.42,311.22
2019-01-16,128.93,246.18,119.42,311.22
2019-01-23,128.63,259.23,119.42,306.08
2019-01-30,129.62,257.76,119.42,305.34
2019-02-06,129.62,269.43,119.42,305.34
2019-02-13,129.62,271.81,119.42,305.34
2019-02-20,129.62,256.75,119.42,305.64
2019-02-27,129.62,262.35,119.42,305.34
2019-03-06,129.72,263.82,119.42,305.71
2019-03-13,127.36,257.39,119.42,306.81
2019-03-20,130.5,285.32,119.42,308.65
2019-03-27,131.39,260.06,119.42,300.38
2019-04-03,128.63,236.91,119.42,306.35
2019-04-10,128.63,240.03,137.79,310.39
2019-04-17,128.73,236.08,137.79,305.16
2019-04-24,124.8,227.17,137.79,296.43
2019-05-01,126.37,218.26,149.27,288.07
2019-05-08,126.08,222.48,149.27,269.06
2019-05-15,128.14,222.48,149.27,281.28
2019-05-22,137.98,232.87,149.27,278.7
2019-05-29,137.98,232.87,149.27,279.62
2019-06-05,137.98,243.25,149.27,279.62
2019-06-12,137.98,247.36,149.27,279.62
2019-06-19,137.98,234.52,149.27,279.62
2019-06-26,149.3,244.07,149.27,308.93
2019-07-03,159.34,227.17,149.27,300.57
2019-07-10,156.68,225.52,149.27,305.89
2019-07-17,161.8,226.99,149.27,307
2019-07-24,155.48,223.13,149.27,308.65
2019-07-31,143.79,223.95,149.27,298.73
2019-08-07,143.73,220.83,137.79,292.76
2019-08-14,156.99,228.49,137.79,295.42
2019-08-21,123.42,221.27,137.79,295.79
2019-08-28,127.16,214.68,114.83,295.88
2019-09-04,122.83,202.83,114.83,297.44
2019-09-11,125.19,213.94,114.83,294.5
2019-09-18,129.52,213.94,114.83,305.25
2019-09-25,131.96,262.44,114.83,301.76
2019-10-02,135.33,262.44,114.83,315.54
2019-10-09,138.48,230.94,114.83,318.75
2019-10-16,141.04,233.51,114.83,325.55
2019-10-23,142.51,242.14,114.83,327.76
2019-10-30,141.82,250.13,114.83,324.91
2019-11-06,141.23,259.41,114.83,327.85
2019-11-13,141.23,261.53,114.23,324.82
2019-11-20,137.79,258.4,114.83,325
2019-11-27,133.16,258.31,114.83,311.22
2019-12-04,138.91,242.51,114.83,308.28
2019-12-11,131.59,238.19,114.83,313.98
2019-12-18,138.97,247.56,114.83,326.93
2019-12-25,140.74,250.69,114.83,331.71
2020-01-01,139.26,247.29,114.83,326.19
2020-01-08,139.44,241.68,114.83,330.05
2020-01-15,141.33,235.53,114.83,331.52
2020-01-22,141.23,242.69,114.83,317.74
2020-01-29,139.46,246.46,114.83,312.69
2020-02-05,138.67,235.8,114.83,307.73
2020-02-12,137.69,244.81,114.83,308.56
2020-02-19,138.97,240.67,114.83,274.57
2020-02-26,134.05,238.93,114.83,307.18
2020-03-04,140.54,236.72,144.83,320.5
2020-03-11,135.62,237.73,114.83,306.17
2020-03-18,120.17,245.91,114.83,289.36
2020-03-25,125.39,245.27,114.83,309.94
2020-04-01,122.37,234.98,,308.93
2020-04-08,120.86,233.32,,306.26
2020-04-15,114.66,222.67,,300.57
2020-04-22,115.15,229.19,,300.11
2020-04-29,111.21,,,300.47
2020-05-06,114.95,218.72,,302.59
2020-05-13,117.42,,,303.69
2020-05-20,117.91,250.04,80.38,303.05
2020-05-27,117.32,232.48,80.38,303.14
2020-06-03,118.89,249.95,80.38,309.57
2020-06-10,119.78,240.49,80.38,312.14
2020-06-17,121.35,249.95,80.38,314.99
2020-06-24,118.99,242.97,80.38,314.8
2020-07-01,128.14,230.57,80.38,322.8
2020-07-08,128.44,232.68,80.38,322.43
2020-07-15,120.96,238.01,80.38,320.13
2020-07-22,121.45,225.88,80.38,323.07
2020-07-29,112.79,,80.38,318.75
2020-08-05,109.05,221.02,80.38,316.27
2020-08-12,107.77,218.44,80.38,312.51
2020-08-19,107.77,218.44,80.38,312.51
2020-08-26,107.77,218.44,80.38,312.51
2020-09-02,107.77,218.44,80.38,312.51
2020-09-09,107.77,218.44,80.38,312.51
2020-09-16,107.77,218.44,80.38,312.51
2020-09-23,107.77,218.44,80.38,312.51
2020-09-30,107.77,218.44,80.38,312.51
2020-10-07,107.77,218.44,80.38,312.51
2020-10-14,107.77,218.44,80.38,312.51
2020-10-21,107.77,218.44,80.38,312.51
2020-10-28,107.77,218.44,80.38,312.51
2020-11-04,107.77,218.44,80.38,312.51
2020-11-11,107.77,218.44,80.38,312.51
2020-11-18,107.77,218.44,80.38,312.51
2020-11-25,107.77,218.44,80.38,312.51
2020-12-02,107.77,218.44,80.38,312.51
2020-12-09,107.77,218.44,80.38,312.51
2020-12-16,107.77,218.44,20.28,312.51
2020-12-23,107.77,218.44,80.38,312.51
2020-12-30,168.1,259.05,80.38,459.67
2021-01-06,179.12,265.02,,483.55
2021-01-13,179.12,265.02,,483.55
2021-01-20,188.38,278.34,,483.92
2021-01-27,194.28,276.59,,487.32
2021-02-03,202.15,269.15,,486.21
2021-02-10,194.67,262.26,,479.69
2021-02-17,202.55,273.93,,490.62
2021-02-24,204.32,267.68,,506.61
2021-03-03,199.3,280.63,,508.9
2021-03-10,198.22,276.04,,506.06
2021-03-17,207.27,270.71,,517.26
2021-03-24,205.6,270.8,,515.79
2021-03-31,212.1,268.51,,516.9
2021-04-07,214.75,273.56,,508.45
2021-04-14,228.86,290.65,,508.78
2021-04-21,241.39,297.99,,542.43
2021-04-28,262.22,313.06,,565.77
2021-05-05,287.85,325.92,,570.36
2021-05-12,290.44,325.37,,606.34
2021-05-19,265.05,304.06,,560.19
2021-05-26,251.36,297.9,,546.81
2021-06-02,268.36,331.8,,567.02
2021-06-09,272.69,319.86,,557.04
2021-06-16,262.06,327.11,,521.09
2021-06-23,256.91,336.12,,497.64
2021-06-30,266.52,361.47,,523.82
2021-07-07,245.82,348.33,,496.69
2021-07-14,255.99,368.45,,528.5
2021-07-21,257.76,382.23,,523.45
2021-07-28,253.63,382.6,,521.52
2021-08-04,231.78,382.32,,504.65
2021-08-11,229.74,382.87,,504.62
2021-08-18,233.62,382.51,,501.65
2021-08-25,233.42,376.81,,475.01
2021-09-01,204.52,363.31,,451.37
2021-09-08,198.64,367.26,,449.56
2021-09-15,207.4,383.88,,460.71
2021-09-22,201.63,381.59,,457.25
2021-09-29,205.63,381.59,,456.39
2021-10-06,199.56,418.33,,442.4
2021-10-13,193.4,394.54,,429.08
2021-10-20,202.71,404.09,,378.46
2021-10-27,211.63,410.43,,443.35
2021-11-03,215.74,418.51,,446.65
2021-11-10,217.54,421.18,,436.79
2021-11-17,219.11,428.8,,459.67
2021-11-24,219.45,427.79,,454.71
2021-12-01,216.59,440.84,,442.49
2021-12-08,223.71,433.67,,453.79
2021-12-15,223.78,420.44,,452.87
2021-12-22,230.11,436.43,,477.21
2021-12-29,231.02,436.43,,485.57
2022-01-05,229.09,408.13,,496.87
2022-01-12,227.42,411.72,,498.52
2022-01-19,231.81,418.79,,495.58
2022-01-26,236.73,400.97,,515.33
2022-02-02,234.57,403.45,,553.09
2022-02-09,243.85,419.34,,571.09
2022-02-16,243.95,399.41,,569.53
2022-02-23,258.16,419.25,,601.68
2022-03-02,273.08,436.61,,599.66
2022-03-09,268.36,436.98,,595.9
2022-03-16,266.39,426.32,,585.79
2022-03-23,277.97,459.21,,612.25
2022-03-30,270.98,449.1,,592.5
2022-04-06,280.5,463.34,,577.62
2022-04-13,294.67,492,,601.32
2022-04-20,308.42,496.87,,627.37
2022-04-27,308.58,505.14,,621.65
2022-05-04,303.76,498.71,,598.99
2022-05-11,304.51,531.32,,592.96
2022-05-18,301.36,563.19,,610.96
2022-05-25,300.35,534.81,,624.65
2022-06-01,285.25,494.94,,624.74
2022-06-08,299,530.77,,642.53
2022-06-15,306.55,516.71,,616.59
2022-06-22,304.44,474.37,,600.67
2022-06-29,296.8,430.27,,597.67
2022-07-06,269.57,385.35,,561.63
2022-07-13,275.58,401.89,,558.42
2022-07-20,258.75,405.75,,536.09
2022-07-27,261.90,393.16,,577.40
2022-08-03,255.50,384.07,,558.05
2022-08-10,265.77,389.03,,581.81
2022-08-17,259.83,370.56,,545.65
2022-08-24,278.53,379.47,,576.24
2022-08-31,280.30,395.00,,574.31
2022-09-07,272.03,365.60,,495.31
2022-09-14,262.58,379.57,,518.46
2022-09-21,261.01,394.63,,519.56
2022-09-28,252.35,406.02,,506.70
2022-10-05,252.22,406.57,,487.96
2022-10-12,257.07,415.85,,495.31
2022-10-19,257.17,410.98,,491.45
2022-10-26,260.62,419.62,,496.78
2022-11-02,264.95,423.29,,527.64
2022-11-09,255.89,436.52,,525.44
2022-11-16,257.86,444.97,,513.31
2022-11-23,255.89,431.01,,523.23
2022-11-30,254.71,436.52,,535.36
2022-12-07,248.02,421.45,,532.05
2022-12-14,251.17,412.27,,534.99
2022-12-21,255.89,423.66,,535.36
2022-12-28,263.77,431.37,,547.49
2023-01-04,249.59,390.96,,536.46
2023-01-11,250.38,409.33,,535.73
2023-01-18,261.01,388.02,,547.49
2023-01-25,256.29,389.49,,538.67
2023-02-01,258.25,399.04,,545.65
2023-02-08,257.47,400.88,,546.02
2023-02-15,257.07,388.38,,546.38
2023-02-22,255.50,381.77,,551.53
2023-03-01,240.93,383.61,,536.09
2023-03-08,242.11,370.38,,544.91
2023-03-15,237.00,382.14,,537.20
