Date,"1CWRS ($ per tonne)","1CRSRed ($ per tonne)"," 1CWAD ($ per tonne)","CW Feed ($ per tonne)"
1980-07-02,,,,134.2
1980-07-09,,,,135.5
1980-07-16,,,,136.8
1980-07-23,,,,137.5
1980-07-30,,,,136.5
1980-08-06,,,,138.3
1980-08-13,,,,141.3
1980-08-20,,,,146.3
1980-08-27,,,,142
1980-09-03,,,,142.4
1980-09-10,,,,144.4
1980-09-17,,,,142.8
1980-09-24,,,,140.9
1980-10-01,,,,142.5
1980-10-08,,,,138.6
1980-10-15,,,,144.4
1980-10-22,,,,148.8
1980-10-29,,,,149.7
1980-11-05,,,,151.1
1980-11-12,,,,153.3
1980-11-19,,,,157.7
1980-11-26,,,,154.3
1980-12-03,,,,143.1
1980-12-10,,,,149
1980-12-17,,,,150.6
1981-01-07,,,,149.5
1981-01-14,,,,146.1
1981-01-21,,,,142.9
1981-01-28,,,,143
1981-02-04,,,,141.1
1981-02-11,,,,145.1
1981-02-18,,,,146.6
1981-02-25,,,,145.1
1981-03-04,,,,147.4
1981-03-11,,,,145.8
1981-03-18,,,,147.7
1981-03-25,,,,143
1981-04-01,,,,141.7
1981-04-08,,,,143.6
1981-04-15,,,,
1981-04-22,,,,
1981-04-29,,,,145.5
1981-05-06,,,,147.8
1981-05-13,,,,148.9
1981-05-20,,,,148.3
1981-05-27,,,,148.1
1981-06-03,,,,148.1
1981-06-10,,,,145.8
1981-06-17,,,,143.6
1981-06-24,,,,144.9
1981-07-01,,,,129.1
1981-07-08,,,,132.2
1981-07-15,,,,131.1
1981-07-22,,,,134.4
1981-07-29,,,,133.4
1981-08-05,,,,132.6
1981-08-12,,,,128.4
1981-08-19,,,,128.3
1981-08-26,,,,120.7
1981-09-02,,,,122.8
1981-09-09,,,,124.8
1981-09-16,,,,118.6
1981-09-23,,,,121.5
1981-09-30,,,,118.7
1981-10-07,,,,119.1
1981-10-14,,,,120.3
1981-10-21,,,,124.7
1981-10-28,,,,127.1
1981-11-04,,,,126.3
1981-11-11,,,,123.3
1981-11-18,,,,119.5
1981-11-25,,,,115.7
1981-12-02,,,,117.3
1981-12-09,,,,119.9
1981-12-16,,,,122
1981-12-23,,,,125.7
1981-12-30,,,,123.9
1982-01-06,,,,129.1
1982-01-13,,,,132.4
1982-01-20,,,,132
1982-01-27,,,,128.1
1982-02-03,,,,132.5
1982-02-10,,,,130.9
1982-02-17,,,,131.8
1982-02-24,,,,130.7
1982-03-03,,,,123
1982-03-10,,,,119.9
1982-03-17,,,,120.9
1982-03-24,,,,126.4
1982-03-31,,,,128.2
1982-04-07,,,,128.5
1982-04-14,,,,134.1
1982-04-21,,,,136.4
1982-04-28,,,,130.1
1982-05-05,,,,130.7
1982-05-12,,,,131.1
1982-05-19,,,,130.5
1982-05-26,,,,129.2
1982-06-02,,,,125.1
1982-06-09,,,,126.6
1982-06-16,,,,127.2
1982-06-23,,,,124.5
1982-06-30,,,,121.4
1982-07-07,,,,120.2
1982-07-14,,,,118.3
1982-07-21,,,,113.8
1982-07-28,,,,111.5
1982-08-04,,,,109
1982-08-11,,,,114.5
1982-08-18,,,,108.9
1982-08-25,,,,108.2
1982-09-01,,,,109.8
1982-09-08,,,,102.4
1982-09-15,,,,103
1982-09-22,,,,113.3
1982-09-29,,,,112
1982-10-06,,,,107.8
1982-10-13,,,,97.7
1982-10-20,,,,97.6
1982-10-27,,,,94.9
1982-11-03,,,,95.4
1982-11-10,,,,105.2
1982-11-17,,,,106.9
1982-11-24,,,,106.9
1982-12-01,,,,105.3
1982-12-08,,,,105.8
1982-12-15,,,,104.9
1982-12-22,,,,
1982-12-29,,,,
1983-01-05,,,,105.5
1983-01-12,,,,105.3
1983-01-19,,,,106.8
1983-01-26,,,,108.6
1983-02-02,,,,109.3
1983-02-09,,,,108
1983-02-16,,,,110.7
1983-02-23,,,,109.4
1983-03-02,,,,106.4
1983-03-09,,,,108
1983-03-16,,,,102
1983-03-23,,,,104.8
1983-03-30,,,,105.5
1983-04-06,,,,105.9
1983-04-13,,,,111
1983-04-20,,,,113.3
1983-04-27,,,,114.1
1983-05-04,,,,122
1983-05-11,,,,120.4
1983-05-18,,,,120.6
1983-05-25,,,,123.3
1983-06-01,,,,122.8
1983-06-08,,,,124.2
1983-06-15,,,,123.5
1983-06-22,,,,120
1983-06-29,,,,115.7
1983-07-06,,,,113.5
1983-07-13,,,,116.1
1983-07-20,,,,121.5
1983-07-27,,,,121.8
1983-08-03,,,,132.5
1983-08-10,,,,134
1983-08-17,,,,132.2
1983-08-24,,,,136.41
1983-08-31,,,,136.41
1983-09-07,,,,133.7
1983-09-14,,,,134.5
1983-09-21,,,,143.41
1983-09-28,,,,142.51
1983-10-05,,,,141.21
1983-10-12,,,,144.41
1983-10-19,,,,145.21
1983-10-26,,,,
1983-11-02,,,,
1983-11-09,,,,143.31
1983-11-16,,,,140.51
1983-11-23,,,,138.31
1983-11-30,,,,139.21
1983-12-07,,,,137.41
1983-12-14,,,,136.61
1983-12-21,,,,136.71
1983-12-28,,,,
1984-01-04,,,,133.1
1984-01-11,,,,129
1984-01-18,,,,127.5
1984-01-25,,,,127.2
1984-02-01,,,,126.5
1984-02-08,,,,118.7
1984-02-15,,,,123.3
1984-02-22,,,,126.3
1984-02-29,,,,131.3
1984-03-07,,,,132.3
1984-03-14,,,,132.8
1984-03-21,,,,133.8
1984-03-28,,,,135.1
1984-04-04,,,,128.3
1984-04-11,,,,132.7
1984-04-18,,,,133.2
1984-04-25,,,,134.5
1984-05-02,,,,137.7
1984-05-09,,,,142
1984-05-16,,,,146.7
1984-05-23,,,,138.6
1984-05-30,,,,145.7
1984-06-06,,,,144.8
1984-06-13,,,,146.3
1984-06-20,,,,142.6
1984-06-27,,,,139.8
1984-07-04,,,,140.7
1984-07-11,,,,142.2
1984-07-18,,,,141
1984-07-25,,,,148.4
1984-08-01,,,,147.8
1984-08-08,,,,146.3
1984-08-15,,,,141
1984-08-22,,,,145.8
1984-08-29,,,,148.6
1984-09-05,,,,151.1
1984-09-12,,,,148
1984-09-19,,,,151
1984-09-26,,,,147.2
1984-10-03,,,,140.2
1984-10-10,,,,143.1
1984-10-17,,,,143
1984-10-24,,,,143.8
1984-10-31,,,,145.8
1984-11-07,,,,147.5
1984-11-14,,,,149.7
1984-11-21,,,,142.6
1984-11-28,,,,145.5
1984-12-05,,,,149.2
1984-12-12,,,,148.3
1984-12-19,,,,
1984-12-26,,,,
1985-01-02,,,,149.1
1985-01-09,,,,149.9
1985-01-16,,,,149.7
1985-01-23,,,,150.1
1985-01-30,,,,151.6
1985-02-06,,,,151.6
1985-02-13,,,,148.4
1985-02-20,,,,150.2
1985-02-27,,,,146.9
1985-03-06,,,,150.2
1985-03-13,,,,150
1985-03-20,,,,151.2
1985-03-27,,,,152.8
1985-04-03,,,,153.3
1985-04-10,,,,152.3
1985-04-17,,,,
1985-04-24,,,,139.3
1985-05-01,,,,139.4
1985-05-08,,,,136.9
1985-05-15,,,,138.7
1985-05-22,,,,136.2
1985-05-29,,,,130.8
1985-06-05,,,,130.8
1985-06-12,,,,131
1985-06-19,,,,130.6
1985-06-26,,,,129.5
1985-07-03,,,,135.6
1985-07-10,,,,131.1
1985-07-17,,,,128.4
1985-07-24,,,,124
1985-07-31,,,,119
1985-08-07,,,,120.6
1985-08-14,,,,128.4
1985-08-21,,,,113.5
1985-08-28,,,,105.7
1985-09-04,,,,105.5
1985-09-11,,,,108.1
1985-09-18,,,,108.9
1985-09-25,,,,107.5
1985-10-02,,,,111.6
1985-10-09,,,,107.4
1985-10-16,,,,107.2
1985-10-23,,,,108.3
1985-10-30,,,,109.8
1985-11-06,,,,111.2
1985-11-13,,,,110.9
1985-11-20,,,,110.2
1985-11-27,,,,110.8
1985-12-04,,,,106.3
1985-12-11,,,,108.5
1985-12-18,,,,106.1
1985-12-25,,,,148.6
1986-01-01,,,,106.1
1986-01-08,,,,103.5
1986-01-15,,,,101.3
1986-01-22,,,,100.7
1986-01-29,,,,99.6
1986-02-05,,,,97.3
1986-02-12,,,,97.5
1986-02-19,,,,96
1986-02-26,,,,98.1
1986-03-05,,,,99.5
1986-03-12,,,,99
1986-03-19,,,,100.6
1986-03-26,,,,92.4
1986-04-02,,,,96.1
1986-04-09,,,,95.2
1986-04-16,,,,98.4
1986-04-23,,,,97.5
1986-04-30,,,,105.2
1986-05-07,,,,101.6
1986-05-14,,,,105.7
1986-05-21,,,,105.7
1986-05-28,,,,106.1
1986-06-04,,,,103.9
1986-06-11,,,,105
1986-06-18,,,,104.9
1986-06-25,,,,106.9
1986-07-02,,,,104.4
1986-07-09,,,,104
1986-07-16,,,,104
1986-07-23,,,,97.9
1986-07-30,,,,98.5
1986-08-06,,,,97.8
1986-08-13,,,,94.7
1986-08-20,,,,91.5
1986-08-27,,,,92
1986-09-03,,,,86.7
1986-09-10,,,,86.6
1986-09-17,,,,87.5
1986-09-24,,,,85.7
1986-10-01,,,,83.4
1986-10-08,,,,71.4
1986-10-15,,,,73.5
1986-10-22,,,,74.2
1986-10-29,,,,74.6
1986-11-05,,,,74
1986-11-12,,,,73.7
1986-11-19,,,,72.2
1986-11-26,,,,74
1986-12-03,,,,74.3
1986-12-10,,,,74.2
1986-12-17,,,,74.3
1986-12-24,,,,107.6
1987-01-07,,,,73.6
1987-01-14,,,,73.5
1987-01-21,,,,73.7
1987-01-28,,,,72.9
1987-02-04,,,,71.7
1987-02-11,,,,69.4
1987-02-18,,,,66.9
1987-02-25,,,,65.1
1987-03-04,,,,66.1
1987-03-11,,,,67.2
1987-03-18,,,,67.6
1987-03-25,,,,67.5
1987-04-01,,,,68.5
1987-04-08,,,,69
1987-04-15,,,,68.4
1987-04-22,,,,64.8
1987-04-29,,,,68.7
1987-05-06,,,,73
1987-05-13,,,,76.6
1987-05-20,,,,72.7
1987-05-27,,,,74
1987-06-03,,,,74.7
1987-06-10,,,,73.5
1987-06-17,,,,72.3
1987-06-24,,,,71.3
1987-07-01,,,,70.6
1987-07-08,,,,65
1987-07-15,,,,64.8
1987-07-22,,,,61.7
1987-07-29,,,,62.7
1987-08-05,,,,58.2
1987-08-12,,,,62.9
1987-08-19,,,,68.3
1987-08-26,,,,59.7
1987-09-02,,,,63.2
1987-09-09,,,,65.2
1987-09-16,,,,65.9
1987-09-23,,,,68.6
1987-09-30,,,,71.3
1987-10-07,,,,72.3
1987-10-14,,,,71
1987-10-21,,,,69.4
1987-10-28,,,,72.8
1987-11-04,,,,71.6
1987-11-11,,,,74.8
1987-11-18,,,,78.02
1987-11-25,,,,79.5
1987-12-02,,,,77.5
1987-12-09,,,,76.6
1987-12-16,,,,77.9
1987-12-23,,,,78.5
1987-12-30,,,,79.3
1988-01-06,,,,81.7
1988-01-13,,,,82.4
1988-01-20,,,,81.3
1988-01-27,,,,81
1988-02-03,,,,82.2
1988-02-10,,,,82.1
1988-02-17,,,,80.6
1988-02-24,,,,81.3
1988-03-02,,,,80.2
1988-03-09,,,,80.5
1988-03-16,,,,80.7
1988-03-23,,,,81
1988-03-30,,,,82.9
1988-04-06,,,,85.5
1988-04-13,,,,86.4
1988-04-20,,,,85.7
1988-04-27,,,,88.3
1988-05-04,,,,105
1988-05-11,,,,109.8
1988-05-18,,,,106.6
1988-05-25,,,,106.2
1988-06-01,,,,113
1988-06-08,,,,122.3
1988-06-15,,,,115.8
1988-06-22,,,,121.9
1988-06-29,,,,120.5
1988-07-06,,,,113.6
1988-07-13,,,,121.8
1988-07-20,,,,124.9
1988-07-27,,,,128.9
1988-08-03,,,,132.1
1988-08-10,,,,137.6
1988-08-17,,,,144.7
1988-08-24,,,,138.6
1988-08-31,,,,139.7
1988-09-07,,,,141.1
1988-09-14,,,,139.5
1988-09-21,,,,138.7
1988-09-28,,,,136
1988-10-05,,,,138.1
1988-10-12,,,,137.1
1988-10-19,,,,137.2
1988-10-26,,,,138.8
1988-11-02,,,,138.1
1988-11-09,,,,137.1
1988-11-16,,,,137.2
1988-11-23,,,,138.8
1988-11-30,,,,136.1
1988-12-07,,,,139.9
1988-12-14,,,,137.9
1988-12-21,,,,139.2
1988-12-28,,,,141.4
1989-01-04,,,,134
1989-01-11,,,,135.6
1989-01-18,,,,134.4
1989-01-25,,,,130.5
1989-02-01,,,,127.1
1989-02-08,,,,131.8
1989-02-15,,,,132.5
1989-02-22,,,,132.2
1989-03-01,,,,131.9
1989-03-08,,,,132.4
1989-03-15,,,,130.7
1989-03-22,,,,128.2
1989-03-29,,,,124.8
1989-04-05,,,,128.9
1989-04-12,,,,127.1
1989-04-19,,,,125.1
1989-04-26,,,,127
1989-05-03,,,,130.1
1989-05-10,,,,129.9
1989-05-17,,,,125.3
1989-05-24,,,,127.1
1989-05-31,,,,126.7
1989-06-07,,,,126
1989-06-14,,,,123.1
1989-06-21,,,,121.7
1989-06-28,,,,125.2
1989-07-05,,,,124.6
1989-07-12,,,,128
1989-07-19,,,,125.6
1989-07-26,,,,113.9
1989-08-02,,,,119
1989-08-09,,,,123
1989-08-16,,,,117.6
1989-08-23,,,,116
1989-08-30,,,,114.7
1989-09-06,,,,111.6
1989-09-13,,,,111.1
1989-09-20,,,,110.6
1989-09-27,,,,112.9
1989-10-04,,,,113
1989-10-11,,,,118.8
1989-10-18,,,,118.8
1989-10-25,,,,111.6
1989-11-01,,,,114.5
1989-11-08,,,,115.8
1989-11-15,,,,117.3
1989-11-22,,,,119
1989-11-29,,,,117.8
1989-12-06,,,,118.8
1989-12-13,,,,120.2
1989-12-20,,,,120.9
1989-12-27,,,,142.1
1990-01-03,,,,123.4
1990-01-10,,,,119.2
1990-01-17,,,,121.8
1990-01-24,,,,122
1990-01-31,,,,121.1
1990-02-07,,,,119.7
1990-02-14,,,,121.9
1990-02-21,,,,121
1990-02-28,,,,122.7
1990-03-07,,,,123.4
1990-03-14,,,,125.6
1990-03-21,,,,125.9
1990-03-28,,,,129.9
1990-04-04,,,,127.7
1990-04-11,,,,126
1990-04-18,,,,124.4
1990-04-25,,,,125.4
1990-05-02,,,,126.1
1990-05-09,,,,127.6
1990-05-16,,,,128.8
1990-05-23,,,,129
1990-05-30,,,,124.1
1990-06-06,,,,125.6
1990-06-13,,,,124.1
1990-06-20,,,,121.8
1990-06-27,,,,126.6
1990-07-04,,,,117.6
1990-07-11,,,,112.7
1990-07-18,,,,112
1990-07-25,,,,104.3
1990-08-01,,,,106
1990-08-08,,,,106.5
1990-08-15,,,,104.1
1990-08-22,,,,100.9
1990-08-29,,,,97.9
1990-09-05,,,,96.3
1990-09-12,,,,89
1990-09-19,,,,99.4
1990-09-26,,,,99.6
1990-10-03,,,,98.4
1990-10-10,,,,98.8
1990-10-17,,,,98.3
1990-10-24,,,,97.6
1990-10-31,,,,98.5
1990-11-07,,,,95.7
1990-11-14,,,,94.4
1990-11-21,,,,91.9
1990-11-28,,,,89.2
1990-12-05,,,,93
1990-12-12,,,,90.1
1990-12-19,,,,88.7
1990-12-26,,,,
1991-01-02,,,,96.4
1991-01-09,,,,93.7
1991-01-16,,,,89.4
1991-01-23,,,,85.7
1991-01-30,,,,87.1
1991-02-06,,,,87.5
1991-02-13,,,,88.9
1991-02-20,,,,91.6
1991-02-27,,,,90.4
1991-03-06,,,,91.3
1991-03-13,,,,89.9
1991-03-20,,,,91.3
1991-03-27,,,,93.7
1991-04-03,,,,91.4
1991-04-10,,,,92.1
1991-04-17,,,,92.1
1991-04-24,,,,90.7
1991-05-01,,,,90.4
1991-05-08,,,,89.9
1991-05-15,,,,91.6
1991-05-22,,,,91.8
1991-05-29,,,,92.9
1991-06-05,,,,92.9
1991-06-12,,,,88.2
1991-06-19,,,,84.2
1991-06-26,,,,81.4
1991-07-03,,,,75.6
1991-07-10,,,,77.8
1991-07-17,,,,75.6
1991-07-24,,,,78.9
1991-07-31,,,,73.6
1991-08-07,,,,75.9
1991-08-14,,,,77.1
1991-08-21,,,,76.9
1991-08-28,,,,76
1991-09-04,,,,75.2
1991-09-11,,,,76.8
1991-09-18,,,,74.6
1991-09-25,,,,73.8
1991-10-02,,,,73.9
1991-10-09,,,,78.1
1991-10-16,,,,78.2
1991-10-23,,,,77
1991-10-30,,,,77.3
1991-11-06,,,,78.2
1991-11-13,,,,77.3
1991-11-20,,,,78.6
1991-11-27,,,,81.8
1991-12-04,,,,79.5
1991-12-11,,,,
1991-12-18,,,,78.7
1991-12-25,,,,88.7
1992-01-01,,,,84.7
1992-01-08,,,,88.7
1992-01-15,,,,86.4
1992-01-22,,,,90.3
1992-01-29,,,,95.1
1992-02-05,,,,98.1
1992-02-12,,,,97.6
1992-02-19,,,,94
1992-02-26,,,,93.9
1992-03-04,,,,94.9
1992-03-11,,,,93
1992-03-18,,,,90.1
1992-03-25,,,,82.8
1992-04-01,,,,81.6
1992-04-08,,,,83.5
1992-04-15,,,,83.3
1992-04-22,,,,82.4
1992-04-29,,,,87.2
1992-05-06,,,,89.7
1992-05-13,,,,84.4
1992-05-20,,,,86.9
1992-05-27,,,,88.5
1992-06-03,,,,88.1
1992-06-10,,,,84.1
1992-06-17,,,,84.3
1992-06-24,,,,82.8
1992-07-01,,,,82.9
1992-07-08,,,,79.5
1992-07-15,,,,74.8
1992-07-22,,,,73.1
1992-07-29,,,,72.2
1992-08-05,,,,74.6
1992-08-12,,,,80
1992-08-19,,,,76.2
1992-08-26,,,,83.3
1992-09-02,,,,86.2
1992-09-09,,,,83.8
1992-09-16,,,,76.9
1992-09-23,,,,70.1
1992-09-30,,,,69.9
1992-10-07,,,,70.8
1992-10-14,,,,70.1
1992-10-21,,,,69.1
1992-10-28,,,,70.2
1992-11-04,,,,70.4
1992-11-11,,,,71
1992-11-18,,,,73.8
1992-11-25,,,,71.4
1992-12-02,,,,74.1
1992-12-09,,,,73
1992-12-16,,,,74.6
1992-12-23,,,,75.1
1993-01-06,,,,74.6
1993-01-13,,,,73
1993-01-20,,,,72.8
1993-01-27,,,,73
1993-02-03,,,,71.4
1993-02-10,,,,70.6
1993-02-17,,,,72
1993-02-24,,,,72
1993-03-03,,,,73.2
1993-03-10,,,,71
1993-03-17,,,,70.4
1993-03-24,,,,71.6
1993-03-31,,,,73
1993-04-07,,,,73.8
1993-04-14,,,,77.2
1993-04-21,,,,77.3
1993-04-28,,,,76.5
1993-05-05,,,,75.3
1993-05-12,,,,76.2
1993-05-19,,,,78.4
1993-05-26,,,,78.9
1993-06-02,,,,74.4
1993-06-09,,,,74.1
1993-06-16,,,,72.5
1993-06-23,,,,73.3
1993-06-30,,,,74.7
1993-07-07,,,,83.3
1993-07-14,,,,75.8
1993-07-21,,,,73.8
1993-07-28,,,,70.2
1993-08-04,,,,71.2
1993-08-11,,,,73.3
1993-08-18,,,,70.7
1993-08-25,,,,68.7
1993-09-01,,,,69.2
1993-09-08,,,,68.3
1993-09-15,,,,66.9
1993-09-22,,,,67.7
1993-09-29,,,,66.7
1993-10-06,,,,68.9
1993-10-13,,,,68.3
1993-10-20,,,,67.3
1993-10-27,,,,64.6
1993-11-03,,,,65.7
1993-11-10,,,,70.9
1993-11-17,,,,74
1993-11-24,,,,79.1
1993-12-01,,,,81.8
1993-12-08,,,,82.1
1993-12-15,,,,84.6
1993-12-22,,,,86.9
1993-12-29,,,,88.6
1994-01-05,,,,85.4
1994-01-12,,,,85.6
1994-01-19,,,,89.2
1994-01-26,,,,87.5
1994-02-02,,,,81.2
1994-02-09,,,,87.2
1994-02-16,,,,93.7
1994-02-23,,,,94.4
1994-03-02,,,,94.5
1994-03-09,,,,92.7
1994-03-16,,,,91.7
1994-03-23,,,,91.1
1994-03-30,,,,91.2
1994-04-06,,,,90.9
1994-04-13,,,,88.7
1994-04-20,,,,84.8
1994-04-27,,,,83.2
1994-05-04,,,,84.8
1994-05-11,,,,83.5
1994-05-18,,,,86.7
1994-05-25,,,,85.7
1994-06-01,,,,88.6
1994-06-08,,,,85.7
1994-06-15,,,,86.4
1994-06-22,,,,83.7
1994-06-29,,,,82.3
1994-07-06,,,,82.2
1994-07-13,,,,81.6
1994-07-20,,,,79.7
1994-07-27,,,,80
1994-08-03,,,,83.1
1994-08-10,,,,84.3
1994-08-17,,,,87.6
1994-08-24,,,,91.4
1994-08-31,,,,93
1994-09-07,,,,98.7
1994-09-14,,,,98.8
1994-09-21,,,,105
1994-09-28,,,,111.7
1994-10-05,,,,116.8
1994-10-12,,,,119.2
1994-10-19,,,,118.1
1994-10-26,,,,118.7
1994-11-02,,,,116.7
1994-11-09,,,,121.2
1994-11-16,,,,126.4
1994-11-23,,,,124.8
1994-11-30,,,,127.3
1994-12-07,,,,133.7
1994-12-14,,,,133.9
1994-12-21,,,,135.6
1994-12-28,,,,134.4
1995-01-04,,,,128.4
1995-01-11,,,,127.9
1995-01-18,,,,131.4
1995-01-25,,,,132.4
1995-02-01,,,,132.4
1995-02-08,,,,131.4
1995-02-15,,,,130.1
1995-02-22,,,,128.1
1995-03-01,,,,129.3
1995-03-08,,,,130.3
1995-03-15,,,,132.5
1995-03-22,,,,132
1995-03-29,,,,134.1
1995-04-05,,,,132
1995-04-12,,,,130
1995-04-19,,,,130.3
1995-04-26,,,,132.2
1995-05-03,,,,134.7
1995-05-10,,,,134.5
1995-05-17,,,,136.1
1995-05-24,,,,144.4
1995-05-31,,,,146.8
1995-06-07,,,,152.2
1995-06-14,,,,160.9
1995-06-21,,,,158.6
1995-06-28,,,,154
1995-07-05,,,,155.7
1995-07-12,,,,156.8
1995-07-19,,,,156.3
1995-07-26,,,,152
1995-08-02,,,,123.79
1995-08-09,,,,122.29
1995-08-16,,,,122.09
1995-08-23,,,,118.7
1995-08-30,,,,120.4
1995-09-06,,,,131.4
1995-09-13,,,,153.4
1995-09-20,,,,142.3
1995-09-27,,,,142.3
1995-10-04,,,,151.2
1995-10-11,,,,161.9
1995-10-18,,,,165.3
1995-10-25,,,,157.3
1995-11-01,,,,155
1995-11-08,,,,161
1995-11-15,,,,163.5
1995-11-22,,,,165.2
1995-11-29,,,,159.4
1995-12-06,,,,161.4
1995-12-13,,,,165.9
1995-12-20,,,,161.6
1995-12-27,,,,164.3
1996-01-03,,,,164.4
1996-01-10,,,,163.4
1996-01-17,,,,158.4
1996-01-24,,,,163.6
1996-01-31,,,,165.3
1996-02-07,,,,163.3
1996-02-14,,,,170.4
1996-02-21,,,,
1996-02-28,,,,159.54
1996-03-06,,,,163.95
1996-03-13,,,,166.21
1996-03-20,,,,169.41
1996-03-27,,,,173.31
1996-04-03,,,,176.01
1996-04-10,,,,176.21
1996-04-17,,,,184.41
1996-04-24,,,,190.91
1996-05-01,,,,200.91
1996-05-08,,,,209.11
1996-05-15,,,,
1996-05-22,,,,218.71
1996-05-29,,,,205.11
1996-06-05,,,,206.11
1996-06-12,,,,196.21
1996-06-19,,,,199.21
1996-06-26,,,,196.71
1996-07-03,,,,198.71
1996-07-10,,,,201.21
1996-07-17,,,,189.81
1996-07-24,,,,111.91
1996-07-31,,,,159.16
1996-08-07,,,,161.46
1996-08-14,,,,164.76
1996-08-21,,,,158.86
1996-08-28,,,,162.65
1996-09-04,,,,165.46
1996-09-11,,,,153.66
1996-09-18,,,,142.16
1996-09-25,,,,143.56
1996-10-02,,,,133.16
1996-10-09,,,,129.96
1996-10-16,,,,130.26
1996-10-23,,,,124.86
1996-10-30,,,,120.66
1996-11-06,,,,120.66
1996-11-13,,,,122.66
1996-11-20,,,,130.16
1996-11-27,,,,129.66
1996-12-04,,,,123.86
1996-12-11,,,,123.66
1996-12-18,,,,127.16
1996-12-25,,,,124.66
1997-01-01,,,,123.66
1997-01-08,,,,128.16
1997-01-15,,,,128.66
1997-01-22,,,,127.16
1997-01-29,,,,135.86
1997-02-05,,,,135.86
1997-02-12,,,,130.59
1997-02-19,,,,131.46
1997-02-26,,,,126.26
1997-03-05,,,,128.39
1997-03-12,,,,133.69
1997-03-19,,,,133.69
1997-03-26,,,,133.69
1997-04-02,,,,129.69
1997-04-09,,,,128.69
1997-04-16,,,,126.89
1997-04-23,,,,129.59
1997-04-30,,,,131.59
1997-05-07,,,,128.79
1997-05-14,,,,118.99
1997-05-21,,,,109.59
1997-05-28,,,,101.99
1997-06-04,,,,102.19
1997-06-11,,,,103.69
1997-06-18,,,,99.79
1997-06-25,,,,102.69
1997-07-02,,,,103.69
1997-07-09,,,,100.69
1997-07-16,,,,95.79
1997-07-23,,,,100.39
1997-07-30,,,,103.19
1997-08-06,,,,107.39
1997-08-13,,,,101.79
1997-08-20,,,,110.09
1997-08-27,,,,110.59
1997-09-03,,,,113.99
1997-09-10,,,,119.46
1997-09-17,,,,119.15
1997-09-24,,,,124.55
1997-10-01,,,,132.55
1997-10-08,,,,127.65
1997-10-15,,,,134.12
1997-10-22,,,,134.12
1997-10-29,,,,134.55
1997-11-05,,,,125.12
1997-11-12,,,,125.62
1997-11-19,,,,125.62
1997-11-26,,,,129.12
1997-12-03,,,,125.82
1997-12-10,,,,124.62
1997-12-17,,,,123.62
1997-12-24,,,,125.72
1997-12-31,,,,121.52
1998-01-07,,,,121.12
1998-01-14,,,,124.62
1998-01-21,,,,125.72
1998-01-28,,,,122.12
1998-02-04,,,,127.82
1998-02-11,,,,124.82
1998-02-18,,,,122.42
1998-02-25,,,,115.12
1998-03-04,,,,117.12
1998-03-11,,,,117.62
1998-03-18,,,,112.42
1998-03-25,,,,108.92
1998-04-01,,,,109.62
1998-04-08,,,,101.62
1998-04-15,,,,103.12
1998-04-22,,,,106.82
1998-04-29,,,,111.62
1998-05-06,,,,116.62
1998-05-13,,,,110.32
1998-05-20,,,,110.12
1998-05-27,,,,107.62
1998-06-03,,,,107.32
1998-06-10,,,,109.12
1998-06-17,,,,108.82
1998-06-24,,,,114.12
1998-07-01,,,,111.42
1998-07-08,,,,109.92
1998-07-15,,,,105.12
1998-07-22,,,,101.02
1998-07-29,,,,92.62
1998-08-05,,,,81.15
1998-08-12,,,,82.62
1998-08-19,,,,82.15
1998-08-26,,,,79.65
1998-09-02,,,,78.65
1998-09-09,,,,79.45
1998-09-16,,,,85.95
1998-09-23,,,,82.45
1998-09-30,,,,79.05
1998-10-07,,,,79.65
1998-10-14,,,,83.15
1998-10-21,,,,82.15
1998-10-28,,,,82.35
1998-11-04,,,,81.05
1998-11-11,,,,83.52
1998-11-18,,,,83.45
1998-11-25,,,,83.35
1998-12-02,,,,84.12
1998-12-09,,,,84.65
1998-12-16,,,,94.65
1998-12-23,,,,96.15
1998-12-30,,,,97.75
1999-01-06,,,,94.25
1999-01-13,,,,91.75
1999-01-20,,,,90.45
1999-01-27,,,,86.95
1999-02-03,,,,85.35
1999-02-10,,,,86.05
1999-02-17,,,,85.65
1999-02-24,,,,84.55
1999-03-03,,,,83.15
1999-03-10,,,,83.25
1999-03-17,,,,82.25
1999-03-24,,,,88.25
1999-03-31,,,,88.75
1999-04-07,,,,88.75
1999-04-14,,,,89.25
1999-04-21,,,,95.25
1999-04-28,,,,90.45
1999-05-05,,,,90.45
1999-05-12,,,,88.35
1999-05-19,,,,88.25
1999-05-26,,,,89.65
1999-06-02,,,,89.25
1999-06-09,,,,89.15
1999-06-16,,,,89.25
1999-06-23,,,,89.75
1999-06-30,,,,84.75
1999-07-07,,,,84.25
1999-07-14,,,,80.55
1999-07-21,,,,82.65
1999-07-28,,,,81.75
1999-08-04,,,,85.75
1999-08-11,,,,88.25
1999-08-18,,,,84.95
1999-08-25,,,,82.05
1999-09-01,,,,81.26
1999-09-08,,,,81.56
1999-09-15,,,,79.16
1999-09-22,,,,79.16
1999-09-29,,,,77.56
1999-10-06,,,,76.46
1999-10-13,,,,76.36
1999-10-20,,,,73.92
1999-10-27,,,,73.27
1999-11-03,,,,73.67
1999-11-10,,,,72.27
1999-11-17,,,,72.27
1999-11-24,,,,69.27
1999-12-01,,,,68.47
1999-12-08,,,,70.12
1999-12-15,,,,68.77
1999-12-22,,,,71.27
1999-12-29,,,,71.23
2000-01-05,,,,71.86
2000-01-12,,,,74.86
2000-01-19,,,,74.66
2000-01-26,,,,76.01
2000-02-02,,,,75.01
2000-02-09,,,,74.11
2000-02-16,,,,74.76
2000-02-23,,,,74.31
2000-03-01,,,,73.36
2000-03-08,,,,77.21
2000-03-15,,,,79.8
2000-03-22,,,,80.46
2000-03-29,,,,81.36
2000-04-05,,,,80.18
2000-04-12,,,,79.98
2000-04-19,,,,80.58
2000-04-26,,,,82.68
2000-05-03,,,,87.18
2000-05-10,,,,86.98
2000-05-17,,,,87.98
2000-05-24,,,,88.73
2000-05-31,,,,90.13
2000-06-07,,,,90.78
2000-06-14,,,,90.88
2000-06-21,,,,89.38
2000-06-28,,,,89.33
2000-07-05,,,,83.03
2000-07-12,,,,80.98
2000-07-19,,,,82.33
2000-07-26,,,,81.88
2000-08-02,,,,86.34
2000-08-09,,,,87.39
2000-08-16,,,,88.09
2000-08-23,,,,86.98
2000-08-30,,,,88.98
2000-09-06,,,,91.58
2000-09-13,,,,84.85
2000-09-20,,,,79.08
2000-09-27,,,,76.68
2000-10-04,,,,78.53
2000-10-11,,,,84.58
2000-10-18,,,,82.62
2000-10-25,,,,84
2000-11-01,,,,87.41
2000-11-08,,,,92.81
2000-11-15,,,,96.48
2000-11-22,,,,98.2
2000-11-29,,,,98.82
2000-12-06,,,,101.07
2000-12-13,,,,104.69
2000-12-20,,,,102.46
2000-12-27,,,,
2001-01-03,,,,102.12
2001-01-10,,,,102.4
2001-01-17,,,,99.1
2001-01-24,,,,98.82
2001-01-31,,,,95.28
2001-02-07,,,,97.38
2001-02-14,,,,97.38
2001-02-21,,,,94.95
2001-02-28,,,,89.77
2001-03-07,,,,97.58
2001-03-14,,,,96.86
2001-03-21,,,,95.76
2001-03-28,,,,96.76
2001-04-04,,,,96.65
2001-04-11,,,,97.27
2001-04-18,,,,98.47
2001-04-25,,,,101.47
2001-05-02,,,,106
2001-05-09,,,,101.58
2001-05-16,,,,100.76
2001-05-23,,,,101.92
2001-05-30,,,,106.17
2001-06-06,,,,99.98
2001-06-13,,,,101.84
2001-06-20,,,,99.11
2001-06-27,,,,92.83
2001-07-04,,,,91.76
2001-07-11,,,,109.24
2001-07-18,,,,117.41
2001-07-25,,,,102.28
2001-08-01,,,,98.06
2001-08-08,,,,103.8
2001-08-15,,,,110.71
2001-08-22,,,,112.47
2001-08-29,,,,111.14
2001-09-05,,,,113.96
2001-09-12,,,,106.05
2001-09-19,,,,115.11
2001-09-26,,,,119.38
2001-10-03,,,,124.73
2001-10-10,,,,119.41
2001-10-17,,,,120.98
2001-10-24,,,,121.75
2001-10-31,,,,120.98
2001-11-07,,,,120.98
2001-11-14,,,,123.67
2001-11-21,,,,126.54
2001-11-28,,,,125.23
2001-12-05,,,,127.63
2001-12-12,,,,129.74
2001-12-19,,,,133.75
2001-12-26,,,,133.77
2002-01-02,,,,133.78
2002-01-09,,,,130.68
2002-01-16,,,,131.55
2002-01-23,,,,135.18
2002-01-30,,,,136.1
2002-02-06,,,,134.5
2002-02-13,,,,134.56
2002-02-20,,,,133.4
2002-02-27,,,,133.4
2002-03-06,,,,135.08
2002-03-13,,,,132.08
2002-03-20,,,,124.51
2002-03-27,,,,121.23
2002-04-03,,,,118.32
2002-04-10,,,,117.47
2002-04-17,,,,120
2002-04-24,,,,116.47
2002-05-01,,,,114.1
2002-05-08,,,,112.05
2002-05-15,,,,113.72
2002-05-22,,,,116.48
2002-05-29,,,,126.68
2002-06-05,,,,128.12
2002-06-12,,,,123.08
2002-06-19,,,,131.32
2002-06-26,,,,131.85
2002-07-03,,,,138.66
2002-07-10,,,,141.56
2002-07-17,,,,149.28
2002-07-24,,,,153.24
2002-07-31,,,,144.47
2002-08-07,,,,143.23
2002-08-14,,,,152.09
2002-08-21,,,,140.32
2002-08-28,,,,132.53
2002-09-04,,,,141.17
2002-09-11,,,,143.48
2002-09-18,,,,142.79
2002-09-25,,,,146.61
2002-10-02,,,,152.46
2002-10-09,,,,157.79
2002-10-16,,,,158.78
2002-10-23,,,,163.85
2002-10-30,,,,164.59
2002-11-06,,,,168.54
2002-11-13,,,,165.34
2002-11-20,,,,161.89
2002-11-27,,,,162.21
2002-12-04,,,,160.44
2002-12-11,,,,164.89
2002-12-18,,,,162.9
2002-12-25,,,,152.12
2002-12-31,,,,
2003-01-01,,,,155.06
2003-01-08,,,,155.18
2003-01-15,,,,156.41
2003-01-22,,,,155.92
2003-01-29,,,,152.26
2003-02-05,,,,150.06
2003-02-12,,,,152.49
2003-02-19,,,,162.41
2003-02-26,,,,159.28
2003-03-05,,,,149.3
2003-03-12,,,,146.3
2003-03-19,,,,146.47
2003-03-26,,,,145.78
2003-04-02,,,,145.78
2003-04-09,,,,143.42
2003-04-16,,,,138.84
2003-04-23,,,,140.28
2003-04-30,,,,139.55
2003-05-07,,,,141.79
2003-05-14,,,,141.3
2003-05-21,,,,140.66
2003-05-28,,,,137.6
2003-06-04,,,,128.16
2003-06-11,,,,128.67
2003-06-18,,,,128.34
2003-06-25,,,,114.29
2003-07-02,,,,102.98
2003-07-09,,,,102.08
2003-07-16,,,,82.48
2003-07-23,,,,81.25
2003-07-30,,,,74.78
2003-08-06,,,,79.1
2003-08-13,,,,79.1
2003-08-20,,,,94.88
2003-08-27,,,,99.84
2003-09-03,,,,101.87
2003-09-10,,,,112.44
2003-09-17,,,,107.53
2003-09-24,,,,105.86
2003-10-01,,,,107.44
2003-10-08,,,,104.37
2003-10-15,,,,98.45
2003-10-22,,,,99.4
2003-10-29,,,,97.9
2003-11-05,,,,103.18
2003-11-12,,,,106.08
2003-11-19,,,,111.5
2003-11-26,,,,115.69
2003-12-03,,,,116.77
2003-12-10,,,,113.04
2003-12-17,,,,110.23
2003-12-24,,,,109.04
2003-12-31,,,,110.44
2004-01-01,,,,110.44
2004-01-07,,,,114.56
2004-01-14,,,,113.06
2004-01-21,,,,112.92
2004-01-28,,,,116.21
2004-02-04,,,,116.97
2004-02-11,,,,115.15
2004-02-18,,,,112.19
2004-02-25,,,,116.23
2004-03-03,,,,120.64
2004-03-10,,,,125.55
2004-03-17,,,,128.22
2004-03-24,,,,133.06
2004-03-31,,,,132.29
2004-04-07,,,,135.11
2004-04-14,,,,132.37
2004-04-21,,,,133.77
2004-04-28,,,,138.14
2004-05-05,,,,142.45
2004-05-12,,,,141.38
2004-05-19,,,,141.83
2004-05-26,,,,152.17
2004-06-02,,,,149.8
2004-06-09,,,,151.28
2004-06-16,,,,145.34
2004-06-23,,,,154.04
2004-06-30,,,,146.56
2004-07-07,,,,143.84
2004-07-14,,,,137.74
2004-07-21,,,,123.98
2004-07-28,,,,124.27
2004-08-04,,,,118.88
2004-08-11,,,,105.81
2004-08-18,,,,110.95
2004-08-25,,,,103.35
2004-09-01,,,,97.33
2004-09-08,,,,89.75
2004-09-15,,,,80.29
2004-09-22,,,,78.26
2004-09-29,,,,72.26
2004-10-06,,,,58.89
2004-10-13,,,,53.9
2004-10-20,,,,55.44
2004-10-27,,,,52.46
2004-11-03,,,,55.43
2004-11-10,,,,55.69
2004-11-17,,,,60.18
2004-11-24,,,,57.51
2004-12-01,,,,51.9
2004-12-08,,,,54.69
2004-12-15,,,,53.89
2004-12-22,,,,53.26
2004-12-29,,,,54.16
2005-01-01,,,,54.16
2005-01-05,,,,53.49
2005-01-12,,,,54.48
2005-01-19,,,,56.38
2005-01-26,,,,54.18
2005-02-02,,,,56.9
2005-02-09,,,,50.2
2005-02-16,,,,51.65
2005-02-23,,,,52.23
2005-03-02,,,,58.31
2005-03-09,,,,60.25
2005-03-16,,,,65.24
2005-03-23,,,,60.81
2005-03-30,,,,61.61
2005-04-06,,,,64.05
2005-04-13,,,,62.08
2005-04-20,,,,64.77
2005-04-27,,,,64.83
2005-05-04,,,,63.89
2005-05-11,,,,65.97
2005-05-18,,,,67.6
2005-05-25,,,,64.55
2005-06-01,,,,66.08
2005-06-08,,,,66.48
2005-06-15,,,,70.39
2005-06-22,,,,75
2005-06-29,,,,71.54
2005-07-06,,,,72.05
2005-07-13,,,,73.03
2005-07-20,,,,71.08
2005-07-27,,,,67.48
2005-08-03,,,,67.64
2005-08-10,,,,65.29
2005-08-17,,,,61.15
2005-08-24,,,,61.11
2005-08-31,,,,63.61
2005-09-07,,,,78.15
2005-09-14,,,,63.2
2005-09-21,,,,63.09
2005-09-28,,,,64.87
2005-10-05,,,,70.51
2005-10-12,,,,70.44
2005-10-19,,,,68.23
2005-10-26,,,,71.47
2005-11-02,,,,72.14
2005-11-09,,,,71.95
2005-11-16,,,,74.4
2005-11-23,,,,76.12
2005-11-30,,,,76.13
2005-12-07,,,,85.99
2005-12-14,,,,79.57
2005-12-21,,,,82.74
2005-12-28,,,,78.33
2006-01-04,,,,64.94
2006-01-11,,,,79.46
2006-01-18,,,,78.56
2006-01-25,,,,77.42
2006-02-01,,,,79.41
2006-02-08,,,,79.97
2006-02-15,,,,79.8
2006-02-22,,,,79.18
2006-03-01,,,,78.46
2006-03-08,,,,80.12
2006-03-15,,,,80.86
2006-03-22,,,,81.05
2006-03-29,,,,81.19
2006-04-05,,,,83.02
2006-04-12,,,,83.84
2006-04-19,,,,84.09
2006-04-26,,,,86.88
2006-05-03,,,,86.83
2006-05-10,,,,88.75
2006-05-17,,,,90.2
2006-05-24,,,,92.66
2006-05-31,,,,92.96
2006-06-07,,,,91.97
2006-06-14,,,,90.71
2006-06-21,,,,88.93
2006-06-28,,,,84.06
2006-07-05,,,,84.81
2006-07-12,,,,87.54
2006-07-19,,,,87.43
2006-07-26,,,,89.68
2006-08-02,,,,92.44
2006-08-09,,,,91.61
2006-08-16,,,,87.67
2006-08-23,,,,89.5
2006-08-30,,,,90.17
2006-09-06,,,,90.24
2006-09-13,,,,95.44
2006-09-20,,,,100.98
2006-09-27,,,,100.84
2006-10-04,,,,103.83
2006-10-11,,,,112.57
2006-10-18,,,,113.95
2006-10-25,,,,121
2006-11-01,,,,119.97
2006-11-08,,,,129.47
2006-11-15,,,,126.85
2006-11-22,,,,125.92
2006-11-29,,,,128.28
2006-12-06,,,,126.92
2006-12-13,,,,126.34
2006-12-20,,,,130.27
2006-12-27,,,,130.42
2007-01-03,,,,133.26
2007-01-10,,,,132.93
2007-01-17,,,,135.55
2007-01-24,,,,135.86
2007-01-31,,,,134.79
2007-02-07,,,,133.43
2007-02-14,,,,133.1
2007-02-21,,,,133.17
2007-02-28,,,,134.79
2007-03-07,,,,140.33
2007-03-14,,,,136.16
2007-03-21,,,,140.78
2007-03-28,,,,136.86
2007-04-04,,,,131.75
2007-04-11,,,,129.52
2007-04-18,,,,132.1
2007-04-25,,,,132.53
2007-05-02,,,,133.71
2007-05-09,,,,136.19
2007-05-16,,,,135.43
2007-05-23,,,,136
2007-05-30,,,,139.26
2007-06-06,,,,142.77
2007-06-13,,,,145.97
2007-06-20,,,,144.69
2007-06-27,,,,145.62
2007-07-04,,,,143.8
2007-07-11,,,,141.14
2007-07-18,,,,140.64
2007-07-25,,,,142.31
2007-08-01,,,,139.48
2007-08-08,,,,146.82
2007-08-15,,,,148.02
2007-08-22,,,,149.24
2007-08-29,,,,152.27
2007-09-05,,,,164.15
2007-09-12,,,,173.82
2007-09-19,,,,173.3
2007-09-26,,,,178.63
2007-10-03,,,,185.63
2007-10-10,,,,176.96
2007-10-17,,,,174.31
2007-10-24,,,,171.13
2007-10-31,,,,168.16
2007-11-07,,,,175.63
2007-11-14,,,,175.96
2007-11-21,,,,175.88
2007-11-28,,,,180.42
2007-12-05,,,,180.42
2007-12-12,,,,180.84
2007-12-19,,,,182.67
2007-12-26,,,,189.15
2008-01-02,,,,182.05
2008-01-09,,,,193.43
2008-01-16,,,,199.42
2008-01-23,,,,201.61
2008-01-30,,,,220.64
2008-02-06,,,,226.35
2008-02-13,,,,233.68
2008-02-20,,,,237.97
2008-02-27,,,,244.9
2008-03-05,,,,252.4
2008-03-12,,,,253.56
2008-03-19,,,,256.47
2008-03-26,,,,257.15
2008-04-02,,,,263.1
2008-04-09,,,,264.92
2008-04-16,,,,265.23
2008-04-23,,,,265.28
2008-04-30,,,,260.45
2008-05-07,,,,261.15
2008-05-14,,,,254.6
2008-05-21,,,,251.51
2008-05-28,,,,244.84
2008-06-04,,,,241.21
2008-06-11,,,,237.88
2008-06-18,,,,238.39
2008-06-25,,,,233.39
2008-07-02,,,,240.39
2008-07-09,,,,240.47
2008-07-16,,,,238.32
2008-07-23,,,,227.38
2008-07-30,,,,225.97
2008-08-06,,,,216.14
2008-08-13,,,,209.26
2008-08-20,,,,208.12
2008-08-27,,,,208.12
2008-09-03,,,,202.93
2008-09-10,,,,202.09
2008-09-17,,,,200.4
2008-09-24,,,,189.97
2008-10-01,,,,182.35
2008-10-08,,,,178.31
2008-10-15,,,,167.64
2008-10-22,,,,163.63
2008-10-29,,,,161.85
2008-11-05,,,,161.68
2008-11-12,,,,161.55
2008-11-19,,,,166.55
2008-11-26,,,,165.5
2008-12-03,,,,158.5
2008-12-10,,,,155.66
2008-12-17,,,,156.99
2008-12-24,,,,155.1
2008-12-31,,,,153.43
2009-01-07,,,,156.77
2009-01-14,,,,156.95
2009-01-21,,,,155.59
2009-01-28,,,,155.57
2009-02-04,,,,160.29
2009-02-11,,,,160.29
2009-02-18,,,,157.48
2009-02-25,,,,155.81
2009-03-04,,,,156.84
2009-03-11,,,,156.84
2009-03-18,,,,156.86
2009-03-25,,,,159.32
2009-04-01,,,,159.66
2009-04-08,,,,159.66
2009-04-15,,,,159.1
2009-04-22,,,,159.1
2009-04-29,,,,159.66
2009-05-06,,,,162.08
2009-05-13,,,,162.08
2009-05-20,,,,162.31
2009-05-27,,,,163.53
2009-06-03,,,,167.84
2009-06-10,,,,177.17
2009-06-17,,,,179.67
2009-06-24,,,,179.67
2009-07-01,,,,181.32
2009-07-08,,,,176.71
2009-07-15,,,,176.11
2009-07-22,,,,168.99
2009-07-29,,,,165.84
2009-08-05,,,,153.51
2009-08-12,,,,148.51
2009-08-19,,,,148.51
2009-08-26,,,,142.51
2009-09-02,,,,138.34
2009-09-09,,,,141.17
2009-09-16,,,,138.51
2009-09-23,,,,138.84
2009-09-30,,,,135.17
2009-10-07,,,,138.51
2009-10-14,,,,140.51
2009-10-21,,,,140.67
2009-10-28,,,,143.67
2009-11-04,,,,143.67
2009-11-11,,,,142.51
2009-11-18,,,,143.34
2009-11-25,,,,143.34
2009-12-02,,,,138.67
2009-12-09,,,,140.01
2009-12-16,,,,140.01
2009-12-23,,,,140.01
2009-12-30,,,,138.92
2010-01-06,,,,143.51
2010-01-13,,,,141.01
2010-01-20,,,,137.67
2010-01-27,,,,136.01
2010-02-03,,,,136.01
2010-02-10,,,,136.01
2010-02-17,,,,132.01
2010-02-24,,,,132.01
2010-03-03,,,,131.84
2010-03-10,,,,133.34
2010-03-17,,,,131.51
2010-03-24,,,,132.67
2010-03-31,,,,132.67
2010-04-07,,,,132.67
2010-04-14,,,,131.67
2010-04-21,,,,130.67
2010-04-28,,,,129.34
2010-05-05,,,,131.67
2010-05-12,,,,129.34
2010-05-19,,,,125.75
2010-05-26,,,,133
2010-06-02,,,,130.33
2010-06-09,,,,132.66
2010-06-16,,,,132.66
2010-06-23,,,,136.01
2010-06-30,,,,138.71
2010-07-07,,,,137.37
2010-07-14,,,,137.04
2010-07-21,,,,138.71
2010-07-28,,,,153
2010-08-04,,,,139.71
2010-08-11,,,,144.97
2010-08-18,,,,150.54
2010-08-25,,,,154.54
2010-09-01,,,,144.97
2010-09-08,,,,144.97
2010-09-15,,,,144.97
2010-09-22,,,,150.66
2010-09-29,,,,143.97
2010-10-06,,,,150.91
2010-10-13,,,,149.07
2010-10-20,,,,152.91
2010-10-27,,,,154.79
2010-11-03,,,,158.07
2010-11-10,,,,156.91
2010-11-17,,,,156.91
2010-11-24,,,,162.24
2010-12-01,,,,161.2
2010-12-08,,,,162.87
2010-12-15,,,,165.03
2010-12-22,,,,164.4
2010-12-29,,,,166.18
2011-01-05,,,,177.85
2011-01-12,,,,167.81
2011-01-19,,,,169.32
2011-01-26,,,,172.12
2011-02-02,,,,180.82
2011-02-09,,,,184.03
2011-02-16,,,,182.32
2011-02-23,,,,186.32
2011-03-02,,,,186.49
2011-03-09,,,,187.07
2011-03-16,,,,182.41
2011-03-23,,,,182.41
2011-03-30,,,,182.07
2011-04-06,,,,183.74
2011-04-13,,,,184.66
2011-04-20,,,,187.82
2011-04-27,,,,184.49
2011-05-04,,,,176.07
2011-05-11,,,,190.98
2011-05-18,,,,190.98
2011-05-25,,,,190.98
2011-06-01,,,,206
2011-06-08,,,,194.85
2011-06-15,,,,194.85
2011-06-22,,,,196.52
2011-06-29,,,,191.13
2011-07-06,,,,193.77
2011-07-13,,,,197.44
2011-07-20,,,,198.11
2011-07-27,,,,192.77
2011-08-03,,,,191.11
2011-08-10,,,,190.61
2011-08-17,,,,182.24
2011-08-24,,,,183.91
2011-08-31,,,,187.24
2011-09-07,,,,191.81
2011-09-14,,,,196.92
2011-09-21,,,,193.27
2011-09-28,,,,191.61
2011-10-05,,,,191.61
2011-10-12,,,,191.61
2011-10-19,,,,193.27
2011-10-26,,,,191.61
2011-11-02,,,,191.61
2011-11-09,,,,194.46
2011-11-16,,,,196.28
2011-11-23,,,,199
2011-11-30,,,,198.54
2011-12-07,,,,198.54
2011-12-14,,,,196.87
2011-12-21,,,,190.86
2011-12-28,,,,190.47
2012-01-04,,,,190.46
2012-01-11,,,,195.86
2012-01-18,,,,194.19
2012-01-25,,,,197.66
2012-02-01,,,,199.33
2012-02-08,,,,199.33
2012-02-15,,,,195.15
2012-02-22,,,,200.54
2012-02-29,,,,202.82
2012-03-07,,,,195.15
2012-03-14,,,,208.56
2012-03-21,,,,208.56
2012-03-28,,,,210.23
2012-04-04,,,,212.85
2012-04-11,,,,212.08
2012-04-18,,,,212.08
2012-04-25,,,,217.75
2012-05-02,,,,212.08
2012-05-09,,,,216.16
2012-05-16,,,,224.02
2012-05-23,,,,227.37
2012-05-30,,,,222.37
2012-06-06,,,,220.71
2012-06-13,,,,224.04
2012-06-20,,,,220.71
2012-06-27,,,,224.04
2012-07-04,,,,223.11
2012-07-11,,,,224.78
2012-07-18,,,,230.59
2012-07-25,,,,230.59
2012-08-01,,,,232.15
2012-08-08,,,,239.7
2012-08-15,,,,232.21
2012-08-22,,,,232.21
2012-08-29,,,,237.21
2012-09-05,,,,254.54
2012-09-12,,,,248.03
2012-09-19,,,,255.7
2012-09-26,,,,245.52
2012-10-03,,,,248.85
2012-10-10,,,,256.52
2012-10-17,,,,248.85
2012-10-24,,,,250.52
2012-10-31,,,,260.04
2012-11-07,,,,256.86
2012-11-14,,,,254.51
2012-11-21,,,,266.86
2012-11-28,,,,271.18
2012-12-05,,,,261.23
2012-12-12,,,,275.56
2012-12-19,,,,263.51
2012-12-26,,,,271.41
2013-01-02,,,,266.93
2013-01-09,,,,263.08
2013-01-16,,,,257.02
2013-01-23,,,,269.64
2013-01-30,,,,262.77
2013-02-06,,,,264.11
2013-02-13,,,,261.75
2013-02-20,,,,263.42
2013-02-27,,,,258.06
2013-03-06,,,,258.44
2013-03-13,,,,260.11
2013-03-20,,,,261.76
2013-03-27,,,,262.14
2013-04-03,,,,249.61
2013-04-10,,,,250.95
2013-04-17,,,,253.93
2013-04-24,,,,257.71
2013-05-01,,,,255.65
2013-05-08,,,,257.18
2013-05-15,,,,256.76
2013-05-22,,,,260.34
2013-05-29,,,,263.62
2013-06-05,,,,260.38
2013-06-12,,,,254.31
2013-06-19,,,,249.93
2013-06-26,,,,249.93
2013-07-03,,,,251.54
2013-07-10,,,,244.26
2013-07-17,,,,238.6
2013-07-24,,,,218.96
2013-07-31,,,,206.17
2013-08-07,,,,202.23
2013-08-14,,,,208.89
2013-08-21,,,,209.04
2013-08-28,,,,207.2
2013-09-04,,,,201.2
2013-09-11,,,,185.91
2013-09-18,,,,165.16
2013-09-25,,,,156.17
2013-10-02,,,,156.97
2013-10-09,,,,155.35
2013-10-16,,,,156.35
2013-10-23,,,,156.35
2013-10-30,,,,154.44
2013-11-06,,,,159.1
2013-11-13,,,,159.1
2013-11-20,,,,157.11
2013-11-27,,,,152.88
2013-12-04,,,,150.92
2013-12-11,,,,147.05
2013-12-18,,,,145.63
2013-12-25,,,,130.58
2014-01-01,,,,131.84
2014-01-08,,,,129.49
2014-01-15,,,,124.79
2014-01-22,,,,117.09
2014-01-29,,,,114.35
2014-02-05,,,,117.09
2014-02-12,,,,118.56
2014-02-19,,,,114.46
2014-02-26,,,,114.46
2014-03-05,,,,119.4
2014-03-12,,,,119.77
2014-03-19,,,,124.87
2014-03-26,,,,125.6
2014-04-02,191.78,149.77,206.39,136.41
2014-04-09,189.29,169.81,194.35,139.47
2014-04-16,197.5,139.34,206.39,144.37
2014-04-23,202,139.22,203.33,138.24
2014-04-30,215.59,156.4,203.33,143.58
2014-05-07,227.1,160.36,213.61,152.76
2014-05-14,218.99,145.89,208.52,157.43
2014-05-21,204.08,128.89,208.52,157.43
2014-05-28,199.39,115.83,208.52,164.29
2014-06-04,193.52,155.91,226.83,145.62
2014-06-11,188.24,150.26,223.79,144.88
2014-06-18,192.05,156.98,223.79,144.88
2014-06-25,180.26,151.97,218.28,145.58
2014-07-02,178.34,142.68,232.03,137.71
2014-07-09,174.84,136.81,238.95,142.02
2014-07-16,176.06,137.3,238.95,142.09
2014-07-23,169.56,130.88,243.51,142.09
2014-07-30,172.91,147.16,254.44,135.45
2014-08-06,189.64,168.04,251.91,136.85
2014-08-13,179.37,151.52,251.91,136.85
2014-08-20,183.37,158.28,251.91,135.85
2014-08-27,183.91,158.2,263.62,135.12
2014-09-03,185.32,154.23,266.61,135.12
2014-09-10,187.63,156.22,256.97,135.12
2014-09-17,178.19,145.06,287.28,134.38
2014-09-24,176.79,150.87,296.7,131.07
2014-10-01,188.06,148.15,300.6,131.17
2014-10-08,200.54,149.53,310.25,129.73
2014-10-15,205.67,155.7,327.79,131.2
2014-10-22,217.74,160.02,341.57,133.04
2014-10-29,220.26,158.97,346.3,133.04
2014-11-05,222.7,156.72,364.67,141.95
2014-11-12,223.28,164.16,368.09,147.46
2014-11-19,218.5,166.95,364.67,150.03
2014-11-26,224.31,176.55,364.67,151.03
2014-12-03,227.65,175.56,366.71,160.04
2014-12-10,222.38,169.3,366.71,162.17
2014-12-17,231.73,188.76,366.71,163.35
2014-12-24,207.9,169.92,366.71,157.91
2014-12-31,202.28,161.74,366.71,156
2015-01-07,206.9,164.35,368.08,159.29
2015-01-14,197.94,165.22,368.08,159.29
2015-01-21,200.86,179.47,368.08,152.24
2015-01-28,193.54,168.69,368.08,152.61
2015-02-04,204.7,180.51,361.84,156.51
2015-02-11,210.62,184.88,358.95,156.51
2015-02-18,207.64,177.48,358.95,156.51
2015-02-25,193.92,167.26,342,156.51
2015-03-04,196.73,165.31,324.46,157.84
2015-03-11,203.33,176.13,324.46,151.84
2015-03-18,206.29,180.78,324.46,149.63
2015-03-25,204.29,181.95,324.46,149.63
2015-04-01,213.48,186.67,313.42,154.46
2015-04-08,208.8,182.01,313.42,153.98
2015-04-15,194.99,158.33,300.55,153.7
2015-04-22,193.05,152.95,298.62,151.05
2015-04-29,184.77,152.7,298.62,142.11
2015-05-06,188.04,153.63,293.77,144.73
2015-05-13,189.15,153.85,292.81,144.33
2015-05-20,207.74,174.5,292.04,145.12
2015-05-27,200.97,160.92,292.04,143.61
2015-06-03,214,176.81,289.71,149.59
2015-06-10,212.5,167.77,290.5,155.58
2015-06-17,203.12,155.22,289.71,148.85
2015-06-24,211.74,163.14,289.72,150.47
2015-07-01,238.08,195.87,288.09,169.44
2015-07-08,238.22,199.16,292.99,182.36
2015-07-15,235.19,194.82,309.52,173.65
2015-07-22,225.1,188.5,309.52,171.09
2015-07-29,219.83,187.08,326,161.02
2015-08-05,223.01,190.82,316.98,155.04
2015-08-12,209.57,179.36,356.56,169.6
2015-08-19,211.13,179.81,322.97,179.95
2015-08-26,212.12,193.36,323.28,178.15
2015-09-02,214.33,190.42,329.65,180.82
2015-09-09,214.01,192.39,331.64,180.57
2015-09-16,222.71,191.48,325.17,182.33
2015-09-23,221.79,197.31,327.15,175.75
2015-09-30,232.06,201.16,322.64,165.99
2015-10-07,230.6,198.71,324.53,171.21
2015-10-14,225.09,193.71,318.72,173.75
2015-10-21,221.48,186.54,318.93,179.56
2015-10-28,226.68,191.62,310.45,178.55
2015-11-04,234.14,195.25,296.43,182.24
2015-11-11,227.06,184.82,294.15,178.72
2015-11-18,229.65,189.41,296.04,178.23
2015-11-25,228.64,189.05,296.37,178.41
2015-12-02,233.02,190.93,299.92,180.51
2015-12-09,233.96,199.3,300.32,185.54
2015-12-16,231.5,202.23,299.46,183.7
2015-12-23,225.84,194.7,302.23,183.39
2015-12-30,225.28,195.93,302.07,182.98
2016-01-06,225.92,193.45,317.77,185.18
2016-01-13,234.86,203.4,321.34,183.54
2016-01-20,236.99,202.93,323.96,184.64
2016-01-27,231.04,197.53,316.39,186.7
2016-02-03,228.71,192.15,309.96,191.01
2016-02-10,224.97,181.66,306.06,188.77
2016-02-17,226.07,184,308.37,189.26
2016-02-24,228.2,188.68,309.89,186.95
2016-03-02,224.05,191.98,292.52,190.06
2016-03-09,227.22,199.28,289.46,190.31
2016-03-16,228.08,202.91,284.53,191.38
2016-03-23,224.97,199.49,281.45,191.4
2016-03-30,227.33,201.41,282.15,191.29
2016-04-06,229.1,200.69,283.79,192.24
2016-04-13,227.12,193.89,284.94,193.38
2016-04-20,237.54,207.68,284.24,194.95
2016-04-27,229.62,198.66,283.74,189.16
2016-05-04,234.68,198.26,287.01,192.74
2016-05-11,227.4,194.07,287.98,180.16
2016-05-18,236.06,199.81,290.95,188.47
2016-05-25,230.25,200.58,297.37,189.43
2016-06-01,232.33,199.33,293.99,191.09
2016-06-08,235.94,208.16,290.79,193.71
2016-06-15,229.84,197.82,291.63,191.96
2016-06-22,222.3,185.22,288.77,183.51
2016-06-29,213.15,174.35,280.44,176.21
2016-07-06,208.43,169.11,272.92,167.81
2016-07-13,205.1,173.38,269.56,176.08
2016-07-20,200.87,166.26,261.65,164.8
2016-07-27,201.86,172.16,259,157.88
2016-08-03,200.42,160.98,249.19,152.52
2016-08-10,203.92,162.08,248.69,152.34
2016-08-17,210.02,162.23,249.24,150.32
2016-08-24,206.84,158.21,249.78,149.95
2016-08-31,197.66,146.52,249.68,147.24
2016-09-07,201.05,154,251.87,150.91
2016-09-14,203.58,160.07,256.33,147.05
2016-09-21,209.43,161.66,268.03,152.2
2016-09-28,212.57,160.49,268.65,147.42
2016-10-05,220.88,154.9,271.14,149.18
2016-10-12,220.94,155.33,287.91,145.14
2016-10-19,223.33,173.29,296.42,152.86
2016-10-26,227.62,167.51,298.73,151.39
2016-11-02,225.86,168.93,303.99,149.55
2016-11-09,224.87,173.42,310.34,147.71
2016-11-16,226.28,160.48,313.43,172.01
2016-11-23,230.49,167.65,305.89,169.22
2016-11-30,232.1,157.53,299.91,169.03
2016-12-07,227.08,150.94,301.17,170.69
2016-12-14,233.55,158.92,297.68,171.24
2016-12-21,233.24,155.62,298.92,168.67
2016-12-28,230.79,157.77,298.62,169.22
2017-01-04,231.99,163.91,301,171.05
2017-01-11,232.32,160.7,296.36,165.3
2017-01-18,232.49,166.1,293.03,166.51
2017-01-25,224.94,159.75,285.36,159.94
2017-02-01,225.99,157.37,276.79,158.35
2017-02-08,231.53,162.07,272.93,158.72
2017-02-15,233.17,166.28,271.46,157.37
2017-02-22,224.22,161.14,262.6,157.37
2017-03-01,233.59,168.61,266.86,151.25
2017-03-08,230.09,169.15,266.89,145.13
2017-03-15,230.03,158.84,278.11,145.13
2017-03-22,227.75,153.78,266.31,145.13
2017-03-29,231.33,148.17,262.98,145.13
2017-04-05,227.58,153.81,259.08,145.99
2017-04-12,226.47,141.83,257.33,144.76
2017-04-19,233.21,140.32,257.77,144.76
2017-04-26,237.84,150.53,258.87,140.47
2017-05-03,244.43,178.12,260.69,141.09
2017-05-10,225.29,164.5,260.66,148.43
2017-05-17,233.68,171.47,262.23,148.43
2017-05-24,238.4,159.22,265.98,148.43
2017-05-31,245.45,160.33,266.37,148.43
2017-06-07,258.17,166.4,266.96,148.43
2017-06-14,265.64,176.79,266.72,148.43
2017-06-21,273.28,185.81,267.33,148.43
2017-06-28,286.16,179.08,265.35,148.43
2017-07-05,318.78,208.89,270.41,150.27
2017-07-12,293.4,213.82,275.73,153.33
2017-07-19,286.23,195.47,286.54,154.56
2017-07-26,263.1,179.62,297.3,154.56
2017-08-02,269.18,169.04,291.78,158.26
2017-08-09,276.64,173.37,303.63,158.26
2017-08-16,248.61,153.15,303.47,153.33
2017-08-23,238.68,148.02,294.13,150.88
2017-08-30,241.24,151.92,285.53,150.88
2017-09-06,231.39,157.41,272.55,150.88
2017-09-13,230.39,160.02,263.76,150.88
2017-09-20,223.51,170.22,263.68,150.88
2017-09-27,239.38,175.43,264.58,150.88
2017-10-04,228.81,164.84,259.34,155.78
2017-10-11,232.56,163.52,261.04,155.78
2017-10-18,229.89,162.52,257.23,155.78
2017-10-25,242.17,172.77,257.35,155.78
2017-11-01,245.91,161.18,265.29,156.4
2017-11-08,252.6,164.31,269.94,156.4
2017-11-15,247.46,160.38,270.74,158.23
2017-11-22,247.19,172.31,270.36,161.62
2017-11-29,241.63,170.75,267.1,161.62
2017-12-06,238.46,168.35,267.29,162.23
2017-12-13,238.3,169.62,266.95,162.65
2017-12-20,241.17,174.12,267.06,162.65
2017-12-27,237.87,171.99,265.6,162.65
2018-01-03,237.73,179.9,266.69,172.23
2018-01-10,241.89,178.38,267.39,172.23
2018-01-17,234.81,177.84,266.65,172.23
2018-01-24,231.5,178.86,266.55,172.23
2018-01-31,231.04,191.02,261.81,172.23
2018-02-07,237.86,197.77,263.25,174.07
2018-02-14,231.43,196.07,257.18,174.07
2018-02-21,235.94,197.59,256.45,171.31
2018-02-28,241.83,206.29,254.48,171.31
2018-03-07,238.29,208.35,256.42,174.07
2018-03-14,238.74,203.24,256.56,174.07
2018-03-21,233.54,176.81,257.76,174.07
2018-03-28,233.41,179.51,257.02,169.47
2018-04-04,227.99,190.61,258.29,169.47
2018-04-11,248.18,201.22,254.21,169.47
2018-04-18,245.56,190.8,252.12,169.47
2018-04-25,242.29,202.45,248.22,169.47
2018-05-02,249.81,213.53,249.59,179.36
2018-05-09,243.09,199.75,250.88,179.36
2018-05-16,243.15,201.49,250.81,179.36
2018-05-23,258.24,221.61,252.35,179.36
2018-05-30,243.61,217.7,252.86,179.36
2018-06-06,240.81,218.58,252.18,192.22
2018-06-13,238.19,213.42,251.54,192.22
2018-06-20,228.54,205.45,251.89,192.22
2018-06-27,221.76,187.76,251.17,187.62
2018-07-04,220.87,190.92,250.41,187.62
2018-07-11,217.87,185.63,250.01,187.62
2018-07-18,218.64,188.85,248.28,187.62
2018-07-25,241.6,211.87,248.12,187.62
2018-08-01,247.1,215.45,246.15,183.95
2018-08-08,260.33,225.94,246.25,183.95
2018-08-15,244.64,210.9,247.89,183.95
2018-08-22,248.02,206.59,248.44,183.95
2018-08-29,240.22,209.13,242.94,192.22
2018-09-05,242.04,205.31,241.95,192.22
2018-09-12,230.11,192.81,234.34,201.4
2018-09-19,240.41,201.93,221.17,186.93
2018-09-26,239.73,203.92,212.89,186.93
2018-10-03,242.35,205.69,212.91,186.01
2018-10-10,247.62,207.6,214.91,184.17
2018-10-17,250.83,210.74,214.19,180.5
2018-10-24,246.72,203.74,214.31,178.66
2018-10-31,248.55,205.15,213.8,181.42
2018-11-07,251.87,209.42,215.16,187.39
2018-11-14,251.78,204.4,215.86,187.39
2018-11-21,250.59,199.56,212.96,183.72
2018-11-28,253.04,216.28,212.99,183.72
2018-12-05,256.7,223.3,214.53,187.39
2018-12-12,259.84,227.64,215.46,187.39
2018-12-19,254.69,227.14,222.4,187.39
2018-12-26,249.03,222.41,222.56,187.39
2019-01-02,250.52,222.7,223.03,187.39
2019-01-09,251.06,224.29,223.45,205.77
2019-01-16,249.06,220.36,224.08,207.6
2019-01-23,254.44,229.4,224.57,207.6
2019-01-30,251.31,223.52,231.64,207.6
2019-02-06,251.86,227.46,232.64,213.12
2019-02-13,253.66,220.22,235.72,213.12
2019-02-20,240.48,201.05,235,213.12
2019-02-27,243.43,195.81,234.16,213.12
2019-03-06,250.14,202.17,232.33,216.79
2019-03-13,245.69,210.24,234.36,216.79
2019-03-20,253.82,213.87,234.41,216.79
2019-03-27,250.24,214.84,233.28,213.12
2019-04-03,239.8,212.92,233.55,209.44
2019-04-10,240.27,209.82,235.41,209.44
2019-04-17,234.51,201.54,235.68,209.44
2019-04-24,228.45,197.46,235.81,203.93
2019-05-01,225.05,196.77,236.3,203.93
2019-05-08,233.52,203.14,237.96,203.93
2019-05-15,228.47,214.83,237.53,203.93
2019-05-22,239.23,214.88,238.3,203.93
2019-05-29,245.24,228.88,238.3,203.93
2019-06-05,240.8,219.8,238.34,205.77
2019-06-12,246.38,228.98,240.39,205.77
2019-06-19,230.7,216.92,240.93,216.79
2019-06-26,231.35,214.4,240.2,216.79
2019-07-03,225.41,205.42,234.46,213.12
2019-07-10,223.29,206.49,240.48,213.12
2019-07-17,222.31,204.01,240.99,213.12
2019-07-24,220.81,203.79,241.13,202.09
2019-07-31,223.24,199.62,239.73,198.42
2019-08-07,215.45,176.42,233.81,183.72
2019-08-14,206.46,160.39,234.5,169.02
2019-08-21,207.23,160.48,234.61,169.02
2019-08-28,205.51,166.45,234.4,169.02
2019-09-04,193.62,161.81,239.92,176.37
2019-09-11,200.04,168.86,239.88,176.37
2019-09-18,205.47,172.3,245.25,176.37
2019-09-25,223.57,172.34,248.35,176.37
2019-10-02,216.96,174.8,267.5,165.35
2019-10-09,226.37,177.61,267.5,158
2019-10-16,226.21,181.76,267.33,158
2019-10-23,219.67,178.58,270.21,158
2019-10-30,217.99,178.48,267.17,158
2019-11-06,219.13,181.41,268.4,159.84
2019-11-13,218.93,184.28,267.08,159.84
2019-11-20,213.23,178.71,265.81,159.84
2019-11-27,210.02,181.46,265.82,159.84
2019-12-04,214.42,182.31,268.84,161.67
2019-12-11,215.61,180.77,266.12,161.67
2019-12-18,222.2,194.72,266.12,161.67
2019-12-25,224.81,198.22,266.59,161.67
2020-01-01,228.51,196.19,266.76,171.78
2020-01-08,228.6,203.32,267.13,180.04
2020-01-15,233.4,207.19,267.17,180.04
2020-01-22,231.96,209.3,267.38,180.04
2020-01-29,226.71,197.4,267.43,180.04
2020-02-05,229.63,200.13,267.67,180.04
2020-02-12,228.08,199.58,266.84,180.04
2020-02-19,229.68,200.92,266.78,180.96
2020-02-26,222.37,188.45,266.9,180.96
2020-03-04,226.78,190.44,268.72,180.96
2020-03-11,224.88,188.27,271.97,180.04
2020-03-18,233.7,201.34,272.51,180.04
2020-03-25,236.24,212.64,275.66,184.94
2020-04-01,231.81,203.7,280.36,186.93
2020-04-08,231.15,205.65,280.09,185.55
2020-04-15,224.06,207.09,280.55,185.55
2020-04-22,223.2,211.3,280.7,188.31
2020-04-29,222.55,203.98,280.27,183.72
2020-05-06,228.43,209.39,281,183.72
2020-05-13,229.06,198.77,281.96,175.14
2020-05-20,229.5,209.14,280.26,178.21
2020-05-27,228.5,206.39,278.37,178.21
2020-06-03,227.65,203.9,278.28,186.17
2020-06-10,228.39,203.33,276.75,186.17
2020-06-17,231.76,196.05,279.24,186.17
2020-06-24,231.92,202.29,279.31,183.72
2020-07-01,228.15,203.94,278.16,184.33
2020-07-08,228.66,207.65,277.08,183.72
2020-07-15,236.68,212.48,275.58,183.72
2020-07-22,224.86,204.88,274.17,184.94
2020-07-29,222.44,200.36,273.27,181.88
2020-08-05,214.97,189.52,269.51,180.04
2020-08-12,212.33,184.65,269.85,179.11
2020-08-19,215.22,188.81,269.7,151.57
2020-08-26,221.61,195.8,266.28,187.57
2020-09-02,223.13,198.59,269.26,172.69
2020-09-09,219.04,196.93,269.48,180.96
2020-09-16,218.36,199.07,265.53,183.72
2020-09-23,223.25,205.63,268.5,185.55
2020-09-30,232.51,219.09,271.09,192.9
2020-10-07,235.1,225.64,277.69,192.9
2020-10-14,230.5,217.78,280.39,202.09
2020-10-21,247.07,228.35,280.36,211.27
2020-10-28,235.57,218.47,283.59,234.24
2020-11-04,232.8,220.56,290.54,225.83
2020-11-11,235.52,221.05,287.9,225.83
2020-11-18,240.53,226.04,285.6,216.77
2020-11-25,236.96,217.63,293.52,216.77
2020-12-02,238.17,219.31,296.3,236.08
2020-12-09,237.39,215.77,296.66,229.65
2020-12-16,237.75,219.05,294.07,229.65
2020-12-23,250.15,236.55,295.39,229.65
2020-12-30,254.94,237.85,295.24,229.65
2021-01-06,258.08,238.9,298.78,229.65
2021-01-13,258.08,238.9,298.87,229.65
2021-01-20,268.24,253.27,301.39,229.65
2021-01-27,269.58,255.5,302.74,268.23
2021-02-03,271.47,255.7,308.99,259.04
2021-02-10,272.57,249.52,306.83,266.39
2021-02-17,273.95,252.62,306.85,278.33
2021-02-24,283.02,268.88,305.13,276.49
2021-03-03,285.46,250.21,309.48,275.58
2021-03-10,281.64,222.65,311,270.98
2021-03-17,276.84,258.13,311.14,266.39
2021-03-24,274.3,250.25,307.88,266.39
2021-03-31,269.38,253.78,306.9,266.39
2021-04-07,274.99,252.52,304.71,266.39
2021-04-14,285.67,271.29,305.86,265.47
2021-04-21,281.8,279.6,294.65,265.47
2021-04-28,306.96,300.3,297.86,275.58
2021-05-05,334.7,310.02,292.82,284.76
2021-05-12,313.82,292.79,294.01,293.95
2021-05-19,282.96,265.16,292.12,293.95
2021-05-26,261.56,267.5,292.09,293.95
2021-06-02,323.36,288.86,301.12,266.39
2021-06-09,316.39,293.42,316.34,303.13
2021-06-16,315.7,285.05,316.83,303.13
2021-06-23,330.7,293.23,319.78,291.19
2021-06-30,343.23,294.91,323.02,275.58
2021-07-07,337.85,285.87,323.3,275.58
2021-07-14,365.3,307.45,344.34,321.5
2021-07-21,370.6,322.9,422.54,307.73
2021-07-28,364.32,306.28,452.83,358.25
2021-08-04,362.46,313.54,527.1,358.25
2021-08-11,366.17,316.25,553.16,363.76
2021-08-18,376.82,335.5,576.42,367.43
2021-08-25,374.98,358.06,698.43,376.62
2021-09-01,385.17,345.14,777.53,376.62
2021-09-08,381.31,346.05,720,381.21
2021-09-15,385.33,349.88,617.97,339.88
2021-09-22,390.69,354.8,607.84,353.65
2021-09-29,390.63,358.7,673.86,358.25
2021-10-06,397.78,362.81,683.41,358.25
2021-10-13,404.18,356.05,702.35,358.25
2021-10-20,421.24,374.79,716.94,381.21
2021-10-27,429.57,386.5,728.42,376.62
2021-11-03,443.15,390.19,727.09,381.21
2021-11-10,449.28,401.43,727.5,404.18
2021-11-17,449.63,408.65,727.97,404.18
2021-11-24,464.37,428.54,717.12,413.36
2021-12-01,461.89,412.97,720.35,413.36
2021-12-08,461.3,412.97,720.16,408.77
2021-12-15,460.24,401.99,719.24,408.77
2021-12-22,468.57,425.15,728.57,413.36
2021-12-29,455.71,411.28,728.52,413.36
2022-01-05,429.92,395.98,734.53,413.36
2022-01-12,414.69,387.31,731.44,431.73
2022-01-19,423.56,384.75,691.04,417.96
2022-01-26,419.44,388.47,696.72,385.81
2022-02-02,417.35,376.7,672.23,387.64
2022-02-09,439.38,394.4,566.28,394.99
2022-02-16,434.65,390.83,562.87,394.99
2022-02-23,455.2,428.57,560.92,394.99
2022-03-02,458.64,409.2,561.34,422.55
2022-03-09,465.62,409.88,564.03,436.33
2022-03-16,460.93,410.31,563.65,436.33
2022-03-23,476.58,426.32,563.1,419.79
2022-03-30,464.23,405.22,564.62,454.7
2022-04-06,488.59,427.45,566.13,417.96
2022-04-13,514.26,460.26,563.64,427.14
2022-04-20,511.97,456.61,565.94,473.07
2022-04-27,534.76,463.46,560.03,464.8
2022-05-04,522.32,456.37,559.83,477.66
2022-05-11,582.62,521.05,562.48,477.66
2022-05-18,590.71,533.58,587.76,477.66
2022-05-25,553.8,495.98,589.28,551.15
2022-06-01,509.13,454.17,601.67,540.13
2022-06-08,521.12,460.21,600.21,540.13
2022-06-15,524.61,470.32,604.1,476.66
2022-06-22,479.66,433.05,584.15,463.88
2022-06-29,451.78,409.74,555.01,463.88
2022-07-06,405.35,358,478.66,463.88
2022-07-13,409.35,362.37,448.83,339.88
2022-07-20,418.5,363,448.62,358.25
2022-07-27,407.32,367.21,425.27,358.25
2022-08-03,377.1,349.19,425.7,358.25
2022-08-10,390.98,362.23,425.51,358.25
2022-08-17,385.72,358.19,425.63,349.06
2022-08-24,385.72,355.35,410.33,349.06
2022-08-31,393.6,373.23,402.54,364.51
2022-09-07,380.3,363.73,394.72,364.06
2022-09-14,394.94,382.82,397.59,330.69
2022-09-21,414.02,398.69,402.78,321.5
2022-09-28,425.3,411.05,426.67,321.5
2022-10-05,433.75,416.36,445.04,321.5
2022-10-12,430.4,409.93,462.54,394.99
2022-10-19,425.42,402.74,482.98,394.99
2022-10-26,430.16,408.4,491.6,394.99
2022-11-02,430.04,412.91,493.85,303.13
2022-11-09,425.47,403.74,498.77,431.73
2022-11-16,428.56,407.87,498.28,353.65
2022-11-23,432.92,419.5,494.86,353.65
2022-11-30,425.49,410.28,491.09,353.65
2022-12-07,416.9,393.2,493.21,358.25
2022-12-14,418.67,393.75,495.62,376.62
2022-12-21,428.82,403.98,496.72,367.43
2022-12-28,428.97,410.16,496.69,376.62
2023-01-04,418.27,396.34,497.21,376.62
2023-01-11,412.09,385.51,492.67,376.62
2023-01-18,414.9,394.19,489.4,376.62
2023-01-25,413.16,392.68,455.34,362.84
2023-02-01,415.39,402.4,446.48,362.84
2023-02-08,417.73,405.69,444.18,362.84
2023-02-15,414.58,397.53,450.12,358.25
2023-02-22,413.72,396.05,455.2,373.86
2023-03-01,399.38,375.15,457.43,376.62
2023-03-08,397.48,374.49,459.61,385.81
2023-03-15,399.62,383.09,455.56,376.62
